gene_id,tumour_type,SHEF21,SHEF22,SHEF24,SHEF25,SHEF1,SHEF2,SHEF3,SHEF4,SHEF5,log2FoldChange,pvalue,padj,gene_name,gene_chr,gene_start,gene_end,gene_strand,gene_length,gene_biotype,gene_description,tf_family,-log10(padj)
ENSMUSG00000022797,"NHL,N.A.",1165.924643,978.357553,1177.392225,1997.213206,2734.557635,1852.121001,2174.946131,2310.240683,2492.781041,-0.798397875,0.001002698,0.10674322,Tfrc,16,32608920,32632794,+,6185,protein_coding,transferrin receptor [Source:MGI Symbol;Acc:MGI:98822],-,0.971659699
ENSMUSG00000008682,"T-ALL,N.A.",5162.219411,6170.847969,7426.464988,3835.453357,3330.284406,3756.124883,3822.868942,3534.728565,3670.94709,0.640685334,0.002021826,0.123860916,Rpl10,X,74270812,74273135,+,2053,protein_coding,ribosomal protein L10 [Source:MGI Symbol;Acc:MGI:105943],-,0.907065712
ENSMUSG00000015968,"adrenal aldosterone producing adenoma,N.A.",799.2589536,646.5106991,554.8143219,1264.475332,1437.337732,1199.179823,1338.171262,1490.899449,1494.351187,-0.769550132,0.002328427,0.127302731,Cacna1d,14,30039939,30491455,-,12621,protein_coding,"calcium channel, voltage-dependent, L type, alpha 1D subunit [Source:MGI Symbol;Acc:MGI:88293]",-,0.89516228
ENSMUSG00000006586,"AML,N.A.",504.8426611,365.1389331,320.8182052,556.4056918,664.4297064,572.6695483,738.7240188,675.579521,749.998675,-0.637949005,0.002771419,0.132711948,Runx1t1,4,13743436,13893649,+,7959,protein_coding,"runt-related transcription factor 1; translocated to, 1 (cyclin D-related) [Source:MGI Symbol;Acc:MGI:104793]",-,0.877089975
ENSMUSG00000021466,"skin basal cell, medulloblastoma",1080.128484,666.9155219,603.5193959,1394.211963,3702.726636,1635.779171,1471.876967,1477.830202,1562.105145,-1.073191592,0.00279358,0.132711948,Ptch1,13,63508328,63573598,-,14185,protein_coding,patched 1 [Source:MGI Symbol;Acc:MGI:105373],-,0.877089975
ENSMUSG00000068036,"AL,N.A.",1842.359622,1311.278345,1218.685657,2593.81898,3178.414759,2647.005912,2841.246226,2809.888037,2846.607267,-0.717728773,0.003017793,0.133971036,Afdn,17,13760539,13906150,+,10223,protein_coding,"afadin, adherens junction formation factor [Source:MGI Symbol;Acc:MGI:1314653]",-,0.872989085
ENSMUSG00000040592,"DLBCL, WM,N.A.",5.41870477,11.81331842,8.470447662,10.05002071,3.61594398,0.978922305,2.228428413,0,0,2.702069126,0.003424916,1,Cd79b,11,106311341,106314762,-,1431,protein_coding,CD79B antigen [Source:MGI Symbol;Acc:MGI:96431],-,0
ENSMUSG00000002028,"AML, ALL,N.A.",2222.572073,2234.865058,1991.614007,4672.34599,4675.415567,4303.342452,5119.814278,4709.95544,5093.78021,-0.781758919,0.003599454,0.137999743,Kmt2a,9,44803355,44881296,-,16670,protein_coding,lysine (K)-specific methyltransferase 2A [Source:MGI Symbol;Acc:MGI:96995],-,0.860121722
ENSMUSG00000047146,"AML,N.A.",144.4987939,83.767167,80.46925279,278.659665,387.8099919,234.9413531,329.8074051,279.4808137,297.3645938,-1.05644458,0.003969177,0.137999743,Tet1,10,62804570,62908996,-,15457,protein_coding,tet methylcytosine dioxygenase 1 [Source:MGI Symbol;Acc:MGI:1098693],-,0.860121722
ENSMUSG00000033306,"lipoma, leukaemia,N.A.",123.7270923,100.9501756,128.1155209,285.0551328,325.4349582,227.1099747,305.2946925,290.5394071,351.9441712,-0.910414309,0.004258921,0.138635569,Lpp,16,24393507,24992578,+,22046,protein_coding,LIM domain containing preferred translocation partner in lipoma [Source:MGI Symbol;Acc:MGI:2441849],-,0.858125331
ENSMUSG00000002413,"melanoma, colorectal, papillary thyroid, borderline ovarian, NSCLC, cholangiocarcinoma, pilocytic astrocytoma,N.A.",2348.1054,2001.820504,2129.258781,3696.580343,4670.895637,2953.408593,4452.399968,3972.045666,4351.309753,-0.681377468,0.00428451,0.138635569,Braf,6,39603237,39725463,-,13862,protein_coding,Braf transforming gene [Source:MGI Symbol;Acc:MGI:88190],-,0.858125331
ENSMUSG00000042548,"MDS, CMML,N.A.",922.0829284,735.6475563,786.6928266,1207.829761,1805.260032,1135.549874,1355.998689,1325.020549,1377.663815,-0.616241067,0.004303274,0.13875417,Asxl1,2,153345829,153404007,+,7444,protein_coding,additional sex combs like 1 [Source:MGI Symbol;Acc:MGI:2684063],-,0.857753957
ENSMUSG00000066687,"APL,N.A.",1223.724161,982.6533052,1037.629839,1483.748512,1674.182063,1735.629246,1557.67146,1860.859663,1528.228166,-0.499424239,0.004314337,0.138853294,Zbtb16,9,48654297,48836222,-,5283,protein_coding,zinc finger and BTB domain containing 16 [Source:MGI Symbol;Acc:MGI:103222],ZBTB,0.857443812
ENSMUSG00000045482,"melanoma,N.A.",2453.770143,2194.055413,2259.491914,3939.608117,4254.158093,3335.188292,4573.849317,4201.260146,4476.46637,-0.620058181,0.005342989,0.142747474,Trrap,5,144767732,144859778,+,20859,protein_coding,transformation/transcription domain-associated protein [Source:MGI Symbol;Acc:MGI:2153272],-,0.845431567
ENSMUSG00000041415,"sex cord-stromal tumour, TGCT, embryonal rhabdomyosarcoma,pleuropulmonary blastoma",1000.654148,821.5625994,859.7504377,1772.458197,3250.733638,1494.814359,1784.971159,1869.907603,1719.256687,-0.861772885,0.005523653,0.142984814,Dicer1,12,104687742,104751952,-,16750,protein_coding,"dicer 1, ribonuclease type III [Source:MGI Symbol;Acc:MGI:2177178]",-,0.844710085
ENSMUSG00000021068,"MPN,N.A.",926.5985157,598.1834874,636.3423806,1583.33508,1855.883248,1304.903432,1623.410099,1775.406896,1713.610523,-0.821358339,0.005701284,0.144102522,Nin,12,70011435,70113717,-,17005,protein_coding,ninein [Source:MGI Symbol;Acc:MGI:105108],-,0.841328417
ENSMUSG00000031376,"adrenal aldosterone producing adenoma,N.A.",2565.756709,1523.918077,1666.560578,3471.825335,3413.451117,2693.994183,4518.138607,4313.856733,5480.542388,-0.823788377,0.00615032,0.145571241,Atp2b3,X,73503086,73571005,+,4820,protein_coding,"ATPase, Ca++ transporting, plasma membrane 3 [Source:MGI Symbol;Acc:MGI:1347353]",-,0.836924415
ENSMUSG00000055024,"colorectal, breast, pancreatic, AML, ALL, DLBCL,N.A.",977.1730936,678.7288403,772.9283492,1861.081107,2066.511985,1542.781552,2093.608494,1776.412223,1961.100676,-0.815618765,0.006192932,0.145571241,Ep300,15,81585351,81652077,+,14273,protein_coding,E1A binding protein p300 [Source:MGI Symbol;Acc:MGI:1276116],-,0.836924415
ENSMUSG00000054263,"salivary adenoma,N.A.",903.1174617,748.5348128,691.4002904,1385.075581,1852.267304,1107.161127,1419.508899,1525.080556,1648.679647,-0.696308885,0.006300223,0.145571241,Lifr,15,7090614,7197489,+,10776,protein_coding,leukemia inhibitory factor receptor [Source:MGI Symbol;Acc:MGI:96788],-,0.836924415
ENSMUSG00000050332,"Wilms tumour,N.A.",174.3016701,113.8374321,107.9982077,231.1504762,426.6813897,211.4472178,290.8099079,205.0866403,289.8363763,-0.859164636,0.006421674,0.145571241,Amer1,X,95420318,95444872,-,8496,protein_coding,APC membrane recruitment 1 [Source:MGI Symbol;Acc:MGI:1919595],-,0.836924415
ENSMUSG00000026048,"N.A.,""skin basal cell, skin squamous cell, melanoma""",432.5932642,370.5086233,286.9364146,477.8328027,993.4806086,539.3861899,499.1679644,586.1054475,582.4958341,-0.707449278,0.006990558,0.147338834,Ercc5,1,44147744,44181260,+,5864,protein_coding,"excision repair cross-complementing rodent repair deficiency, complementation group 5 [Source:MGI Symbol;Acc:MGI:103582]",-,0.831682771
ENSMUSG00000014592,"epithelioid haemangioendothelioma,N.A.",7313.445205,5158.124399,5681.552769,7796.075153,11985.95031,7044.324905,9987.816145,9488.273094,9617.29794,-0.569076374,0.007049917,0.147678785,Camta1,4,150917322,151861876,-,14570,protein_coding,calmodulin binding transcription activator 1 [Source:MGI Symbol;Acc:MGI:2140230],CG-1,0.83068189
ENSMUSG00000027823,"AML,N.A.",1523.559158,1064.272596,837.5155126,1500.194,2760.773229,1525.160951,1870.765652,1851.811723,1854.764603,-0.679631593,0.007111125,0.147678785,Gmps,3,63976106,64022579,+,8105,protein_coding,guanine monophosphate synthetase [Source:MGI Symbol;Acc:MGI:2448526],-,0.83068189
ENSMUSG00000040943,"MDS,N.A.",542.7735945,358.6953048,338.8179065,1071.697663,1667.854161,1036.678721,831.2037979,1042.523755,1056.773541,-0.962951853,0.00714314,0.147678785,Tet2,3,133463679,133545139,-,16870,protein_coding,tet methylcytosine dioxygenase 2 [Source:MGI Symbol;Acc:MGI:2443298],-,0.83068189
ENSMUSG00000041147,"breast, ovarian, pancreatic,""breast, ovarian, pancreatic, leukaemia  (FANCB, FANCD1)""",137.2738542,128.8725646,113.2922375,220.1868173,371.538244,200.6790725,213.9291276,229.2144803,249.3722069,-0.753965312,0.007223174,0.147678785,Brca2,5,150522630,150570329,+,13643,protein_coding,"breast cancer 2, early onset [Source:MGI Symbol;Acc:MGI:109337]",-,0.83068189
ENSMUSG00000033237,"hepatocellular carcinoma,N.A.",632.1822232,453.2018522,569.6376053,1161.234211,1579.263533,977.9433825,1269.089981,1139.035115,1073.71203,-0.7781749,0.007353002,0.147678785,Arid2,15,96287518,96404992,+,10737,protein_coding,"AT rich interactive domain 2 (ARID, RFX-like) [Source:MGI Symbol;Acc:MGI:1924294]",ARID,0.83068189
ENSMUSG00000015522,"AML,N.A.",769.4560774,691.6160968,657.5184998,951.0974141,1084.783194,1217.779347,1019.505999,1001.305361,955.1426037,-0.459609079,0.007548911,0.147678785,Arnt,3,95434388,95497240,+,8007,protein_coding,aryl hydrocarbon receptor nuclear translocator [Source:MGI Symbol;Acc:MGI:88071],bHLH,0.83068189
ENSMUSG00000005871,"colorectal, pancreatic, desmoid, hepatoblastoma, glioma, other CNS",4783.813195,3070.388852,2695.719968,8699.663379,8057.227174,7931.228513,9099.787423,8288.918379,10328.7145,-0.860991078,0.00826556,0.148188854,Apc,18,34220924,34322189,+,15753,protein_coding,adenomatosis polyposis coli [Source:MGI Symbol;Acc:MGI:88039],-,0.829184459
ENSMUSG00000021188,"AML,N.A.",864.2834108,591.7398592,664.9301415,1459.080279,1748.308915,1221.695036,1554.328818,1372.270902,1551.753846,-0.734604619,0.008400597,0.148339361,Trip11,12,101834043,101913267,-,10150,protein_coding,thyroid hormone receptor interactor 11 [Source:MGI Symbol;Acc:MGI:1924393],-,0.828743597
ENSMUSG00000027230,"myxofibrosarcoma,N.A.",84.8930414,106.3198658,147.1740281,89.53654811,28.92755184,56.77749368,57.93913873,54.28764008,90.33861079,0.890876059,0.008461932,0.148339361,Creb3l1,2,91982328,92024502,-,2603,protein_coding,cAMP responsive element binding protein 3-like 1 [Source:MGI Symbol;Acc:MGI:1347062],TF_bZIP,0.828743597
ENSMUSG00000013663,"glioma, prostate, endometrial,""harmartoma, glioma, prostate, endometrial""",2390.551921,1400.415202,1515.151326,3801.648742,3981.154322,3545.656588,4102.536708,3861.459732,3876.091019,-0.766297415,0.008479791,0.148339361,Pten,19,32757497,32826160,+,11507,protein_coding,phosphatase and tensin homolog [Source:MGI Symbol;Acc:MGI:109583],-,0.828743597
ENSMUSG00000036111,"T-ALL, neuroblastoma,neuroblastoma",680.0474487,1142.670073,966.6898394,432.1508904,439.3371936,324.0232829,606.1325282,438.3224273,511.9187945,0.795529389,0.008554419,0.148339361,Lmo1,7,109138572,109175207,-,1552,protein_coding,LIM domain only 1 [Source:MGI Symbol;Acc:MGI:102812],-,0.828743597
ENSMUSG00000032228,"extraskeletal myxoid chondrosarcoma,N.A.",727.9126741,439.2406577,526.226561,1220.620697,1449.993536,913.3345103,1460.734824,1285.812809,1245.920007,-0.802606758,0.008735973,0.149228484,Tcf12,9,71842688,72111871,-,15529,protein_coding,transcription factor 12 [Source:MGI Symbol;Acc:MGI:101877],bHLH,0.826148272
ENSMUSG00000029231,"GIST, idiopathic hypereosinophilic syndrome, paediatric glioblastoma,N.A.",895.892522,631.4755666,607.7546198,1466.389385,1290.892001,1591.727668,1279.117909,1586.405482,1763.484965,-0.738182028,0.00890324,0.149422473,Pdgfra,5,75152292,75198215,+,10024,protein_coding,"platelet derived growth factor receptor, alpha polypeptide [Source:MGI Symbol;Acc:MGI:97530]",-,0.825584079
ENSMUSG00000033014,"papillary thyroid,N.A.",1002.460382,832.3019798,885.1617807,1921.381231,2052.952195,1519.287417,2205.029914,1819.641269,1926.28267,-0.71466016,0.00935111,0.150625809,Trim33,3,103279293,103358775,+,9805,protein_coding,tripartite motif-containing 33 [Source:MGI Symbol;Acc:MGI:2137357],-,0.822100608
ENSMUSG00000031200,"T cell prolymphocytic leukaemia,N.A.",27.09352385,35.43995527,24.35253703,118.772972,176.277269,81.2505513,140.39099,92.49005347,112.9232635,-1.227469942,0.009513518,0.150828633,Mtcp1,X,75410444,75416588,-,4478,protein_coding,mature T cell proliferation 1 [Source:MGI Symbol;Acc:MGI:102699],-,0.821516204
ENSMUSG00000048756,"AL,N.A.",1411.572593,1041.719897,1289.625657,1544.048636,2005.040937,1904.003883,2073.552638,1583.389502,1583.74877,-0.469009005,0.00956758,0.150828633,Foxo3,10,42181841,42276755,-,7571,protein_coding,forkhead box O3 [Source:MGI Symbol;Acc:MGI:1890081],Fork,0.821516204
ENSMUSG00000052534,"pre B-ALL, myoepithelioma,N.A.",2788.826722,2540.937399,2353.725644,3561.361883,3671.087126,3716.967991,4013.399571,3406.046752,4272.263469,-0.440689166,0.010934702,0.15257253,Pbx1,1,168119364,168432270,-,13844,protein_coding,pre B cell leukemia homeobox 1 [Source:MGI Symbol;Acc:MGI:97495],Homeobox,0.816523653
ENSMUSG00000026812,"renal cell carcinoma, bladder carcinoma,""hamartoma, renal cell carcinoma, tuberous sclerosis tuber""",1464.856523,1337.052858,1258.920284,1953.35857,3638.54363,2077.273131,2013.385071,2047.850423,1927.223697,-0.638624552,0.011012761,0.15257253,Tsc1,2,28641228,28691167,+,11833,protein_coding,tuberous sclerosis 1 [Source:MGI Symbol;Acc:MGI:1929183],-,0.816523653
ENSMUSG00000054252,"bladder, MM, T-cell lymphoma,N.A.",2258.696772,2256.343819,1903.733112,2837.760392,6340.55777,3624.949295,2530.380463,3184.874885,3196.669384,-0.706221785,0.011585179,0.152590529,Fgfr3,5,33721674,33737068,+,7158,protein_coding,fibroblast growth factor receptor 3 [Source:MGI Symbol;Acc:MGI:95524],-,0.816472421
ENSMUSG00000038056,"medulloblastoma,N.A.",931.114103,702.3554771,779.2811849,2650.464552,2512.17708,1762.060149,2943.753933,2373.576263,2698.865997,-0.957238876,0.012000801,0.152590529,Kmt2c,5,25271798,25498783,-,20291,protein_coding,lysine (K)-specific methyltransferase 2C [Source:MGI Symbol;Acc:MGI:2444959],-,0.816472421
ENSMUSG00000000804,"aneurysmal bone cyst,N.A.",2224.378308,1514.252634,1510.916102,3834.539719,3979.34635,3134.50922,4156.01899,3702.618119,3815.865279,-0.726309845,0.01211954,0.152590529,Usp32,11,84984442,85140161,-,7680,protein_coding,ubiquitin specific peptidase 32 [Source:MGI Symbol;Acc:MGI:2144475],-,0.816472421
ENSMUSG00000079487,"uterine leiomyoma,N.A.",620.4416962,578.8526027,467.9922333,1009.570262,1995.097091,1043.531177,862.4017957,966.1189281,947.6143861,-0.797130071,0.012195871,0.152590529,Med12,X,101274030,101297465,+,7704,protein_coding,mediator complex subunit 12 [Source:MGI Symbol;Acc:MGI:1926212],-,0.816472421
ENSMUSG00000003119,"serous ovarian,N.A.",435.3026165,294.2590225,339.8767124,668.7831961,703.3011042,546.2386461,743.1808756,717.803241,697.301152,-0.648293498,0.012481318,0.152590529,Cdk12,11,98203059,98278504,+,11730,protein_coding,cyclin-dependent kinase 12 [Source:MGI Symbol;Acc:MGI:1098802],-,0.816472421
ENSMUSG00000037487,"mantle cell lymphoma,N.A.",2460.995083,1875.095815,1947.144156,4771.018921,5335.325343,3477.132027,4779.978945,4569.209707,4944.156886,-0.741603526,0.01258034,0.152590529,Ubr5,15,37967328,38078854,-,15388,protein_coding,ubiquitin protein ligase E3 component n-recognin 5 [Source:MGI Symbol;Acc:MGI:1918040],-,0.816472421
ENSMUSG00000014313,"uterine leiomyoma,N.A.",4984.305271,6359.861064,6903.414845,3690.184876,3885.331807,4175.10363,3913.120293,3552.824445,3627.659839,0.517607448,0.012811988,0.152590529,Cox6c,15,35925886,35938246,-,3567,protein_coding,cytochrome c oxidase subunit 6C [Source:MGI Symbol;Acc:MGI:104614],-,0.816472421
ENSMUSG00000020919,"large granular lymphocytic leukaemia, skin basal cell, APL,N.A.",481.3616071,397.3570742,383.2877567,560.0602448,961.8410988,739.0863401,610.5893851,573.0362008,530.7393384,-0.584210394,0.012820744,0.152590529,Stat5b,11,100780731,100850724,-,5539,protein_coding,signal transducer and activator of transcription 5B [Source:MGI Symbol;Acc:MGI:103035],STAT,0.816472421
ENSMUSG00000057406,"MM,N.A.",1299.586027,1081.455605,1023.865361,2517.987006,2528.448828,2261.310524,2482.469252,2183.569523,2475.842552,-0.688237302,0.013004437,0.152590529,Nsd2,5,33820725,33897975,+,16803,protein_coding,nuclear receptor binding SET domain protein 2 [Source:MGI Symbol;Acc:MGI:1276574],HMG,0.816472421
ENSMUSG00000003949,"ALL,N.A.",2936.937985,2692.362662,2023.378185,3801.648742,4201.726905,5392.882977,4749.895162,3519.648665,3485.564733,-0.576259907,0.013092128,0.152590529,Hlf,11,90336536,90390895,-,6681,protein_coding,hepatic leukemia factor [Source:MGI Symbol;Acc:MGI:96108],TF_bZIP,0.816472421
ENSMUSG00000026361,"parathyroid adenoma,""parathyroid adenoma, multiple ossifying jaw fibroma""",927.5016332,696.985787,676.577007,1420.707473,1820.627794,1087.582681,1575.498888,1358.196329,1499.99735,-0.657859843,0.013761588,0.15313643,Cdc73,1,143598800,143702893,-,17613,protein_coding,"cell division cycle 73, Paf1/RNA polymerase II complex component [Source:MGI Symbol;Acc:MGI:2384876]",-,0.814921481
ENSMUSG00000006335,"pre-B ALL,N.A.",557.2234739,742.0911846,742.2229764,412.9644872,491.7683813,411.147368,378.8328302,433.295794,391.4673134,0.541460426,0.013876388,0.153208245,Tfpt,7,3620324,3629929,-,1201,protein_coding,TCF3 (E2A) fusion partner [Source:MGI Symbol;Acc:MGI:1916964],-,0.814717863
ENSMUSG00000026923,"T-ALL,N.A.",304.3505846,227.6748642,169.4089532,778.4197856,1063.08753,529.5969669,791.0920865,597.1640409,749.998675,-1.01147636,0.014029736,0.153741712,Notch1,2,26457903,26516663,-,14232,protein_coding,notch 1 [Source:MGI Symbol;Acc:MGI:97363],-,0.813208286
ENSMUSG00000030180,"AML,N.A.",666.5006867,532.6732671,542.1086504,1502.021276,1891.138702,951.5124802,1649.037025,1308.935322,1471.766534,-0.84269277,0.014111926,0.153741712,Kdm5a,6,120364124,120444574,+,14158,protein_coding,lysine (K)-specific demethylase 5A [Source:MGI Symbol;Acc:MGI:2136980],ARID,0.813208286
ENSMUSG00000034342,"AML, JMML, MDS,N.A.",1195.727519,999.8363138,1051.394316,2292.318359,1767.29262,1778.701828,2442.35754,2528.39657,2849.430349,-0.714798424,0.014233419,0.153842887,Cbl,9,44142976,44234049,-,12345,protein_coding,Casitas B-lineage lymphoma [Source:MGI Symbol;Acc:MGI:88279],-,0.81292258
ENSMUSG00000069769,"CML,N.A.",2056.39846,1966.380548,1769.264755,2813.09216,4651.007945,2857.474208,2658.515096,2918.463318,2873.897056,-0.569178471,0.014663807,0.154776127,Msi2,11,88339382,88718513,-,10405,protein_coding,musashi RNA-binding protein 2 [Source:MGI Symbol;Acc:MGI:1923876],-,0.810296025
ENSMUSG00000057110,"MPN, NHL,N.A.",292.6100576,225.5269881,202.2319379,462.3009525,879.5783732,444.4307264,386.6323296,421.2318739,454.5161355,-0.806513131,0.014784548,0.155101837,Cntrl,2,35109492,35178822,+,10194,protein_coding,centriolin [Source:MGI Symbol;Acc:MGI:1889576],-,0.809383058
ENSMUSG00000020661,"AML,N.A.",1379.963481,1098.638613,1029.159391,2348.963931,2544.720576,2426.748394,2132.605991,2207.697363,2047.675178,-0.633543914,0.015049919,0.156008159,Dnmt3a,12,3806007,3914443,+,16642,protein_coding,DNA methyltransferase 3A [Source:MGI Symbol;Acc:MGI:1261827],-,0.806852689
ENSMUSG00000021796,"N.A.,gastrointestinal polyps",926.5985157,553.0780898,688.2238725,1503.848553,1918.258282,1282.388219,1527.587677,1299.887382,1514.112758,-0.716220107,0.015100378,0.156015802,Bmpr1a,14,34410734,34503341,-,6351,protein_coding,"bone morphogenetic protein receptor, type 1A [Source:MGI Symbol;Acc:MGI:1338938]",-,0.806831413
ENSMUSG00000048154,"medulloblastoma, renal,N.A.",3667.560012,3178.856594,2991.126831,3601.561966,4314.725155,4396.340071,3901.978151,4372.16568,3963.606548,-0.318385915,0.015220217,0.156156473,Kmt2d,15,98831669,98871204,-,19931,protein_coding,lysine (K)-specific methyltransferase 2D [Source:MGI Symbol;Acc:MGI:2682319],-,0.806440009
ENSMUSG00000058558,"T-ALL,N.A.",5046.620376,5709.054612,6439.657835,4379.068113,3965.78656,4465.843554,4446.828897,3586.000225,3928.788542,0.403100671,0.0158769,0.157645355,Rpl5,5,107900502,107909005,+,3920,protein_coding,ribosomal protein L5 [Source:MGI Symbol;Acc:MGI:102854],-,0.80231882
ENSMUSG00000031103,"AML,N.A.",21.67481908,35.43995527,29.64656682,21.01367966,104.8623754,27.40982453,41.22592563,42.22372006,55.52060455,-1.017238367,0.017114342,0.158822523,Elf4,X,48411046,48463132,-,6148,protein_coding,E74-like factor 4 (ets domain transcription factor) [Source:MGI Symbol;Acc:MGI:1928377],ETS,0.79908791
ENSMUSG00000044702,"N.A.,""Wilms tumour, medulloblastoma, AML ,breast""",21.67481908,9.665442346,13.76447745,17.35912667,68.70293563,20.5573684,41.22592563,23.12251337,21.6436255,-1.160917655,0.017119634,0.158822523,Palb2,7,122107262,122132985,-,7342,protein_coding,partner and localizer of BRCA2 [Source:MGI Symbol;Acc:MGI:3040695],-,0.79908791
ENSMUSG00000063455,"pilocytic astrocytoma,N.A.",1314.939024,1112.599808,1029.159391,1397.866516,1559.375842,1322.524034,1644.580169,1925.200569,1663.736082,-0.419022275,0.017123834,0.158822523,D630045J12Rik,6,38123174,38254009,-,13450,protein_coding,RIKEN cDNA D630045J12 gene [Source:MGI Symbol;Acc:MGI:2669829],-,0.79908791
ENSMUSG00000032508,"ABC-DLBCL,N.A.",159.8517907,137.4640689,158.8208937,126.082078,82.26272555,89.08192973,137.0483474,106.5646268,84.69244761,0.545907528,0.017891312,0.159826055,Myd88,9,119335934,119341411,-,2576,protein_coding,myeloid differentiation primary response gene 88 [Source:MGI Symbol;Acc:MGI:108005],-,0.796352421
ENSMUSG00000059495,"AML,N.A.",4010.744647,2860.970934,3086.419367,6633.013666,5820.765822,5562.236536,7530.973821,6380.808363,6782.924027,-0.629113347,0.018027925,0.160452896,Arhgef12,9,42963842,43107239,-,13620,protein_coding,Rho guanine nucleotide exchange factor (GEF) 12 [Source:MGI Symbol;Acc:MGI:1916882],-,0.794652441
ENSMUSG00000030528,"N.A.,""leukaemia, lymphoma, skin squamous cell, other tumour types""",82.18368901,66.58415838,43.41104427,117.8593337,405.8897118,110.6182204,92.47977912,109.5806068,124.2155898,-1.120325365,0.01812256,0.16051271,Blm,7,80454733,80535119,-,8777,protein_coding,"Bloom syndrome, RecQ like helicase [Source:MGI Symbol;Acc:MGI:1328362]",-,0.794490573
ENSMUSG00000005886,"AML, chondrosarcoma,N.A.",1462.14717,945.0654738,1142.451628,2779.287544,2607.999596,2131.113857,3008.378357,2660.094364,2614.17355,-0.718696867,0.018662686,0.161642369,Ncoa2,1,13139105,13374083,-,15642,protein_coding,nuclear receptor coactivator 2 [Source:MGI Symbol;Acc:MGI:1276533],-,0.791444793
ENSMUSG00000006005,"papillary thyroid,N.A.",1867.646911,1381.084317,1274.802373,2820.401265,3122.367627,2166.35506,3260.190768,2678.190244,2890.835545,-0.620739558,0.018664555,0.161642369,Tpr,1,150392838,150449935,+,10496,protein_coding,"translocated promoter region, nuclear basket protein [Source:MGI Symbol;Acc:MGI:1922066]",-,0.791444793
ENSMUSG00000023990,"renal cell carcinoma (childhood epithelioid),N.A.",251.0666544,262.0408814,336.7002946,280.4869415,238.6523027,211.4472178,232.8707691,182.9694536,175.9720856,0.439064531,0.019784287,0.162478247,Tfeb,17,47737030,47792419,+,5669,protein_coding,transcription factor EB [Source:MGI Symbol;Acc:MGI:103270],bHLH,0.789204776
ENSMUSG00000031311,"papillary renal,N.A.",3666.656894,4007.936759,3952.52264,2851.464966,2604.383652,2726.298619,3183.309987,2631.945217,2828.72775,0.373006155,0.020128679,0.163259039,Nono,X,101429318,101448591,+,4375,protein_coding,"non-POU-domain-containing, octamer binding protein [Source:MGI Symbol;Acc:MGI:1855692]",-,0.787122764
ENSMUSG00000044791,"clear cell renal carcinoma,N.A.",1286.942383,1023.462951,1011.15969,1975.285888,2172.278346,1613.263958,2162.689774,1792.497449,2003.4469,-0.557158427,0.020161744,0.163378568,Setd2,9,110532597,110618633,+,10754,protein_coding,SET domain containing 2 [Source:MGI Symbol;Acc:MGI:1918177],-,0.786804914
ENSMUSG00000042323,"clear cell renal carcinoma, breast,N.A.",857.9615886,603.5531776,729.5173049,1554.098656,2020.408699,1006.332129,1673.549738,1476.824875,1512.230704,-0.715605679,0.020289784,0.163544357,Pbrm1,14,31019138,31121592,+,8846,protein_coding,polybromo 1 [Source:MGI Symbol;Acc:MGI:1923998],HMG,0.786364437
ENSMUSG00000070327,"ALCL,N.A.",143.5956764,135.3161928,182.1146247,362.7143837,376.96216,249.6251877,313.094192,332.7631272,486.5110602,-0.771774643,0.020297333,0.163544357,Rnf213,11,119393100,119487418,+,16888,protein_coding,ring finger protein 213 [Source:MGI Symbol;Acc:MGI:1289196],-,0.786364437
ENSMUSG00000032624,"NSCLC,N.A.",751.3937281,625.0319384,569.6376053,1030.583942,903.0820091,1049.404711,1129.813205,1112.896622,1018.191426,-0.485854583,0.021047632,0.166457674,Eml4,17,83350931,83480361,+,5445,protein_coding,echinoderm microtubule associated protein like 4 [Source:MGI Symbol;Acc:MGI:1926048],-,0.778696179
ENSMUSG00000005125,"prostate,N.A.",2728.317852,2613.965186,3432.648915,2938.260599,1365.018853,2223.132554,2800.0203,1833.715843,1978.039165,0.521674501,0.021104387,0.16646749,Ndrg1,15,66929318,66969640,-,6596,protein_coding,N-myc downstream regulated gene 1 [Source:MGI Symbol;Acc:MGI:1341799],-,0.778670569
ENSMUSG00000036452,"AML, MDS,N.A.",1751.144758,1288.725646,1007.983272,2271.30468,1678.701993,2797.759947,2503.639322,2567.60431,2549.242673,-0.614619045,0.021325857,0.167427566,Arhgap26,18,38601534,39376284,+,17331,protein_coding,Rho GTPase activating protein 26 [Source:MGI Symbol;Acc:MGI:1918552],-,0.776173035
ENSMUSG00000024515,"colorectal, pancreatic, small intestine,gastrointestinal polyp",708.04409,418.835835,530.4617848,1115.552298,1271.004309,948.5757133,1264.633124,962.0976214,1025.719643,-0.658153918,0.02168673,0.167546062,Smad4,18,73639009,73703780,-,3712,protein_coding,SMAD family member 4 [Source:MGI Symbol;Acc:MGI:894293],MH1,0.775865775
ENSMUSG00000021488,"AML,N.A.",3037.184024,2623.630628,2665.014596,3986.203667,6346.885672,3374.345185,4308.666336,4165.068386,4062.414404,-0.532238456,0.021707461,0.167546062,Nsd1,13,55209782,55318325,+,17483,protein_coding,nuclear receptor-binding SET-domain protein 1 [Source:MGI Symbol;Acc:MGI:1276545],-,0.775865775
ENSMUSG00000026596,"AML,N.A.",1631.933253,1108.304056,1340.448343,2491.491497,2076.455831,1889.320048,3251.277054,2597.76411,2950.120259,-0.635542045,0.021871106,0.167772469,Abl2,1,156558786,156649568,+,10800,protein_coding,"v-abl Abelson murine leukemia viral oncogene 2 (arg, Abelson-related gene) [Source:MGI Symbol;Acc:MGI:87860]",-,0.775279303
ENSMUSG00000058076,"N.A.,""paraganglioma, pheochromocytoma""",1676.186009,2007.190194,2331.490719,1354.925519,1222.189065,1392.027517,1412.823614,1455.713015,1315.55602,0.43819233,0.022086126,0.168153354,Sdhc,1,171127165,171150603,-,3250,protein_coding,"succinate dehydrogenase complex, subunit C, integral membrane protein [Source:MGI Symbol;Acc:MGI:1913302]",-,0.774294465
ENSMUSG00000007880,"clear cell ovarian carcinoma, RCC,N.A.",2237.92507,2110.288246,1936.556097,3371.325128,3238.077834,3038.574834,3657.965239,3172.810965,3470.508298,-0.457631365,0.022353798,0.168154172,Arid1a,4,133679008,133756769,-,11476,protein_coding,AT rich interactive domain 1A (SWI-like) [Source:MGI Symbol;Acc:MGI:1935147],ARID,0.774292353
ENSMUSG00000037234,"papillary thyroid,N.A.",1060.2599,618.5883101,688.2238725,2563.668918,2595.343792,1831.563632,2323.13662,2191.612137,2352.567989,-0.873523065,0.022461279,0.168247695,Hook3,8,26021421,26119224,-,28486,protein_coding,hook microtubule tethering protein 3 [Source:MGI Symbol;Acc:MGI:2443554],-,0.774050876
ENSMUSG00000029556,"hepatic adenoma, hepatocellular,""hepatic adenoma, hepatocellular carcinoma""",1.806234923,0,1.058805958,1.827276492,35.25545381,1.95784461,2.228428413,0,7.528217566,-2.983562532,0.023405986,1,Hnf1a,5,114948980,114971094,-,5032,protein_coding,HNF1 homeobox A [Source:MGI Symbol;Acc:MGI:98504],Homeobox,0
ENSMUSG00000037369,"renal, oesophageal SCC, MM,N.A.",424.465207,242.7099967,358.9352197,761.0606589,509.8481012,652.9411773,792.2063007,913.8419413,852.5706393,-0.735405782,0.023433353,0.169574358,Kdm6a,X,18162575,18279936,+,8383,protein_coding,lysine (K)-specific demethylase 6A [Source:MGI Symbol;Acc:MGI:1095419],-,0.770639819
ENSMUSG00000031229,"Pancreatic neuroendocrine tumours, paediatric GBM,N.A.",2549.500594,1731.188118,1727.971323,5890.225772,4763.102208,3872.616638,6385.561616,5269.922394,6023.51508,-0.822995917,0.023698862,0.169942013,Atrx,X,105797615,105929403,-,21757,protein_coding,"ATRX, chromatin remodeler [Source:MGI Symbol;Acc:MGI:103067]",-,0.769699242
ENSMUSG00000030745,"NHL,N.A.",31.60911116,45.10539761,70.93999917,61.21376248,8.135873956,33.28335836,26.74114095,28.14914671,36.70006063,0.973849838,0.024220129,0.170688909,Il21r,7,125603429,125633570,+,3324,protein_coding,interleukin 21 receptor [Source:MGI Symbol;Acc:MGI:1890475],-,0.767794697
ENSMUSG00000023944,"NHL,N.A.",51115.54521,52337.29637,58152.79962,32921.12692,30599.92593,32935.84094,40744.5851,35500.09531,37664.61351,0.45452241,0.02472278,0.171651073,Hsp90ab1,17,45567775,45573271,-,2999,protein_coding,"heat shock protein 90 alpha (cytosolic), class B member 1 [Source:MGI Symbol;Acc:MGI:96247]",-,0.765353478
ENSMUSG00000028936,"AML, CML,N.A.",2613.621934,3207.852921,3670.880256,2203.695449,2081.879747,2099.788344,2394.446329,2034.781176,2313.044847,0.420322551,0.024849997,0.171777351,Rpl22,4,152325742,152334071,+,2911,protein_coding,ribosomal protein L22 [Source:MGI Symbol;Acc:MGI:99262],-,0.765034099
ENSMUSG00000025982,"myelodysplastic syndrome,N.A.",4290.711061,2936.146597,3185.947127,6954.614329,7732.696202,5710.053804,6366.619975,6834.21069,6278.53345,-0.600656695,0.025161751,0.172309692,Sf3b1,1,54985169,55027481,-,11370,protein_coding,"splicing factor 3b, subunit 1 [Source:MGI Symbol;Acc:MGI:1932339]",-,0.763690294
ENSMUSG00000055471,"ALCL, NSCLC, neuroblastoma,neuroblastoma",117.40527,139.611945,99.52776003,200.0867759,356.1704821,167.3957141,159.3326315,217.1505603,226.7875542,-0.69564481,0.025351265,0.172470292,Alk,17,71868972,72604627,-,7755,protein_coding,anaplastic lymphoma kinase [Source:MGI Symbol;Acc:MGI:103305],-,0.7632857
ENSMUSG00000069135,"MPN, NHL,N.A.",270.9352385,251.301501,230.8196988,407.4826577,1101.958928,425.8312026,359.8911886,371.9708672,348.1800624,-0.84615788,0.025383978,0.172470292,Fgfr1op,17,8165501,8196804,+,4008,protein_coding,Fgfr1 oncogene partner [Source:MGI Symbol;Acc:MGI:1922546],-,0.7632857
ENSMUSG00000059060,"lipoma, uterine leiomyoma,N.A.",6.321822232,6.443628231,14.82328341,8.222744214,1.80797199,4.894611524,0,1.005326668,4.705135979,1.826248607,0.025593006,1,Rad51b,12,79297282,79814690,+,3757,protein_coding,RAD51 paralog B [Source:MGI Symbol;Acc:MGI:1099436],-,0
ENSMUSG00000031592,"papillary thyroid, CML, MPN,N.A.",973.5606237,579.9265408,679.7534249,2846.896775,3059.992593,1603.474735,2824.533013,2230.819877,2579.355543,-0.953360296,0.026500846,0.173832703,Pcm1,8,41239752,41332344,+,7458,protein_coding,pericentriolar material 1 [Source:MGI Symbol;Acc:MGI:1277958],-,0.759868517
ENSMUSG00000034041,"T-ALL,N.A.",72.24939694,91.28473327,127.0567149,75.83197442,18.9837059,69.50348364,49.02542508,51.27166007,68.69498529,0.830458167,0.026773434,0.174215236,Lyl1,8,84701457,84704715,+,1800,protein_coding,lymphoblastomic leukemia 1 [Source:MGI Symbol;Acc:MGI:96891],bHLH,0.758913866
ENSMUSG00000021767,"AML,N.A.",1102.706421,914.9952088,978.336705,1650.944311,1740.173041,1426.289798,1771.600588,1527.091209,1576.220553,-0.468831436,0.027323927,0.175416334,Kat6b,14,21481434,21672478,+,16826,protein_coding,K(lysine) acetyltransferase 6B [Source:MGI Symbol;Acc:MGI:1858746],-,0.75592997
ENSMUSG00000049470,"ALL,N.A.",3784.965282,2256.343819,2504.07609,6482.263356,5916.588338,4393.403304,7162.168918,6382.819016,6566.487772,-0.695431085,0.027904227,0.17672499,Aff4,11,53350833,53421830,+,13450,protein_coding,"AF4/FMR2 family, member 4 [Source:MGI Symbol;Acc:MGI:2136171]",AF-4,0.752702035
ENSMUSG00000036712,cylindroma,2399.583096,1794.550462,2011.73132,3295.493153,3295.028952,2569.67105,4187.216987,3320.593985,3487.446787,-0.505254216,0.028602677,0.178180073,Cyld,8,88697028,88751945,+,12576,protein_coding,CYLD lysine 63 deubiquitinase [Source:MGI Symbol;Acc:MGI:1921506],-,0.749140867
ENSMUSG00000032097,"B-NHL,N.A.",3426.42765,2796.534652,2837.599967,5240.628979,5702.343657,3897.089695,5897.535794,4792.392227,5445.724382,-0.52556112,0.028648028,0.178180073,Ddx6,9,44604892,44640731,+,8035,protein_coding,DEAD (Asp-Glu-Ala-Asp) box polypeptide 6 [Source:MGI Symbol;Acc:MGI:104976],-,0.749140867
ENSMUSG00000020275,"Hodgkin lymphoma,N.A.",65.9275747,39.73570742,63.52835747,134.3048222,116.6141934,137.0491227,142.6194184,102.5433201,134.566889,-0.735415236,0.028960222,0.178983715,Rel,11,23736847,23770970,-,7466,protein_coding,reticuloendotheliosis oncogene [Source:MGI Symbol;Acc:MGI:97897],RHD,0.747186482
ENSMUSG00000028820,"papillary renal,N.A.",3190.713992,2564.564036,2541.134299,3479.134441,4110.42432,3190.307791,4201.701772,3882.571592,3656.831683,-0.37126202,0.029030108,0.179215309,Sfpq,4,127021324,127037013,+,4743,protein_coding,splicing factor proline/glutamine rich (polypyrimidine tract binding protein associated) [Source:MGI Symbol;Acc:MGI:1918764],-,0.746624894
ENSMUSG00000005371,"DLBCL,N.A.",2823.145185,2056.591344,1987.378783,3251.638518,3604.192162,2894.673255,3741.531305,3349.748458,3521.323766,-0.435782306,0.029243538,0.179691305,Fbxo11,17,87990859,88065291,-,4144,protein_coding,F-box protein 11 [Source:MGI Symbol;Acc:MGI:2147134],-,0.745472937
ENSMUSG00000047126,"ALCL, renal,N.A.",9798.824459,6549.948096,7106.705589,13823.34666,13500.12685,10821.00716,14841.33323,13775.99133,14610.38824,-0.535594568,0.030329226,0.182104163,Cltc,11,86694351,86757565,-,8499,protein_coding,"clathrin, heavy polypeptide (Hc) [Source:MGI Symbol;Acc:MGI:2388633]",-,0.739680125
ENSMUSG00000042817,"AML, ALL,N.A.",158.9486733,157.8688917,168.3501473,224.7550085,377.8661459,167.3957141,270.7540521,274.4541804,228.6696086,-0.571627497,0.030472726,0.182667392,Flt3,5,147330741,147400489,-,6176,protein_coding,FMS-like tyrosine kinase 3 [Source:MGI Symbol;Acc:MGI:95559],-,0.738338972
ENSMUSG00000027665,"colorectal, gastric, glioblastoma, breast,N.A.",1300.489145,880.6291915,1147.745658,1756.926347,2594.439806,1618.15857,1885.250437,1576.352216,1595.982124,-0.543993357,0.03103441,0.183816122,Pik3ca,3,32397671,32468486,+,9088,protein_coding,"phosphatidylinositol-4,5-bisphosphate 3-kinase catalytic subunit alpha [Source:MGI Symbol;Acc:MGI:1206581]",-,0.735616401
ENSMUSG00000020716,"neurofibroma, glioma",1842.359622,1722.596614,1721.618487,2622.141766,3181.126717,2164.397216,2859.073653,2507.28471,2615.114577,-0.430757131,0.031074914,0.18393747,Nf1,11,79339693,79581612,+,15850,protein_coding,neurofibromin 1 [Source:MGI Symbol;Acc:MGI:97306],-,0.73532979
ENSMUSG00000029455,"leiomyoma,N.A.",2552.209947,2947.959916,3190.182351,2122.381646,1672.374091,2219.216865,2145.976561,2064.940976,2226.470345,0.387868966,0.03113742,0.184117506,Aldh2,5,121566027,121593824,-,5126,protein_coding,"aldehyde dehydrogenase 2, mitochondrial [Source:MGI Symbol;Acc:MGI:99600]",-,0.734904918
ENSMUSG00000049086,"Burkitt lymphoma, amplified in other cancers, B-CLL,N.A.",316.0911116,396.2831362,381.1701448,200.0867759,207.0127929,238.8570424,252.9266248,232.2304603,211.731119,0.500155165,0.032042211,0.185548943,Bmyc,2,25706739,25707721,+,983,protein_coding,brain expressed myelocytomatosis oncogene [Source:MGI Symbol;Acc:MGI:88184],-,0.731541514
ENSMUSG00000021945,"MPN, NHL,N.A.",1546.137094,968.6921107,1079.982077,2178.113579,2275.33275,1614.242881,2353.220404,2145.36711,2278.226841,-0.563456767,0.032947781,0.18741791,Zmym2,14,56886653,56962701,+,7860,protein_coding,"zinc finger, MYM-type 2 [Source:MGI Symbol;Acc:MGI:1923257]",-,0.727188909
ENSMUSG00000030265,"pancreatic, colorectal, lung, thyroid, AML, other tumour types,N.A.",2143.097737,1469.147237,1397.623864,2822.228542,3234.46189,2518.76709,2927.04072,2549.50843,2725.214759,-0.511147564,0.033273278,0.188197634,Kras,6,145216699,145250239,-,5347,protein_coding,Kirsten rat sarcoma viral oncogene homolog [Source:MGI Symbol;Acc:MGI:96680],-,0.725385841
ENSMUSG00000034957,"AML, MDS,N.A.",521.0987754,532.6732671,897.8674522,513.4646943,451.0890116,342.6228067,548.1933895,362.9229272,441.3417548,0.521683619,0.033321241,0.188207567,Cebpa,7,35119293,35121928,+,2636,protein_coding,"CCAAT/enhancer binding protein (C/EBP), alpha [Source:MGI Symbol;Acc:MGI:99480]",C/EBP,0.725362919
ENSMUSG00000072214,"AML,N.A.",2855.657414,3566.548226,3908.05279,2147.963516,1241.172771,2670.500047,2362.134117,2158.436356,2112.606054,0.564794896,0.033523794,0.188460126,5-Sep,16,18620502,18629954,-,3915,protein_coding,septin 5 [Source:MGI Symbol;Acc:MGI:1195461],-,0.724780524
ENSMUSG00000026918,"lethal midline carcinoma of young people,N.A.",1385.382186,1242.54631,1121.275509,1403.348346,2154.198626,1718.008645,1461.849039,1484.867489,1549.871791,-0.37779449,0.034034179,0.189434939,Brd3,2,27445579,27507662,-,7336,protein_coding,bromodomain containing 3 [Source:MGI Symbol;Acc:MGI:1914632],-,0.722539918
ENSMUSG00000034120,"MDS, CLL,N.A.",1818.878568,1799.920152,1643.266846,1952.444932,2454.321977,2433.60085,1909.76315,2330.347217,2034.500797,-0.307774147,0.035020798,0.191364467,Srsf2,11,116849901,116853094,-,2958,protein_coding,serine/arginine-rich splicing factor 2 [Source:MGI Symbol;Acc:MGI:98284],-,0.7181387
ENSMUSG00000003814,"MPN, MDS,N.A.",10776.90067,10228.18588,10110.53809,6502.363397,3676.511042,7328.212373,7649.080526,6965.908484,6687.88028,0.541500897,0.035228918,0.191926827,Calr,8,84841850,84846934,-,2880,protein_coding,calreticulin [Source:MGI Symbol;Acc:MGI:88252],-,0.716864317
ENSMUSG00000031583,"N.A.,""osteosarcoma, meningioma, other tumour types""",208.6201337,137.4640689,139.7623864,356.3189159,419.4495017,344.5806513,266.2971953,328.7418205,296.4235667,-0.651803763,0.035974862,0.192842456,Wrn,8,33234384,33385527,-,7597,protein_coding,Werner syndrome RecQ like helicase [Source:MGI Symbol;Acc:MGI:109635],-,0.714797346
ENSMUSG00000006740,"NSCLC,N.A.",3150.976824,2237.012934,2216.08087,9361.137469,10036.05252,6401.172951,8542.68032,6133.498002,7259.083788,-0.855501123,0.037232593,0.195777677,Kif5b,18,6201002,6242174,-,7395,protein_coding,kinesin family member 5B [Source:MGI Symbol;Acc:MGI:1098268],-,0.708236828
ENSMUSG00000015053,"AML (CML blast transformation),N.A.",68.63692709,99.87623758,112.2334315,91.3638246,487.2484514,117.4706766,93.59399333,112.5965868,119.5104539,-1.002089493,0.037442959,0.19605816,Gata2,6,88193891,88207032,+,5398,protein_coding,GATA binding protein 2 [Source:MGI Symbol;Acc:MGI:95662],zf-GATA,0.707615077
ENSMUSG00000025408,"liposarcoma,N.A.",535.5486548,534.8211431,643.7540223,430.3236139,449.2810396,471.8405509,381.0612586,400.1200139,358.5313616,0.378503542,0.037512089,0.196087262,Ddit3,10,127290774,127296288,+,1713,protein_coding,DNA-damage inducible transcript 3 [Source:MGI Symbol;Acc:MGI:109247],TF_bZIP,0.707550616
ENSMUSG00000026743,"AL,N.A.",570.7702358,419.909773,423.5223831,846.9426541,809.9714516,796.8427561,800.0058001,846.4850546,729.2960767,-0.49388579,0.037692225,0.196169923,Mllt10,2,18055237,18212388,+,5907,protein_coding,"myeloid/lymphoid or mixed-lineage leukemia; translocated to, 10 [Source:MGI Symbol;Acc:MGI:1329038]",-,0.707367579
ENSMUSG00000025862,"bladder carcinoma, glioblastoma, melanoma, Ewing's sarcoma, myeloid neoplasms,N.A.",1072.000427,847.3371123,809.9865577,1980.767717,1694.069755,1503.62466,2069.095781,1680.906189,1882.054391,-0.58432627,0.038632503,0.197834152,Stag2,X,42149317,42277185,+,8273,protein_coding,stromal antigen 2 [Source:MGI Symbol;Acc:MGI:1098583],-,0.703698734
ENSMUSG00000040407,"papillary thyroid,N.A.",1230.045983,928.9564033,971.9838692,2108.677072,2344.035685,1322.524034,2425.644327,1723.129909,2192.593366,-0.611411377,0.038931791,0.198031526,Akap9,5,3928054,4081310,+,21350,protein_coding,A kinase (PRKA) anchor protein (yotiao) 9 [Source:MGI Symbol;Acc:MGI:2178217],-,0.703265665
ENSMUSG00000026435,"prostate,N.A.",26.19040639,13.9611945,33.88179065,32.89097686,9.943845946,13.70491227,16.71321309,19.10120669,15.05643513,0.85056473,0.039252111,0.198683732,Slc45a3,1,131962967,131982969,+,3563,protein_coding,"solute carrier family 45, member 3 [Source:MGI Symbol;Acc:MGI:1922082]",-,0.701837691
ENSMUSG00000009863,"N.A.,""paraganglioma, pheochromocytoma""",2698.514976,3339.9473,3493.000855,2048.376948,2466.977781,2125.240324,2195.001986,2086.052836,2106.018864,0.398555564,0.039385224,0.198972247,Sdhb,4,140961203,140979193,+,2239,protein_coding,"succinate dehydrogenase complex, subunit B, iron sulfur (Ip) [Source:MGI Symbol;Acc:MGI:1914930]",-,0.701207495
ENSMUSG00000017548,"endometrial stromal tumour,N.A.",688.1755058,433.8709675,519.8737253,1187.72972,1308.971721,885.9246858,1137.612705,1015.379935,1049.245323,-0.609124443,0.039648128,0.199641903,Suz12,11,79993106,80034123,+,4945,protein_coding,SUZ12 polycomb repressive complex 2 subunit [Source:MGI Symbol;Acc:MGI:1261758],-,0.699748299
ENSMUSG00000063550,"AML,N.A.",727.0095567,630.4016286,705.1647679,885.3154604,1012.464315,855.5780944,955.995789,856.5383213,934.4400053,-0.324245762,0.039977611,0.199743392,Nup98,7,102119398,102210176,-,12602,protein_coding,nucleoporin 98 [Source:MGI Symbol;Acc:MGI:109404],-,0.699527578
ENSMUSG00000037935,"N.A.,meningioma",1279.717443,1317.721973,1434.682073,994.9520499,934.7215189,1074.856691,1067.41721,977.1775214,957.024658,0.326349259,0.040143547,0.199915682,Smarce1,11,99209047,99231017,-,6650,protein_coding,"SWI/SNF related, matrix associated, actin dependent regulator of chromatin, subfamily e, member 1 [Source:MGI Symbol;Acc:MGI:1927347]",HMG,0.699153136
ENSMUSG00000026192,"ALCL,N.A.",885.9582299,940.7697217,1091.628942,843.2881011,431.2013197,742.023107,859.0591531,694.6807277,707.6524512,0.453453316,0.04041804,0.199969582,Atic,1,71557150,71579631,+,7985,protein_coding,5-aminoimidazole-4-carboxamide ribonucleotide formyltransferase/IMP cyclohydrolase [Source:MGI Symbol;Acc:MGI:1351352],-,0.699036061
ENSMUSG00000021377,"AML,N.A.",850.7366489,658.3240176,563.2847695,1305.589054,1619.038917,1076.814535,1296.945336,1047.550388,1175.342967,-0.557453293,0.041249636,0.200907896,Dek,13,47084775,47106201,-,3185,protein_coding,DEK oncogene (DNA binding) [Source:MGI Symbol;Acc:MGI:1926209],-,0.697002995
ENSMUSG00000000078,"prostate, glioma,N.A.",671.016274,494.0114977,367.4056673,842.3744628,1093.823054,962.2806256,759.8940887,757.0109811,753.7627838,-0.543036725,0.041325229,0.200907896,Klf6,13,5861482,5870394,+,4391,protein_coding,Kruppel-like factor 6 [Source:MGI Symbol;Acc:MGI:1346318],zf-C2H2,0.697002995
ENSMUSG00000041417,"glioblastoma, ovarian, colorectal,N.A.",2740.961496,1659.234269,1705.736398,3381.375149,4403.315782,3358.682428,3479.690966,2817.930651,3094.09742,-0.532357406,0.041442753,0.200907896,Pik3r1,13,101680563,101768217,-,10079,protein_coding,phosphoinositide-3-kinase regulatory subunit 1 [Source:MGI Symbol;Acc:MGI:97583],-,0.697002995
ENSMUSG00000022105,"retinoblastoma, sarcoma, breast, small cell lung carcinoma",503.9395436,327.5511017,555.8731278,939.2201169,632.7901966,719.507894,1205.579771,1002.310688,975.845202,-0.640656331,0.042882195,0.202942393,Rb1,14,73183673,73325822,-,6015,protein_coding,RB transcriptional corepressor 1 [Source:MGI Symbol;Acc:MGI:97874],-,0.692627223
ENSMUSG00000003282,"salivary adenoma,N.A.",21.67481908,4.295752154,2.117611916,80.40016565,105.7663614,37.19904758,93.59399333,56.29829342,90.33861079,-1.492775468,0.04361096,0.204210403,Plag1,4,3900996,3938423,-,8487,protein_coding,pleiomorphic adenoma gene 1 [Source:MGI Symbol;Acc:MGI:1891916],zf-C2H2,0.689922138
ENSMUSG00000009073,"meningioma, acoustic neuroma, renal,""meningioma, acoustic neuroma""",3763.290463,3798.518842,4222.51816,3233.365753,2657.718826,3042.490523,3474.119895,2953.649751,3126.092344,0.29942201,0.044271124,0.205571269,Nf2,11,4765845,4849536,-,6825,protein_coding,neurofibromin 2 [Source:MGI Symbol;Acc:MGI:97307],-,0.687037583
ENSMUSG00000053192,"ALL,N.A.",6128.555095,7292.039281,7527.051554,4137.867616,4081.496768,4365.993479,4815.6338,5345.321894,4844.408004,0.418971855,0.046498127,0.209864736,Mllt11,3,95219135,95232171,-,2385,protein_coding,"myeloid/lymphoid or mixed-lineage leukemia; translocated to, 11 [Source:MGI Symbol;Acc:MGI:1929671]",-,0.678060531
ENSMUSG00000021998,"NHL,N.A.",297.1256449,256.6711912,292.2304443,364.5416602,192.549017,286.8242353,223.9570555,196.0387003,246.5491253,0.401979673,0.046691012,0.209937955,Lcp1,14,75131101,75230842,+,9504,protein_coding,lymphocyte cytosolic protein 1 [Source:MGI Symbol;Acc:MGI:104808],-,0.677909039
ENSMUSG00000071669,"PMBL, Hodgkin lymphoma,N.A.",145.4019113,124.5768125,121.7626851,256.7323471,197.0689469,199.7001502,287.4672652,221.171867,288.8953491,-0.556825342,0.048938011,0.214584175,Snx29,16,11322908,11755472,+,6435,protein_coding,sorting nexin 29 [Source:MGI Symbol;Acc:MGI:1921728],-,0.66840231
ENSMUSG00000024789,"ALL, AML, MPN,  CML,N.A.",771.2623123,438.1667197,518.8149193,1134.738702,1332.475357,1008.289974,1138.726919,932.943148,902.4450807,-0.57003718,0.049670961,0.216122775,Jak2,19,29251828,29313080,+,5030,protein_coding,Janus kinase 2 [Source:MGI Symbol;Acc:MGI:96629],-,0.665299465
ENSMUSG00000057329,"NHL, CLL,N.A.",272.7414734,268.4845096,171.5265652,353.5780012,444.7611096,477.7140847,274.0966948,361.9176005,341.592872,-0.511041597,0.049824911,0.216309712,Bcl2,1,106538178,106714274,-,9157,protein_coding,B cell leukemia/lymphoma 2 [Source:MGI Symbol;Acc:MGI:88138],-,0.66492398
