gene_id,tumour_type,SHEF21,SHEF22,SHEF24,SHEF25,SHEF6,SHEF7,SHEF8,SHEF9,log2FoldChange,pvalue,padj,gene_name,gene_chr,gene_start,gene_end,gene_strand,gene_length,gene_biotype,gene_description,tf_family,-log10(padj)
ENSMUSG00000066687,"APL,N.A.",1233.82853,995.0486763,1050.158431,1499.260745,1886.961,1837.444567,1835.134295,2003.052638,-0.661886637,5.50E-05,0.022232144,Zbtb16,9,48654297,48836222,-,5283,protein_coding,zinc finger and BTB domain containing 16 [Source:MGI Symbol;Acc:MGI:103222],ZBTB,1.653018651
ENSMUSG00000028341,"extraskeletal myxoid chondrosarcoma,N.A.",1522.480666,1390.893177,1345.917336,1567.576813,2777.638473,3286.345039,1498.613565,2420.826799,-0.776586636,0.000731504,0.061314359,Nr4a3,4,48045153,48086447,+,5987,protein_coding,"nuclear receptor subfamily 4, group A, member 3 [Source:MGI Symbol;Acc:MGI:1352457]",NGFIB-like,1.21243781
ENSMUSG00000026048,"N.A.,""skin basal cell, skin squamous cell, melanoma""",436.1652146,375.1822878,290.4009538,482.8284296,599.7626831,612.1197496,582.4763919,599.7841231,-0.593961264,0.001126314,0.069345756,Ercc5,1,44147744,44181260,+,5864,protein_coding,"excision repair cross-complementing rodent repair deficiency, complementation group 5 [Source:MGI Symbol;Acc:MGI:103582]",-,1.158980112
ENSMUSG00000015522,"AML,N.A.",775.8095258,700.3402705,665.4575361,961.0409086,1079.971343,1210.130356,1104.893843,1044.906931,-0.51618294,0.001252845,0.069345756,Arnt,3,95434388,95497240,+,8007,protein_coding,aryl hydrocarbon receptor nuclear translocator [Source:MGI Symbol;Acc:MGI:88071],bHLH,1.158980112
ENSMUSG00000008682,"T-ALL,N.A.",5204.844189,6248.68819,7516.13391,3875.552098,3230.947477,3611.94065,4036.342133,3419.523947,0.675902929,0.001337595,0.069407112,Rpl10,X,74270812,74273135,+,2053,protein_coding,ribosomal protein L10 [Source:MGI Symbol;Acc:MGI:105943],-,1.158596026
ENSMUSG00000000184,"NHL,CLL,N.A.",1845.734635,1588.815427,1774.55343,1458.64038,2344.255138,2434.369855,1927.605997,2534.936671,-0.470832716,0.001611071,0.070336522,Ccnd2,6,127125162,127152193,-,9409,protein_coding,cyclin D2 [Source:MGI Symbol;Acc:MGI:88314],-,1.152819108
ENSMUSG00000026596,"AML,N.A.",1645.408231,1122.284409,1356.633238,2517.539441,3528.836252,3514.261967,2021.984333,3030.984547,-0.86459013,0.001621299,0.070336522,Abl2,1,156558786,156649568,+,10800,protein_coding,"v-abl Abelson murine leukemia viral oncogene 2 (arg, Abelson-related gene) [Source:MGI Symbol;Acc:MGI:87860]",-,1.152819108
ENSMUSG00000030172,"papillary thyroid,N.A.",1059.908789,813.4386993,927.9971438,1118.906418,1343.986478,1487.971944,1202.132128,1481.542229,-0.49191863,0.001754101,0.070499528,Erc1,6,119570796,119848167,-,16271,protein_coding,ELKS/RAB6-interacting/CAST family member 1 [Source:MGI Symbol;Acc:MGI:2151013],-,1.151813793
ENSMUSG00000019850,"marginal zone B-cell lymphomas, Hodgkin lymphoma, PMBL,N.A.",122.9275657,127.2357324,109.302204,165.2510304,225.160077,215.9784223,166.8303905,205.5863818,-0.630222225,0.002072934,0.071545691,Tnfaip3,10,19000910,19015657,-,7226,protein_coding,"tumor necrosis factor, alpha-induced protein 3 [Source:MGI Symbol;Acc:MGI:1196377]",-,1.145416518
ENSMUSG00000040274,"ALL,N.A.",55.54504821,50.02430504,48.22156059,87.70306082,131.5094255,109.6171892,78.17195439,125.426554,-0.876639175,0.002249307,1,Cdk6,5,3341485,3531008,+,13989,protein_coding,cyclin-dependent kinase 6 [Source:MGI Symbol;Acc:MGI:1277162],-,0
ENSMUSG00000048154,"medulloblastoma, renal,N.A.",3697.843291,3218.955281,3027.242415,3639.215429,4438.443112,4698.344674,4071.614844,4483.292015,-0.381017682,0.002380218,0.074326591,Kmt2d,15,98831669,98871204,-,19931,protein_coding,lysine (K)-specific methyltransferase 2D [Source:MGI Symbol;Acc:MGI:2682319],-,1.128855783
ENSMUSG00000028329,"N.A.,""skin basal cell, skin squamous cell, melanoma""",230.3753639,313.1956489,310.7611682,238.1830494,200.2529889,196.4426856,181.1301382,168.8071667,0.547863898,0.002764104,0.076800424,Xpa,4,46155347,46196311,-,1894,protein_coding,"xeroderma pigmentosum, complementation group A [Source:MGI Symbol;Acc:MGI:99135]",-,1.114636385
ENSMUSG00000034041,"T-ALL,N.A.",72.84596486,92.43621583,128.5908282,76.62477946,49.81417634,61.86316618,56.2456745,39.60838549,0.835115796,0.003020415,1,Lyl1,8,84701457,84704715,+,1800,protein_coding,lymphoblastomic leukemia 1 [Source:MGI Symbol;Acc:MGI:96891],bHLH,0
ENSMUSG00000031376,"adrenal aldosterone producing adenoma,N.A.",2586.942327,1543.141062,1686.68303,3508.122433,4117.639816,3922.3418,3142.13124,5082.133081,-0.802343634,0.003353146,0.079230515,Atp2b3,X,73503086,73571005,+,4820,protein_coding,"ATPase, Ca++ transporting, plasma membrane 3 [Source:MGI Symbol;Acc:MGI:1347353]",-,1.101107523
ENSMUSG00000032624,"NSCLC,N.A.",757.5980346,632.9162072,576.5155466,1041.358449,1180.595979,1162.376333,1017.188724,1211.827985,-0.603095234,0.003361956,0.079230515,Eml4,17,83350931,83480361,+,5445,protein_coding,echinoderm microtubule associated protein like 4 [Source:MGI Symbol;Acc:MGI:1926048],-,1.101107523
ENSMUSG00000005125,"prostate,N.A.",2750.845748,2646.938227,3474.095543,2968.979406,2002.529889,2170.63741,2523.42882,2055.863818,0.435928284,0.003377598,0.079230515,Ndrg1,15,66929318,66969640,-,6596,protein_coding,N-myc downstream regulated gene 1 [Source:MGI Symbol;Acc:MGI:1341799],-,1.101107523
ENSMUSG00000026656,"ALL,N.A.",109.2689473,86.99879137,137.1635501,179.0988821,64.75842924,94.42272733,71.49873877,57.52646464,0.834363978,0.003653891,0.08044408,Fcgr2b,1,170958617,170976547,-,5790,protein_coding,"Fc receptor, IgG, low affinity IIb [Source:MGI Symbol;Acc:MGI:95499]",-,1.094505912
ENSMUSG00000031565,"MPN, NHL,N.A.",2942.97698,2491.427888,2783.991431,3032.679524,3692.22675,3923.427118,3514.877998,3322.389097,-0.361033064,0.003861832,0.081091787,Fgfr1,8,25513654,25575718,+,9875,protein_coding,fibroblast growth factor receptor 1 [Source:MGI Symbol;Acc:MGI:95522],-,1.091023131
ENSMUSG00000006586,"AML,N.A.",509.0111795,369.7448633,324.6918413,562.2227794,727.2869745,651.191223,586.289658,716.723166,-0.601515085,0.003888655,0.081372955,Runx1t1,4,13743436,13893649,+,7959,protein_coding,"runt-related transcription factor 1; translocated to, 1 (cyclin D-related) [Source:MGI Symbol;Acc:MGI:104793]",-,1.089519914
ENSMUSG00000015968,"adrenal aldosterone producing adenoma,N.A.",805.8584863,654.6659051,561.5132833,1277.695118,1583.094524,1432.62069,1057.228017,1503.232535,-0.756367115,0.004175974,0.083133311,Cacna1d,14,30039939,30491455,-,12621,protein_coding,"calcium channel, voltage-dependent, L type, alpha 1D subunit [Source:MGI Symbol;Acc:MGI:88293]",-,1.080224925
ENSMUSG00000002413,"melanoma, colorectal, papillary thyroid, borderline ovarian, NSCLC, cholangiocarcinoma, pilocytic astrocytoma,N.A.",2367.493858,2027.071839,2154.967963,3735.227201,4907.692653,4419.417766,2896.175579,4405.961357,-0.693048888,0.004378997,0.083844305,Braf,6,39603237,39725463,-,13862,protein_coding,Braf transforming gene [Source:MGI Symbol;Acc:MGI:88190],-,1.07652643
ENSMUSG00000058558,"T-ALL,N.A.",5088.290646,5781.069687,6517.411811,4424.850216,4034.948283,3763.885269,4341.403418,3941.977413,0.43948632,0.004673681,0.084011364,Rpl5,5,107900502,107909005,+,3920,protein_coding,ribosomal protein L5 [Source:MGI Symbol;Acc:MGI:102854],-,1.075661966
ENSMUSG00000072214,"AML,N.A.",2879.236761,3611.537327,3955.239559,2170.419958,2030.425827,2023.034066,2460.50993,1898.373333,0.584528554,0.004901989,0.084711754,5-Sep,16,18620502,18629954,-,3915,protein_coding,septin 5 [Source:MGI Symbol;Acc:MGI:1195461],-,1.072056328
ENSMUSG00000031673,"aneurysmal bone cyst,N.A.",1375.878161,1012.448435,1051.230021,1920.235437,2577.385484,2260.718862,1577.738836,2205.809849,-0.685404604,0.004953037,0.084711754,Cdh11,8,102632095,102785642,-,8904,protein_coding,cadherin 11 [Source:MGI Symbol;Acc:MGI:99217],-,1.072056328
ENSMUSG00000037138,"ALL, T-ALL,N.A.",1174.641183,1061.385255,1312.698038,1439.253388,1925.816057,1833.103293,1419.488294,1671.096645,-0.45724171,0.005012024,0.084711754,Aff3,1,38177326,38664955,-,6654,protein_coding,"AF4/FMR2 family, member 3 [Source:MGI Symbol;Acc:MGI:106927]",AF-4,1.072056328
ENSMUSG00000038037,"Hodgkin lymphoma, PMBL,N.A.",20.9432149,51.11178993,40.72042894,20.31018251,5.97770116,17.36509928,10.48648169,16.97502235,1.385145505,0.005112399,1,Socs1,16,10782240,10785536,-,2908,protein_coding,suppressor of cytokine signaling 1 [Source:MGI Symbol;Acc:MGI:1354910],-,0
ENSMUSG00000021068,"MPN,N.A.",934.2494993,605.7290849,644.0257314,1599.888467,2107.139659,2097.921057,1022.908623,1946.46923,-0.922558956,0.005489437,0.085708794,Nin,12,70011435,70113717,-,17005,protein_coding,ninein [Source:MGI Symbol;Acc:MGI:105108],-,1.066974613
ENSMUSG00000036712,cylindroma,2419.396608,1817.187255,2036.021447,3329.946741,4234.204989,3870.246502,2812.283725,3705.270157,-0.606424582,0.006435681,0.088845595,Cyld,8,88697028,88751945,+,12576,protein_coding,CYLD lysine 63 deubiquitinase [Source:MGI Symbol;Acc:MGI:1921506],-,1.051364099
ENSMUSG00000025408,"liposarcoma,N.A.",539.9707145,541.5674763,651.5268631,434.8225437,372.610039,385.2881402,429.9457492,395.1407981,0.452684925,0.006608149,0.089457353,Ddit3,10,127290774,127296288,+,1713,protein_coding,DNA-damage inducible transcript 3 [Source:MGI Symbol;Acc:MGI:109247],TF_bZIP,1.048383957
ENSMUSG00000034342,"AML, JMML, MDS,N.A.",1205.600718,1012.448435,1064.089104,2316.283996,2943.021538,2805.548852,1358.476037,2994.205332,-0.851206363,0.00782806,0.09266291,Cbl,9,44142976,44234049,-,12345,protein_coding,Casitas B-lineage lymphoma [Source:MGI Symbol;Acc:MGI:88279],-,1.033094065
ENSMUSG00000014313,"uterine leiomyoma,N.A.",5025.461001,6440.085531,6986.768334,3728.76487,3465.074106,3535.968341,4364.283015,3739.220201,0.554219991,0.008820029,0.09568853,Cox6c,15,35925886,35938246,-,3567,protein_coding,cytochrome c oxidase subunit 6C [Source:MGI Symbol;Acc:MGI:104614],-,1.019140117
ENSMUSG00000005371,"DLBCL,N.A.",2846.456077,2082.533568,2011.374872,3285.633616,4016.018896,3744.349532,3118.298327,3726.017406,-0.513928405,0.008875569,0.09568853,Fbxo11,17,87990859,88065291,-,4144,protein_coding,F-box protein 11 [Source:MGI Symbol;Acc:MGI:2147134],-,1.019140117
ENSMUSG00000060579,"pleomorphic salivary gland adenoma,N.A.",44.61815348,64.16160864,88.94198953,38.77398479,34.86992344,17.36509928,35.27271113,32.06393111,0.975353164,0.008884382,1,Fhit,14,9550092,11162035,-,1491,protein_coding,fragile histidine triad gene [Source:MGI Symbol;Acc:MGI:1277947],-,0
ENSMUSG00000006335,"pre-B ALL,N.A.",561.824504,751.4520605,751.1847549,417.2819315,350.6918014,426.530251,449.0120795,445.1228083,0.569396212,0.009605956,0.097393208,Tfpt,7,3620324,3629929,-,1201,protein_coding,TCF3 (E2A) fusion partner [Source:MGI Symbol;Acc:MGI:1916964],-,1.011471331
ENSMUSG00000027630,"splenic marginal zone lymphoma,N.A.",1913.117152,1549.665971,1508.799051,2359.673931,2846.382036,2716.552718,2180.234874,2502.87274,-0.482574412,0.009769807,0.097393208,Tbl1xr1,3,22076652,22216594,+,8903,protein_coding,transducin (beta)-like 1X-linked receptor 1 [Source:MGI Symbol;Acc:MGI:2441730],-,1.011471331
ENSMUSG00000014592,"epithelioid haemangioendothelioma,N.A.",7373.832793,5223.189937,5750.153203,7877.581242,11281.91466,10442.93658,6677.982202,9868.146327,-0.545237223,0.010239763,0.098280796,Camta1,4,150917322,151861876,-,14570,protein_coding,calmodulin binding transcription activator 1 [Source:MGI Symbol;Acc:MGI:2140230],CG-1,1.007531336
ENSMUSG00000002028,"AML, ALL,N.A.",2240.923994,2263.056061,2015.661233,4721.194243,5260.377021,4790.596764,3093.512098,5966.720357,-0.765563121,0.011016686,0.099983646,Kmt2a,9,44803355,44881296,-,16670,protein_coding,lysine (K)-specific methyltransferase 2A [Source:MGI Symbol;Acc:MGI:96995],-,1.000071028
ENSMUSG00000055024,"colorectal, breast, pancreatic, AML, ALL, DLBCL,N.A.",985.2416747,687.2904518,782.2608718,1880.538262,2203.779161,2023.034066,1225.011724,2160.543123,-0.811838269,0.01111978,0.100392883,Ep300,15,81585351,81652077,+,14273,protein_coding,E1A binding protein p300 [Source:MGI Symbol;Acc:MGI:1276116],-,0.998297074
ENSMUSG00000000489,"DFSP,N.A.",764.882631,980.9113727,951.572129,697.9317261,577.8444455,647.9352668,696.8743739,615.8160887,0.418830845,0.01125853,0.100823393,Pdgfb,15,79995874,80014977,-,4161,protein_coding,"platelet derived growth factor, B polypeptide [Source:MGI Symbol;Acc:MGI:97528]",-,0.996438693
ENSMUSG00000026743,"AL,N.A.",575.4831224,425.2065928,428.6360941,855.7972356,949.458201,867.1696452,773.1396953,891.1886735,-0.606287393,0.011370973,0.10101828,Mllt10,2,18055237,18212388,+,5907,protein_coding,"myeloid/lymphoid or mixed-lineage leukemia; translocated to, 10 [Source:MGI Symbol;Acc:MGI:1329038]",-,0.995600032
ENSMUSG00000024639,"uveal melanoma,N.A.",5939.67786,4509.799848,5281.86827,6880.535919,8912.75243,8256.019388,6498.758696,7224.758124,-0.450050529,0.011859526,0.101907811,Gnaq,19,16132831,16387463,+,6185,protein_coding,"guanine nucleotide binding protein, alpha q polypeptide [Source:MGI Symbol;Acc:MGI:95776]",-,0.991792527
ENSMUSG00000030057,"aneurysmal bone cyst,N.A.",6579.811776,6592.333416,6763.877565,5611.149513,5136.837864,4960.9918,5513.029418,5245.281907,0.292594237,0.011940629,0.102147098,Cnbp,6,87842615,87851106,-,3036,protein_coding,cellular nucleic acid binding protein [Source:MGI Symbol;Acc:MGI:88431],-,0.990773967
ENSMUSG00000063550,"AML,N.A.",733.0125214,638.3536317,713.6790967,894.5712204,1042.112569,982.213428,855.1249157,1033.59025,-0.392520314,0.012303212,0.10301708,Nup98,7,102119398,102210176,-,12602,protein_coding,nucleoporin 98 [Source:MGI Symbol;Acc:MGI:109404],-,0.987090763
ENSMUSG00000029455,"leiomyoma,N.A.",2573.283709,2985.146029,3228.701379,2144.570635,1714.603949,1832.017974,2283.193058,2181.290372,0.448154326,0.012408093,0.103505506,Aldh2,5,121566027,121593824,-,5126,protein_coding,"aldehyde dehydrogenase 2, mitochondrial [Source:MGI Symbol;Acc:MGI:99600]",-,0.985036546
ENSMUSG00000026812,"renal cell carcinoma, bladder carcinoma,""hamartoma, renal cell carcinoma, tuberous sclerosis tuber""",1476.951938,1353.918691,1274.12079,1973.780464,2028.43326,2167.381454,1835.134295,2201.094565,-0.437102953,0.0124875,0.103913842,Tsc1,2,28641228,28691167,+,11833,protein_coding,tuberous sclerosis 1 [Source:MGI Symbol;Acc:MGI:1929183],-,0.983326598
ENSMUSG00000009863,"N.A.,""paraganglioma, pheochromocytoma""",2720.796788,3382.078015,3535.176186,2069.792235,2041.384946,2082.726595,2350.878531,1911.576128,0.481121139,0.012901497,0.105333244,Sdhb,4,140961203,140979193,+,2239,protein_coding,"succinate dehydrogenase complex, subunit B, iron sulfur (Ip) [Source:MGI Symbol;Acc:MGI:1914930]",-,0.977434542
ENSMUSG00000032228,"extraskeletal myxoid chondrosarcoma,N.A.",733.923096,444.7813209,532.5803469,1233.381992,1350.960462,1300.211808,988.5892281,1258.037768,-0.733369955,0.013098675,0.106260683,Tcf12,9,71842688,72111871,-,15529,protein_coding,transcription factor 12 [Source:MGI Symbol;Acc:MGI:101877],bHLH,0.973627397
ENSMUSG00000030257,"pilocytic astrocytoma,N.A.",11576.13439,9706.890147,8704.527481,10547.44705,13734.7647,13097.62613,11476.97755,13000.03795,-0.339989365,0.01402611,0.107142269,Srgap3,6,112717971,112947266,-,9852,protein_coding,SLIT-ROBO Rho GTPase activating protein 3 [Source:MGI Symbol;Acc:MGI:2152938],-,0.970039161
ENSMUSG00000039830,"T-ALL,N.A.",849.5660652,796.038941,1046.94366,671.1592128,484.193794,595.839969,762.6532136,527.1687497,0.504873107,0.014194564,0.107233465,Olig2,16,91225457,91228677,+,2530,protein_coding,oligodendrocyte transcription factor 2 [Source:MGI Symbol;Acc:MGI:1355331],bHLH,0.969669661
ENSMUSG00000024014,"NHL,N.A.",62.82964469,67.42406331,55.72269224,73.85520912,35.86620696,37.98615467,56.2456745,24.51947673,0.749662619,0.014582091,1,Pim1,17,29490812,29496111,+,2638,protein_coding,proviral integration site 1 [Source:MGI Symbol;Acc:MGI:97584],-,0
ENSMUSG00000033306,"lipoma, leukaemia,N.A.",124.7487148,102.2235799,129.6624185,288.0353155,281.9482381,272.4149949,210.6829503,365.9060374,-0.809201327,0.014601803,0.108435032,Lpp,16,24393507,24992578,+,22046,protein_coding,LIM domain containing preferred translocation partner in lipoma [Source:MGI Symbol;Acc:MGI:2441849],-,0.964830389
ENSMUSG00000054263,"salivary adenoma,N.A.",910.5745608,757.9769698,699.7484237,1399.556213,1574.127972,1540.067242,1002.888976,1704.103633,-0.627116396,0.015035347,0.108891275,Lifr,15,7090614,7197489,+,10776,protein_coding,leukemia inhibitory factor receptor [Source:MGI Symbol;Acc:MGI:96788],-,0.963006915
ENSMUSG00000031925,"salivary gland mucoepidermoid,N.A.",351.4817805,241.4216461,291.472544,400.6645095,477.2198093,554.5978582,339.3806801,504.5353866,-0.543966963,0.015058186,0.108891275,Maml2,9,13297957,13709388,+,6598,protein_coding,mastermind like transcriptional coactivator 2 [Source:MGI Symbol;Acc:MGI:2389460],-,0.963006915
ENSMUSG00000017009,"NSCLC,N.A.",1796.563608,1489.854302,2551.45635,1826.993235,1363.912148,1418.511547,1349.896188,1497.574194,0.445067197,0.015454309,0.10967217,Sdc4,2,164424247,164443887,-,2547,protein_coding,syndecan 4 [Source:MGI Symbol;Acc:MGI:1349164],-,0.959903563
ENSMUSG00000054387,"glioblastoma, bladder, retinoblastoma,N.A.",1400.463674,1004.83604,1041.585709,2637.554156,2652.106748,2866.3267,1917.119516,2670.73685,-0.731752513,0.015499638,0.10967367,Mdm4,1,132959484,133030561,-,14798,protein_coding,transformed mouse 3T3 cell double minute 4 [Source:MGI Symbol;Acc:MGI:107934],-,0.959897625
ENSMUSG00000003814,"MPN, MDS,N.A.",10865.88623,10357.20611,10232.61516,6570.344041,6669.121928,6637.809199,7409.17597,7310.576293,0.440142636,0.015533131,0.10967367,Calr,8,84841850,84846934,-,2880,protein_coding,calreticulin [Source:MGI Symbol;Acc:MGI:88252],-,0.959897625
ENSMUSG00000037369,"renal, oesophageal SCC, MM,N.A.",427.9700436,245.7715856,363.2690898,769.0173649,713.3390051,949.6538668,632.0488508,752.5593243,-0.753824023,0.01559136,0.10982844,Kdm6a,X,18162575,18279936,+,8383,protein_coding,lysine (K)-specific demethylase 6A [Source:MGI Symbol;Acc:MGI:1095419],-,0.959285184
ENSMUSG00000025337,"N.A.,""AML, MDS""",1692.758108,1906.361016,1802.414776,1489.105654,1321.071956,1353.392425,1509.100046,1338.197595,0.319139717,0.016133546,0.110374954,Sbds,5,130245731,130255530,-,2033,protein_coding,SBDS ribosome maturation factor [Source:MGI Symbol;Acc:MGI:1913961],-,0.957129463
ENSMUSG00000020184,"sarcoma, glioma, colorectal, other tumour types,N.A.",1142.771074,831.9259425,802.6210862,1137.37022,1204.506784,1413.084954,1232.638256,1360.830959,-0.411925425,0.017197992,0.112208332,Mdm2,10,117688875,117710758,-,5083,protein_coding,transformed mouse 3T3 cell double minute 2 [Source:MGI Symbol;Acc:MGI:96952],-,0.949974893
ENSMUSG00000022105,"retinoblastoma, sarcoma, breast, small cell lung carcinoma",508.1006049,331.6828921,562.5848735,949.0394371,1272.254064,1318.662226,572.9432267,929.8540022,-0.799296244,0.017482837,0.113028179,Rb1,14,73183673,73325822,-,6015,protein_coding,RB transcriptional corepressor 1 [Source:MGI Symbol;Acc:MGI:97874],-,0.946813271
ENSMUSG00000033014,"papillary thyroid,N.A.",1010.737762,842.8007914,895.8494367,1941.46881,2412.998702,1929.696657,1240.264789,2101.130544,-0.711717372,0.017515808,0.113028179,Trim33,3,103279293,103358775,+,9805,protein_coding,tripartite motif-containing 33 [Source:MGI Symbol;Acc:MGI:2137357],-,0.946813271
ENSMUSG00000034120,"MDS, CLL,N.A.",1833.897165,1822.624679,1663.108045,1972.857273,2059.31805,2459.332185,2347.065265,2094.529147,-0.296852423,0.018902181,0.115752958,Srsf2,11,116849901,116853094,-,2958,protein_coding,serine/arginine-rich splicing factor 2 [Source:MGI Symbol;Acc:MGI:98284],-,0.936467903
ENSMUSG00000020275,"Hodgkin lymphoma,N.A.",66.47194294,40.23694101,64.29541412,135.7089467,165.3830654,170.3950367,102.9581838,114.1098725,-0.845464348,0.019392294,0.116531423,Rel,11,23736847,23770970,-,7466,protein_coding,reticuloendotheliosis oncogene [Source:MGI Symbol;Acc:MGI:97897],RHD,0.933556952
ENSMUSG00000027523,"pituitary adenoma,N.A.",2508.632915,3495.176443,2255.697445,2043.019722,1907.882954,1873.260085,1796.048318,2020.970717,0.439095981,0.019758061,0.116748729,Gnas,2,174284320,174346744,+,11186,protein_coding,"GNAS (guanine nucleotide binding protein, alpha stimulating) complex locus [Source:MGI Symbol;Acc:MGI:95777]",-,0.932747838
ENSMUSG00000038170,"MPN,N.A.",4424.481791,3126.519065,3671.268146,5518.830501,5962.756907,5795.601884,5103.103315,6005.385685,-0.44971258,0.01989672,0.116966843,Pde4dip,3,97689824,97888707,-,16857,protein_coding,phosphodiesterase 4D interacting protein (myomegalin) [Source:MGI Symbol;Acc:MGI:1891434],-,0.931937231
ENSMUSG00000048756,"AL,N.A.",1423.228038,1054.860345,1305.196907,1560.191293,1878.990731,1931.867295,1476.687285,1733.338394,-0.393377656,0.020829735,0.118190909,Foxo3,10,42181841,42276755,-,7571,protein_coding,forkhead box O3 [Source:MGI Symbol;Acc:MGI:1890081],Fork,0.927415928
ENSMUSG00000054823,"AML,N.A.",1982.320819,1405.030481,1423.071832,2483.381407,2761.697936,2725.235268,2072.510108,2811.252313,-0.507439594,0.020904846,0.118190909,Nsd3,8,25601601,25719667,+,16513,protein_coding,nuclear receptor binding SET domain protein 3 [Source:MGI Symbol;Acc:MGI:2142581],-,0.927415928
ENSMUSG00000038366,"AML,N.A.",2614.259564,3401.652743,2539.668858,2344.902889,1915.853222,1735.424609,2319.419086,2278.425222,0.401789853,0.021540796,0.119994352,Lasp1,11,97799000,97838764,+,6495,protein_coding,LIM and SH3 protein 1 [Source:MGI Symbol;Acc:MGI:109656],-,0.920839196
ENSMUSG00000047454,"AL,N.A.",1468.756767,1391.980662,1475.579754,1634.046502,1750.470156,1719.144829,1808.441433,1848.391323,-0.2552106,0.022496164,0.121991893,Gphn,12,78226379,78684772,+,3749,protein_coding,gephyrin [Source:MGI Symbol;Acc:MGI:109602],-,0.91366903
ENSMUSG00000003379,"DLBCL, WM,N.A.",11.83746929,6.524909353,16.07385353,9.231901139,4.981417634,0,5.719899102,1.886113595,1.778327125,0.022870916,1,Cd79a,7,24897381,24902197,+,1457,protein_coding,CD79A antigen (immunoglobulin-associated alpha) [Source:MGI Symbol;Acc:MGI:101774],-,0
ENSMUSG00000003068,"NSCLC, pancreatic,""jejunal hamartoma, ovarian, testicular, pancreatic""",2148.045389,2750.249292,2939.372015,1723.595943,1610.990463,1698.523773,2012.451167,1697.502235,0.445552194,0.023105008,0.122726993,Stk11,10,80115803,80130682,+,4580,protein_coding,serine/threonine kinase 11 [Source:MGI Symbol;Acc:MGI:1341870],-,0.911059906
ENSMUSG00000079487,"uterine leiomyoma,N.A.",625.5647232,586.1543569,473.642884,1020.125076,1006.246362,956.165779,934.2501867,1007.18466,-0.52835515,0.023392504,0.123263337,Med12,X,101274030,101297465,+,7704,protein_coding,mediator complex subunit 12 [Source:MGI Symbol;Acc:MGI:1926212],-,0.909166079
ENSMUSG00000025958,"clear cell sarcoma, angiomatoid fibrous histiocytoma,N.A.",1099.063495,673.1531482,665.4575361,1339.548855,1623.942149,1380.525393,1012.422141,1786.149574,-0.61900272,0.023630662,0.123729085,Creb1,1,64532645,64604548,+,13742,protein_coding,cAMP responsive element binding protein 1 [Source:MGI Symbol;Acc:MGI:88494],TF_bZIP,0.907528198
ENSMUSG00000028552,"ALL,N.A.",6770.121859,4113.955347,4745.001562,7752.027387,9437.793849,8479.595042,6887.711835,8337.565145,-0.503237313,0.024145392,0.124668606,Eps15,4,109280268,109387817,+,6931,protein_coding,epidermal growth factor receptor pathway substrate 15 [Source:MGI Symbol;Acc:MGI:104583],-,0.904242898
ENSMUSG00000070327,"ALCL,N.A.",144.7813552,137.0230964,184.3135205,366.5064752,460.2829893,337.5341172,190.6633034,490.3895346,-0.827879953,0.024757821,0.126078668,Rnf213,11,119393100,119487418,+,16888,protein_coding,ring finger protein 213 [Source:MGI Symbol;Acc:MGI:1289196],-,0.899358387
ENSMUSG00000058076,"N.A.,""paraganglioma, pheochromocytoma""",1690.026385,2032.509263,2359.641698,1369.090939,1278.231765,1394.634536,1505.28678,1375.919867,0.423603086,0.024861053,0.126094182,Sdhc,1,171127165,171150603,-,3250,protein_coding,"succinate dehydrogenase complex, subunit C, integral membrane protein [Source:MGI Symbol;Acc:MGI:1913302]",-,0.899304953
ENSMUSG00000021488,"AML,N.A.",3062.262248,2656.725592,2697.192622,4027.878467,4397.595487,4460.659877,3311.82158,4482.348958,-0.420097751,0.025027941,0.126232669,Nsd1,13,55209782,55318325,+,17483,protein_coding,nuclear receptor-binding SET-domain protein 1 [Source:MGI Symbol;Acc:MGI:1276545],-,0.898828235
ENSMUSG00000022443,"ALCL,N.A.",2842.813779,2651.288167,3044.387859,2854.503832,3484.003493,3846.36949,3407.153232,3064.934591,-0.276650712,0.025597154,0.127261024,Myh9,15,77760587,77842175,-,12928,protein_coding,"myosin, heavy polypeptide 9, non-muscle [Source:MGI Symbol;Acc:MGI:107717]",-,0.895304587
ENSMUSG00000025982,"myelodysplastic syndrome,N.A.",4326.139738,2973.183695,3224.415018,7027.323147,7626.550397,7315.048071,4968.685687,7034.260651,-0.618321094,0.025891754,0.127479102,Sf3b1,1,54985169,55027481,-,11370,protein_coding,"splicing factor 3b, subunit 1 [Source:MGI Symbol;Acc:MGI:1932339]",-,0.894561005
ENSMUSG00000003119,"serous ovarian,N.A.",438.8969383,297.9708604,343.9804655,675.7751634,699.3910358,695.6892899,484.2847906,805.3705049,-0.610985009,0.026114452,0.127942863,Cdk12,11,98203059,98278504,+,11730,protein_coding,cyclin-dependent kinase 12 [Source:MGI Symbol;Acc:MGI:1098802],-,0.892983935
ENSMUSG00000045482,"melanoma,N.A.",2474.031082,2221.731635,2286.773562,3980.795771,4497.22384,3955.986679,2848.509753,4501.210094,-0.527366049,0.026378418,0.128551175,Trrap,5,144767732,144859778,+,20859,protein_coding,transformation/transcription domain-associated protein [Source:MGI Symbol;Acc:MGI:2153272],-,0.89092395
ENSMUSG00000041415,"sex cord-stromal tumour, TGCT, embryonal rhabdomyosarcoma,pleuropulmonary blastoma",1008.916613,831.9259425,870.1312711,1790.988821,1884.968433,1811.396919,1228.82499,1893.658049,-0.598594685,0.026388574,0.128551175,Dicer1,12,104687742,104751952,-,16750,protein_coding,"dicer 1, ribonuclease type III [Source:MGI Symbol;Acc:MGI:2177178]",-,0.89092395
ENSMUSG00000013663,"glioma, prostate, endometrial,""harmartoma, glioma, prostate, endometrial""",2410.290862,1418.080299,1533.445627,3841.394064,4253.134376,3709.619333,2581.581128,4363.523801,-0.695672782,0.026407926,0.128551175,Pten,19,32757497,32826160,+,11507,protein_coding,phosphatase and tensin homolog [Source:MGI Symbol;Acc:MGI:109583],-,0.89092395
ENSMUSG00000028034,"oligodendroglioma,N.A.",1902.190257,1579.028063,1262.333297,2576.623608,2716.865177,2708.955487,2069.650158,2963.084457,-0.514458036,0.026735881,0.128702519,Fubp1,3,152210422,152236826,+,15500,protein_coding,far upstream element (FUSE) binding protein 1 [Source:MGI Symbol;Acc:MGI:1196294],-,0.890412952
ENSMUSG00000020719,"prostate,N.A.",19346.97769,14530.97313,14591.84423,19751.65249,22283.87364,22730.91496,20917.67102,20546.37844,-0.342071954,0.026854851,0.128702519,Ddx5,11,106780355,106789185,-,5775,protein_coding,DEAD (Asp-Glu-Ala-Asp) box polypeptide 5 [Source:MGI Symbol;Acc:MGI:105037],-,0.890412952
ENSMUSG00000000804,"aneurysmal bone cyst,N.A.",2242.745143,1533.353698,1529.159266,3874.628908,4350.770161,3903.891382,2470.996412,4030.624752,-0.684589389,0.02705086,0.128791539,Usp32,11,84984442,85140161,-,7680,protein_coding,ubiquitin specific peptidase 32 [Source:MGI Symbol;Acc:MGI:2144475],-,0.890112669
ENSMUSG00000021945,"MPN, NHL,N.A.",1558.903648,980.9113727,1093.02204,2200.885232,2673.028702,2444.137723,1464.29417,2420.826799,-0.625543178,0.02738761,0.129116064,Zmym2,14,56886653,56962701,+,7860,protein_coding,"zinc finger, MYM-type 2 [Source:MGI Symbol;Acc:MGI:1923257]",-,0.889019723
ENSMUSG00000040943,"MDS,N.A.",547.255311,363.219954,342.9088753,1082.902004,1095.911879,1217.727587,636.8154334,1071.312522,-0.782901866,0.027848752,0.129795382,Tet2,3,133463679,133545139,-,16870,protein_coding,tet methylcytosine dioxygenase 2 [Source:MGI Symbol;Acc:MGI:2443298],-,0.88674076
ENSMUSG00000028936,"AML, CML,N.A.",2635.202779,3248.317373,3715.203346,2226.734555,2217.72713,2262.8895,2384.244609,2106.788885,0.398243193,0.02858476,0.131087416,Rpl22,4,152325742,152334071,+,2911,protein_coding,ribosomal protein L22 [Source:MGI Symbol;Acc:MGI:99262],-,0.882438996
ENSMUSG00000021188,"AML,N.A.",871.4198546,599.2041756,672.9586678,1474.334612,1525.310079,1395.719855,974.2894804,1783.320404,-0.649956196,0.028826322,0.131295735,Trip11,12,101834043,101913267,-,10150,protein_coding,thyroid hormone receptor interactor 11 [Source:MGI Symbol;Acc:MGI:1924393],-,0.881749383
ENSMUSG00000038056,"medulloblastoma,N.A.",938.8023721,711.2151195,788.6904132,2678.174521,2816.49353,2423.516668,1184.972431,3230.912588,-0.915931038,0.028894773,0.131365504,Kmt2c,5,25271798,25498783,-,20291,protein_coding,lysine (K)-specific methyltransferase 2C [Source:MGI Symbol;Acc:MGI:2444959],-,0.881518664
ENSMUSG00000047146,"AML,N.A.",145.6919297,84.82382159,81.44085788,281.5729848,370.6174719,283.268182,150.6240097,287.6323232,-0.877491792,0.029483998,0.132163767,Tet1,10,62804570,62908996,-,15457,protein_coding,tet methylcytosine dioxygenase 1 [Source:MGI Symbol;Acc:MGI:1098693],-,0.878887592
ENSMUSG00000042817,"AML, ALL,N.A.",160.2611227,159.8602791,170.3828474,227.104768,197.2641383,260.4764892,254.53551,252.7392217,-0.425990875,0.029782214,0.13228134,Flt3,5,147330741,147400489,-,6176,protein_coding,FMS-like tyrosine kinase 3 [Source:MGI Symbol;Acc:MGI:95559],-,0.878501416
ENSMUSG00000031200,"T cell prolymphocytic leukaemia,N.A.",27.31723682,35.88700144,24.64657541,120.0147148,147.449962,123.7263324,49.57245888,128.2557244,-1.107431566,0.030239309,1,Mtcp1,X,75410444,75416588,-,4478,protein_coding,mature T cell proliferation 1 [Source:MGI Symbol;Acc:MGI:102699],-,0
ENSMUSG00000025142,"alveolar soft part sarcoma,N.A.",666.5405785,918.9247339,917.2812414,613.9214258,597.770116,566.536364,653.9751307,541.3146017,0.400579102,0.030478535,0.133216754,Aspscr1,11,120672973,120709447,+,4770,protein_coding,"alveolar soft part sarcoma chromosome region, candidate 1 (human) [Source:MGI Symbol;Acc:MGI:1916188]",-,0.875441152
ENSMUSG00000031165,"N.A.,lymphoma",38.24413155,47.84933525,63.22382388,46.1595057,30.88478933,31.47424244,20.97296337,37.72227189,0.688255802,0.030761873,1,Was,X,8081453,8090498,-,2381,protein_coding,Wiskott-Aldrich syndrome [Source:MGI Symbol;Acc:MGI:105059],-,0
ENSMUSG00000059495,"AML,N.A.",4043.861624,2897.059753,3123.685536,6702.360227,6571.486142,6603.079001,4860.007604,7027.659254,-0.579777916,0.031082443,0.134218461,Arhgef12,9,42963842,43107239,-,13620,protein_coding,Rho guanine nucleotide exchange factor (GEF) 12 [Source:MGI Symbol;Acc:MGI:1916882],-,0.872187745
ENSMUSG00000024548,"atypical CML, sAML, MDS/MPN-U, CMML, JMML,neuroepithelial tumours",598.2474864,379.5322274,468.2849328,1176.144205,1224.432454,1075.550837,767.4197962,1215.600212,-0.707237992,0.031164841,0.134374811,Setbp1,18,78750380,79109391,-,9953,protein_coding,SET binding protein 1 [Source:MGI Symbol;Acc:MGI:1933199],-,0.871682135
ENSMUSG00000029687,"DLBCL,N.A.",107.4477982,78.29891223,67.51018482,116.3219544,127.5242914,151.9446187,124.8844637,123.5404405,-0.508649683,0.031350527,0.13456961,Ezh2,6,47530139,47595341,-,6678,protein_coding,enhancer of zeste 2 polycomb repressive complex 2 subunit [Source:MGI Symbol;Acc:MGI:107940],-,0.871053005
ENSMUSG00000037487,"mantle cell lymphoma,N.A.",2481.315678,1898.748622,1970.654443,4820.898775,4989.387902,4718.965729,2948.607987,5057.613604,-0.664954817,0.031518914,0.13489338,Ubr5,15,37967328,38078854,-,15388,protein_coding,ubiquitin protein ligase E3 component n-recognin 5 [Source:MGI Symbol;Acc:MGI:1918040],-,0.870009363
ENSMUSG00000030745,"NHL,N.A.",31.87010963,45.67436547,71.79654577,61.85373763,27.89593875,36.90083597,37.17934416,23.57641993,0.749956992,0.031732671,1,Il21r,7,125603429,125633570,+,3324,protein_coding,interleukin 21 receptor [Source:MGI Symbol;Acc:MGI:1890475],-,0
ENSMUSG00000079109,"N.A.,""colorectal, endometrial, ovarian, medulloblastoma, glioma""",335.0914384,357.7825295,285.0430026,327.7324904,480.2086599,367.923041,377.5133407,429.0908428,-0.341967914,0.033686084,0.137954017,Pms2,5,143909964,143933968,+,8117,protein_coding,"PMS1 homolog2, mismatch repair system component [Source:MGI Symbol;Acc:MGI:104288]",-,0.86026565
ENSMUSG00000006389,MPN,4.552872804,5.437424461,9.644312118,4.61595057,0,3.255956115,0,1.886113595,2.262121791,0.035440587,1,Mpl,4,118442415,118457513,-,3155,protein_coding,myeloproliferative leukemia virus oncogene [Source:MGI Symbol;Acc:MGI:97076],-,0
ENSMUSG00000007880,"clear cell ovarian carcinoma, RCC,N.A.",2256.403762,2136.907813,1959.93854,3406.57152,3412.271079,3366.658623,2931.44829,3271.46403,-0.411353722,0.036212869,0.141448322,Arid1a,4,133679008,133756769,-,11476,protein_coding,AT rich interactive domain 1A (SWI-like) [Source:MGI Symbol;Acc:MGI:1935147],ARID,0.849402199
ENSMUSG00000020647,"alveolar rhabdomyosarcoma,N.A.",3288.084739,2289.155698,2632.897208,4605.795478,5144.808132,4710.283179,3565.403774,4574.768524,-0.489503447,0.036739852,0.141990444,Ncoa1,12,4247362,4477182,-,8576,protein_coding,nuclear receptor coactivator 1 [Source:MGI Symbol;Acc:MGI:1276523],-,0.847740883
ENSMUSG00000031229,"Pancreatic neuroendocrine tumours, paediatric GBM,N.A.",2570.551985,1753.025646,1748.835264,5951.806665,6572.482426,5114.021738,3038.21974,6226.060976,-0.800950276,0.037250515,0.142850471,Atrx,X,105797615,105929403,-,21757,protein_coding,"ATRX, chromatin remodeler [Source:MGI Symbol;Acc:MGI:103067]",-,0.845118322
ENSMUSG00000049470,"ALL,N.A.",3816.217984,2284.805758,2534.310906,6550.033858,7300.765684,6636.723881,3574.936939,7204.010875,-0.702682686,0.03846749,0.144330607,Aff4,11,53350833,53421830,+,13450,protein_coding,"AF4/FMR2 family, member 4 [Source:MGI Symbol;Acc:MGI:2136171]",AF-4,0.840641563
ENSMUSG00000042548,"MDS, CMML,N.A.",929.6966265,744.9271511,796.1915448,1220.457331,1367.897282,1242.689917,945.6899849,1434.389389,-0.43462501,0.039217787,0.145382989,Asxl1,2,153345829,153404007,+,7444,protein_coding,additional sex combs like 1 [Source:MGI Symbol;Acc:MGI:2684063],-,0.837486408
ENSMUSG00000030062,"AML,N.A.",3538.492743,3412.527592,3369.0797,2427.99,2473.771997,2328.008622,2797.030661,2527.392217,0.33203645,0.03922324,0.145382989,Rpn1,6,88084482,88105304,+,4512,protein_coding,ribophorin I [Source:MGI Symbol;Acc:MGI:98084],-,0.837486408
ENSMUSG00000021998,"NHL,N.A.",299.5790305,259.9088892,295.7589049,368.3528555,236.1191958,208.3811913,267.8819413,239.5364265,0.362561165,0.039574596,0.145829015,Lcp1,14,75131101,75230842,+,9504,protein_coding,lymphocyte cytosolic protein 1 [Source:MGI Symbol;Acc:MGI:104808],-,0.836156056
ENSMUSG00000030795,"liposarcoma, AML, Ewing sarcoma, angiomatoid fibrous histiocytoma, fibromyxoid sarcoma,N.A.",5601.854698,5726.695442,5471.539741,6119.827265,6215.812923,7335.669127,7212.792768,6340.170849,-0.241865059,0.039972759,0.146405669,Fus,7,127967457,127985701,+,11695,protein_coding,fused in sarcoma [Source:MGI Symbol;Acc:MGI:1353633],-,0.834442107
ENSMUSG00000057110,"MPN, NHL,N.A.",295.0261577,228.3718274,204.6737349,467.1341977,411.4650965,463.431087,373.7000747,497.933989,-0.545686006,0.04051286,0.14741418,Cntrl,2,35109492,35178822,+,10194,protein_coding,centriolin [Source:MGI Symbol;Acc:MGI:1889576],-,0.831460738
ENSMUSG00000032097,"B-NHL,N.A.",3454.719884,2831.810659,2871.861831,5295.418494,5886.043076,5104.253869,3701.728036,5719.639476,-0.497822552,0.040545678,0.14741418,Ddx6,9,44604892,44640731,+,8035,protein_coding,DEAD (Asp-Glu-Ala-Asp) box polypeptide 6 [Source:MGI Symbol;Acc:MGI:104976],-,0.831460738
ENSMUSG00000044791,"clear cell renal carcinoma,N.A.",1297.568749,1036.373102,1023.368675,1995.937026,2030.425827,1890.625184,1458.574271,2190.72094,-0.499605681,0.041078391,0.14831746,Setd2,9,110532597,110618633,+,10754,protein_coding,SET domain containing 2 [Source:MGI Symbol;Acc:MGI:1918177],-,0.828807719
ENSMUSG00000063455,"pilocytic astrocytoma,N.A.",1325.79656,1126.634348,1041.585709,1412.480874,1708.626248,1611.698277,1254.564536,1643.747998,-0.341431903,0.041555483,0.148618197,D630045J12Rik,6,38123174,38254009,-,13450,protein_coding,RIKEN cDNA D630045J12 gene [Source:MGI Symbol;Acc:MGI:2669829],-,0.827928013
ENSMUSG00000024515,"colorectal, pancreatic, small intestine,gastrointestinal polyp",713.8904556,424.1191079,536.8667079,1127.215129,1126.796669,1053.844462,831.2920028,1182.593224,-0.581339181,0.041613598,0.148618197,Smad4,18,73639009,73703780,-,3712,protein_coding,SMAD family member 4 [Source:MGI Symbol;Acc:MGI:894293],MH1,0.827928013
ENSMUSG00000070544,"AML*,N.A.",1935.881516,1026.585738,1190.536751,1946.08476,2232.671383,2227.073983,1823.694497,2195.436224,-0.474846305,0.041615328,0.148618197,Top1,2,160645888,160722764,+,10426,protein_coding,topoisomerase (DNA) I [Source:MGI Symbol;Acc:MGI:98788],-,0.827928013
ENSMUSG00000009073,"meningioma, acoustic neuroma, renal,""meningioma, acoustic neuroma""",3794.364195,3846.434064,4273.501858,3267.169813,3129.326557,3094.243628,3393.806801,3034.756774,0.262785893,0.041931469,0.148779365,Nf2,11,4765845,4849536,-,6825,protein_coding,neurofibromin 2 [Source:MGI Symbol;Acc:MGI:97307],-,0.8274573
ENSMUSG00000023990,"renal cell carcinoma (childhood epithelioid),N.A.",253.1397279,265.3463137,340.7656948,283.419365,186.3050195,231.1728841,252.628877,216.9030634,0.364566237,0.042211498,0.148940287,Tfeb,17,47737030,47792419,+,5669,protein_coding,transcription factor EB [Source:MGI Symbol;Acc:MGI:103270],bHLH,0.826987815
ENSMUSG00000048109,"acute megakaryocytic leukaemia,N.A.",292.294434,179.4350072,221.8191787,421.8978821,532.0154033,393.9706899,275.5084734,500.7631594,-0.608508684,0.042462862,0.148940287,Rbm15,3,107325421,107333673,-,7423,protein_coding,RNA binding motif protein 15 [Source:MGI Symbol;Acc:MGI:2443205],-,0.826987815
ENSMUSG00000053175,"CLL,N.A.",10.92689473,16.31227338,27.86134612,31.38846387,11.95540232,14.10914316,4.766582585,10.37362477,1.075635068,0.042571423,1,Bcl3,7,19808462,19822770,-,2475,protein_coding,B cell leukemia/lymphoma 3 [Source:MGI Symbol;Acc:MGI:88140],-,0
ENSMUSG00000021767,"AML,N.A.",1111.811539,926.5371281,990.1493774,1668.204536,1641.875252,1607.357002,1459.527588,1546.613148,-0.412977955,0.043502489,0.150615979,Kat6b,14,21481434,21672478,+,16826,protein_coding,K(lysine) acetyltransferase 6B [Source:MGI Symbol;Acc:MGI:1858746],-,0.822128951
ENSMUSG00000026361,"parathyroid adenoma,""parathyroid adenoma, multiple ossifying jaw fibroma""",935.1600739,705.777695,684.7461604,1435.560627,1600.031344,1461.924296,907.5573242,1560.759,-0.555671955,0.044600678,0.152619806,Cdc73,1,143598800,143702893,-,17613,protein_coding,"cell division cycle 73, Paf1/RNA polymerase II complex component [Source:MGI Symbol;Acc:MGI:2384876]",-,0.816389103
ENSMUSG00000025231,medulloblastoma,418.864298,395.8445007,407.2042894,404.3572699,526.0377021,460.1751309,469.0317264,481.9020234,-0.252244284,0.044632603,0.152619806,Sufu,19,46396896,46488804,+,6945,protein_coding,SUFU negative regulator of hedgehog signaling [Source:MGI Symbol;Acc:MGI:1345643],-,0.816389103
ENSMUSG00000025626,"ETP ALL,N.A.",552.7187584,328.4204374,349.3384167,731.1665702,847.8372812,786.8560611,510.9776531,749.7301539,-0.560636115,0.046848437,0.155508721,Phf6,X,52912266,52956943,+,6946,protein_coding,PHD finger protein 6 [Source:MGI Symbol;Acc:MGI:1918248],-,0.80824525
ENSMUSG00000068036,"AL,N.A.",1857.572104,1327.819053,1233.400361,2620.936733,2724.835446,2503.830252,1957.158809,2785.789779,-0.502015126,0.047075999,0.156007687,Afdn,17,13760539,13906150,+,10223,protein_coding,"afadin, adherens junction formation factor [Source:MGI Symbol;Acc:MGI:1314653]",-,0.806854002
ENSMUSG00000006005,"papillary thyroid,N.A.",1883.068192,1398.505571,1290.194643,2849.887882,3115.378588,2575.461287,2013.404484,2988.546991,-0.526578532,0.047740203,0.156796565,Tpr,1,150392838,150449935,+,10496,protein_coding,"translocated promoter region, nuclear basket protein [Source:MGI Symbol;Acc:MGI:1922066]",-,0.804663455
ENSMUSG00000027823,"AML,N.A.",1536.139284,1077.697528,847.6278761,1515.878167,1839.13939,1664.878893,1392.795431,1824.814903,-0.432974823,0.048522226,0.157317444,Gmps,3,63976106,64022579,+,8105,protein_coding,guanine monophosphate synthetase [Source:MGI Symbol;Acc:MGI:2448526],-,0.803223118
ENSMUSG00000022521,"ALL, AML, DLBCL, B-NHL,N.A.",1699.13213,1419.167784,1355.561648,1772.525019,2039.392379,2006.754285,1614.91818,2078.497181,-0.308831173,0.048824252,0.157603749,Crebbp,16,4081328,4213997,-,13540,protein_coding,CREB binding protein [Source:MGI Symbol;Acc:MGI:1098280],-,0.802433457
ENSMUSG00000000171,"N.A.,""paraganglioma, pheochromocytoma""",1741.01856,1972.697594,2278.20084,1368.167749,1416.715175,1433.706009,1546.279391,1379.692095,0.349232582,0.049374241,0.158462508,Sdhd,9,50596357,50603812,-,1231,protein_coding,"succinate dehydrogenase complex, subunit D, integral membrane protein [Source:MGI Symbol;Acc:MGI:1914175]",-,0.800073476
ENSMUSG00000030180,"AML,N.A.",672.0040258,539.3925065,548.6542005,1517.724547,1528.29893,1393.549217,782.6728605,1565.474284,-0.684669902,0.049836738,0.158858699,Kdm5a,6,120364124,120444574,+,14158,protein_coding,lysine (K)-specific demethylase 5A [Source:MGI Symbol;Acc:MGI:2136980],ARID,0.798988999
