gene_id,tumour_type,SHEF21,SHEF22,SHEF24,SHEF25,SHEF26,SHEF27,SHEF28,SHEF29,log2FoldChange,pvalue,padj,gene_name,gene_chr,gene_start,gene_end,gene_strand,gene_length,gene_biotype,gene_description,tf_family,-log10(padj)
ENSMUSG00000028341,"extraskeletal myxoid chondrosarcoma,N.A.",1505.719948,1369.222924,1325.412144,1552.588162,2194.91525,2529.86279,2660.724897,2696.203047,-0.809026084,1.20E-10,4.56E-07,Nr4a3,4,48045153,48086447,+,5987,protein_coding,"nuclear receptor subfamily 4, group A, member 3 [Source:MGI Symbol;Acc:MGI:1352457]",NGFIB-like,6.340998829
ENSMUSG00000005125,"prostate,N.A.",2720.56218,2605.698668,3421.167333,2940.591007,1881.215003,1729.846514,2090.897804,1820.882619,0.635496355,3.49E-06,0.001139064,Ndrg1,15,66929318,66969640,-,6596,protein_coding,N-myc downstream regulated gene 1 [Source:MGI Symbol;Acc:MGI:1341799],-,2.943452007
ENSMUSG00000031376,"adrenal aldosterone producing adenoma,N.A.",2558.463142,1519.098772,1660.986238,3474.578926,3993.266036,4780.97777,4776.437752,5542.615402,-1.05105627,4.65E-05,0.004760711,Atp2b3,X,73503086,73571005,+,4820,protein_coding,"ATPase, Ca++ transporting, plasma membrane 3 [Source:MGI Symbol;Acc:MGI:1347353]",-,2.322328144
ENSMUSG00000066687,"APL,N.A.",1220.245532,979.5457196,1034.159157,1484.92531,1800.323744,1944.190497,1873.076802,1780.898846,-0.648269609,5.33E-05,0.005183995,Zbtb16,9,48654297,48836222,-,5283,protein_coding,zinc finger and BTB domain containing 16 [Source:MGI Symbol;Acc:MGI:103222],ZBTB,2.285335391
ENSMUSG00000026596,"AML,N.A.",1627.294227,1104.799107,1335.964788,2493.467561,2770.032369,3206.102963,3264.557802,3463.459225,-0.95287627,6.85E-05,0.006046849,Abl2,1,156558786,156649568,+,10800,protein_coding,"v-abl Abelson murine leukemia viral oncogene 2 (arg, Abelson-related gene) [Source:MGI Symbol;Acc:MGI:87860]",-,2.218470845
ENSMUSG00000040592,"DLBCL, WM,N.A.",5.40330125,11.77595947,8.442115566,10.05799163,0.986478764,0,0,0,4.879945674,9.28E-05,1,Cd79b,11,106311341,106314762,-,1431,protein_coding,CD79B antigen [Source:MGI Symbol;Acc:MGI:96431],-,0
ENSMUSG00000024548,"atypical CML, sAML, MDS/MPN-U, CMML, JMML,neuroepithelial tumours",591.6614869,373.6190777,461.1505628,1164.898303,1316.94915,1592.988384,1499.012887,1542.076853,-1.198789647,9.39E-05,0.007352924,Setbp1,18,78750380,79109391,-,9953,protein_coding,SET binding protein 1 [Source:MGI Symbol;Acc:MGI:1933199],-,2.133539936
ENSMUSG00000063455,"pilocytic astrocytoma,N.A.",1311.201103,1109.081274,1025.717041,1398.975199,1760.864593,1905.950725,1634.117053,1846.818039,-0.560364866,0.000101984,0.00748888,D630045J12Rik,6,38123174,38254009,-,13450,protein_coding,RIKEN cDNA D630045J12 gene [Source:MGI Symbol;Acc:MGI:2669829],-,2.125583109
ENSMUSG00000031925,"salivary gland mucoepidermoid,N.A.",347.6123804,237.6602729,287.0319293,396.8334879,413.3346021,656.1139773,589.1276889,596.5146621,-0.827897729,0.000118748,0.008198378,Maml2,9,13297957,13709388,+,6598,protein_coding,mastermind like transcriptional coactivator 2 [Source:MGI Symbol;Acc:MGI:2389460],-,2.086272046
ENSMUSG00000002413,"melanoma, colorectal, papillary thyroid, borderline ovarian, NSCLC, cholangiocarcinoma, pilocytic astrocytoma,N.A.",2341.430542,1995.489859,2122.1368,3699.512194,3895.604638,4604.873558,4760.813461,4476.021251,-0.803910135,0.000124016,0.008289046,Braf,6,39603237,39725463,-,13862,protein_coding,Braf transforming gene [Source:MGI Symbol;Acc:MGI:88190],-,2.081495445
ENSMUSG00000031673,"aneurysmal bone cyst,N.A.",1360.731365,996.6743879,1035.214421,1901.874781,2125.861736,2350.739649,2245.302565,2631.364497,-0.820512003,0.000161279,0.009577617,Cdh11,8,102632095,102785642,-,8904,protein_coding,cadherin 11 [Source:MGI Symbol;Acc:MGI:99217],-,2.01874254
ENSMUSG00000014592,"epithelioid haemangioendothelioma,N.A.",7292.655588,5141.812121,5662.549016,7802.258415,8796.431137,10511.91197,10398.42539,9941.911036,-0.614257647,0.000251548,0.012546166,Camta1,4,150917322,151861876,-,14570,protein_coding,calmodulin binding transcription activator 1 [Source:MGI Symbol;Acc:MGI:2140230],CG-1,1.901488961
ENSMUSG00000024639,"uveal melanoma,N.A.",5874.28901,4439.53672,5201.398453,6814.74651,7405.49608,8512.374439,8390.244418,8802.913837,-0.568208673,0.000362583,0.014996595,Gnaq,19,16132831,16387463,+,6185,protein_coding,"guanine nucleotide binding protein, alpha q polypeptide [Source:MGI Symbol;Acc:MGI:95776]",-,1.824007342
ENSMUSG00000036712,cylindroma,2392.761904,1788.875298,2005.002447,3298.106891,3647.998469,4110.775456,3875.743314,3790.893904,-0.701385383,0.00037981,0.015416644,Cyld,8,88697028,88751945,+,12576,protein_coding,CYLD lysine 63 deubiquitinase [Source:MGI Symbol;Acc:MGI:1921506],-,1.812010163
ENSMUSG00000008682,"T-ALL,N.A.",5147.544991,6151.33301,7401.624823,3838.495351,3545.404677,3493.90756,3387.71398,3449.410872,0.699687068,0.000394655,0.015741312,Rpl10,X,74270812,74273135,+,2053,protein_coding,ribosomal protein L10 [Source:MGI Symbol;Acc:MGI:105943],-,1.802959084
ENSMUSG00000022797,"NHL,N.A.",1162.610319,975.2635525,1173.454064,1998.797246,1992.687103,2323.569285,2396.031022,2354.720016,-0.771565136,0.000574073,0.018721147,Tfrc,16,32608920,32632794,+,6185,protein_coding,transferrin receptor [Source:MGI Symbol;Acc:MGI:98822],-,1.72766754
ENSMUSG00000015968,"adrenal aldosterone producing adenoma,N.A.",796.9869344,644.4661455,552.9585696,1265.47822,1280.449435,1549.717063,1521.989786,1497.77051,-0.843005325,0.000615703,0.019327908,Cacna1d,14,30039939,30491455,-,12621,protein_coding,"calcium channel, voltage-dependent, L type, alpha 1D subunit [Source:MGI Symbol;Acc:MGI:88293]",-,1.713815153
ENSMUSG00000030745,"NHL,N.A.",31.51925729,44.96275434,70.70271787,61.26231265,21.7025328,27.17036409,18.38151915,23.77413509,1.195617694,0.0006929,0.020142925,Il21r,7,125603429,125633570,+,3324,protein_coding,interleukin 21 receptor [Source:MGI Symbol;Acc:MGI:1890475],-,1.695877459
ENSMUSG00000003119,"serous ovarian,N.A.",434.0652005,293.328445,338.7398871,669.3136248,716.1835826,822.1550912,842.7926532,727.2724051,-0.839818702,0.000721804,0.020629542,Cdk12,11,98203059,98278504,+,11730,protein_coding,cyclin-dependent kinase 12 [Source:MGI Symbol;Acc:MGI:1098802],-,1.685510415
ENSMUSG00000017009,"NSCLC,N.A.",1776.785561,1466.642225,2512.584645,1809.52413,1124.585791,1239.77365,1296.816176,1312.980642,0.604938297,0.000852287,0.022197659,Sdc4,2,164424247,164443887,-,2547,protein_coding,syndecan 4 [Source:MGI Symbol;Acc:MGI:1349164],-,1.653692817
ENSMUSG00000030257,"pilocytic astrocytoma,N.A.",11448.6948,9555.655839,8571.913093,10446.59585,13059.99235,13957.51666,13099.58962,13285.41894,-0.416011459,0.000948758,0.023276757,Srgap3,6,112717971,112947266,-,9852,protein_coding,SLIT-ROBO Rho GTPase activating protein 3 [Source:MGI Symbol;Acc:MGI:2152938],-,1.633077534
ENSMUSG00000037138,"ALL, T-ALL,N.A.",1161.709769,1044.848768,1292.698946,1425.491723,1481.691103,1809.344986,1863.886042,1773.334349,-0.49224625,0.000955713,0.023276757,Aff3,1,38177326,38664955,-,6654,protein_coding,"AF4/FMR2 family, member 3 [Source:MGI Symbol;Acc:MGI:106927]",AF-4,1.633077534
ENSMUSG00000034041,"T-ALL,N.A.",72.04401667,90.99605045,126.6317335,75.89211866,54.25633201,44.27763037,46.87287384,54.03212519,0.871572186,0.001000122,0.023487188,Lyl1,8,84701457,84704715,+,1800,protein_coding,lymphoblastomic leukemia 1 [Source:MGI Symbol;Acc:MGI:96891],bHLH,1.629168968
ENSMUSG00000033014,"papillary thyroid,N.A.",999.6107313,829.6698718,882.2010767,1922.905127,1969.011613,2138.408285,2208.539526,2035.930477,-0.849372762,0.001020044,0.023636425,Trim33,3,103279293,103358775,+,9805,protein_coding,tripartite motif-containing 33 [Source:MGI Symbol;Acc:MGI:2137357],-,1.626418203
ENSMUSG00000006586,"AML,N.A.",503.4075665,363.9842018,319.7451271,556.8469911,687.5756984,696.3663685,671.8445251,668.9177099,-0.64226977,0.001058371,0.023965672,Runx1t1,4,13743436,13893649,+,7959,protein_coding,"runt-related transcription factor 1; translocated to, 1 (cyclin D-related) [Source:MGI Symbol;Acc:MGI:104793]",-,1.620410387
ENSMUSG00000048154,"medulloblastoma, renal,N.A.",3657.134396,3168.803639,2981.122059,3604.418455,4437.18148,4513.299368,4293.922874,4198.296128,-0.378956268,0.001116691,0.024486974,Kmt2d,15,98831669,98871204,-,19931,protein_coding,lysine (K)-specific methyltransferase 2D [Source:MGI Symbol;Acc:MGI:2682319],-,1.611064879
ENSMUSG00000002028,"AML, ALL,N.A.",2216.254063,2227.797423,1984.952423,4676.051745,4109.67053,5762.129807,5425.305378,5160.067956,-0.881265842,0.001144346,0.02487893,Kmt2a,9,44803355,44881296,-,16670,protein_coding,lysine (K)-specific methyltransferase 2A [Source:MGI Symbol;Acc:MGI:96995],-,1.604168302
ENSMUSG00000021068,"MPN,N.A.",923.9645138,596.2917659,634.2139319,1584.590863,1434.340123,1924.064302,2021.967107,1804.672981,-0.941861497,0.001272837,0.02603965,Nin,12,70011435,70113717,-,17005,protein_coding,ninein [Source:MGI Symbol;Acc:MGI:105108],-,1.58436486
ENSMUSG00000020647,"alveolar rhabdomyosarcoma,N.A.",3251.886803,2253.490426,2592.784743,4561.756385,4692.67948,5284.132661,5201.96992,5345.938467,-0.696909843,0.001274425,0.02603965,Ncoa1,12,4247362,4477182,-,8576,protein_coding,nuclear receptor coactivator 1 [Source:MGI Symbol;Acc:MGI:1276523],-,1.58436486
ENSMUSG00000030172,"papillary thyroid,N.A.",1048.240443,800.765244,913.85901,1108.207805,1232.111976,1382.669639,1310.602316,1419.96425,-0.464785578,0.001336504,0.02655575,Erc1,6,119570796,119848167,-,16271,protein_coding,ELKS/RAB6-interacting/CAST family member 1 [Source:MGI Symbol;Acc:MGI:2151013],-,1.575841433
ENSMUSG00000038056,"medulloblastoma,N.A.",928.4672649,700.1343176,776.6746321,2652.566701,2222.536655,3302.708702,3182.760041,2880.992915,-1.195909819,0.001338053,0.02655575,Kmt2c,5,25271798,25498783,-,20291,protein_coding,lysine (K)-specific methyltransferase 2C [Source:MGI Symbol;Acc:MGI:2444959],-,1.575841433
ENSMUSG00000059146,"congenital fibrosarcoma, secretory breast,N.A.",2929.489828,3014.645624,3289.259277,5944.273053,4563.450762,7564.430625,7495.983511,7640.142502,-0.844974725,0.001361415,0.026879574,Ntrk3,7,78175959,78738012,-,30170,protein_coding,"neurotrophic tyrosine kinase, receptor, type 3 [Source:MGI Symbol;Acc:MGI:97385]",-,1.570577622
ENSMUSG00000034342,"AML, JMML, MDS,N.A.",1192.328476,996.6743879,1047.877595,2294.136454,1988.741188,2773.389757,2704.840543,2552.477594,-0.856904422,0.001395525,0.027028558,Cbl,9,44142976,44234049,-,12345,protein_coding,Casitas B-lineage lymphoma [Source:MGI Symbol;Acc:MGI:88279],-,1.568177128
ENSMUSG00000041415,"sex cord-stromal tumour, TGCT, embryonal rhabdomyosarcoma,pleuropulmonary blastoma",997.8096309,818.9644541,856.87473,1773.863978,1672.081505,2027.714209,2053.215689,1909.495304,-0.784434347,0.001509603,0.027691778,Dicer1,12,104687742,104751952,-,16750,protein_coding,"dicer 1, ribonuclease type III [Source:MGI Symbol;Acc:MGI:2177178]",-,1.557649152
ENSMUSG00000023990,"renal cell carcinoma (childhood epithelioid),N.A.",250.3529579,261.2121919,335.5740938,280.7094027,206.1740616,161.009565,207.7111664,195.5962932,0.548495995,0.001534825,0.027939233,Tfeb,17,47737030,47792419,+,5669,protein_coding,transcription factor EB [Source:MGI Symbol;Acc:MGI:103270],bHLH,1.553785525
ENSMUSG00000032624,"NSCLC,N.A.",749.2577734,623.0553101,567.7322718,1031.401323,1036.789181,1259.899846,1195.717821,1144.400412,-0.641262476,0.001535907,0.027939233,Eml4,17,83350931,83480361,+,5445,protein_coding,echinoderm microtubule associated protein like 4 [Source:MGI Symbol;Acc:MGI:1926048],-,1.553785525
ENSMUSG00000054823,"AML,N.A.",1960.497804,1383.139967,1401.391184,2459.636135,2657.57379,2897.16586,2920.823394,2731.86425,-0.637116584,0.001601275,0.028450124,Nsd3,8,25601601,25719667,+,16513,protein_coding,nuclear receptor binding SET domain protein 3 [Source:MGI Symbol;Acc:MGI:2142581],-,1.54591583
ENSMUSG00000033335,"ETP ALL,N.A.",1611.984873,1572.62586,1827.71802,1549.845074,1344.570555,1244.805199,1313.359544,1217.884102,0.357523148,0.001613017,0.028526153,Dnm2,9,21424908,21507759,+,5330,protein_coding,dynamin 2 [Source:MGI Symbol;Acc:MGI:109547],-,1.544756795
ENSMUSG00000029204,"NHL,N.A.",28.81760667,38.53950372,37.98952005,29.25961201,13.81070269,15.09464672,17.4624432,16.20963756,1.099454572,0.00162842,0.028681635,Rhoh,5,65861213,65896700,+,10341,protein_coding,ras homolog family member H [Source:MGI Symbol;Acc:MGI:1921984],-,1.542396098
ENSMUSG00000049470,"ALL,N.A.",3774.205923,2249.208259,2495.700414,6487.404601,6243.424096,7269.581859,7287.353268,7560.174957,-0.918168151,0.001969861,0.030844799,Aff4,11,53350833,53421830,+,13450,protein_coding,"AF4/FMR2 family, member 4 [Source:MGI Symbol;Acc:MGI:2136171]",AF-4,1.510818053
ENSMUSG00000055024,"colorectal, breast, pancreatic, AML, ALL, DLBCL,N.A.",974.3953255,676.5823986,770.3430454,1862.557177,1725.351358,2059.916122,2061.487373,2109.414168,-0.892745695,0.001971301,0.030844799,Ep300,15,81585351,81652077,+,14273,protein_coding,E1A binding protein p300 [Source:MGI Symbol;Acc:MGI:1276116],-,1.510818053
ENSMUSG00000000804,"aneurysmal bone cyst,N.A.",2218.055163,1509.463896,1505.862364,3837.580988,3890.672245,4138.95213,4095.402467,4290.15074,-0.855486761,0.00215152,0.032044493,Usp32,11,84984442,85140161,-,7680,protein_coding,ubiquitin specific peptidase 32 [Source:MGI Symbol;Acc:MGI:2144475],-,1.49424659
ENSMUSG00000045482,"melanoma,N.A.",2446.794916,2187.116836,2251.934327,3942.732719,3428.013704,4950.037813,4575.160117,4334.457083,-0.67475125,0.002155258,0.032044493,Trrap,5,144767732,144859778,+,20859,protein_coding,transformation/transcription domain-associated protein [Source:MGI Symbol;Acc:MGI:2153272],-,1.49424659
ENSMUSG00000028496,"ALL,N.A.",1114.881158,763.296282,753.4588143,1005.799163,1271.571127,1325.309982,1260.053138,1269.754942,-0.494298919,0.002604284,0.034691454,Mllt3,4,87769925,88033364,-,12004,protein_coding,"myeloid/lymphoid or mixed-lineage leukemia; translocated to, 3 [Source:MGI Symbol;Acc:MGI:1917372]",-,1.459777495
ENSMUSG00000031799,"ALCL,N.A.",613.2746919,641.2545202,749.2377565,630.910384,499.1582545,491.0791732,542.254815,473.3214167,0.392400243,0.002604928,0.034691454,Tpm4,8,72134975,72153142,+,2203,protein_coding,tropomyosin 4 [Source:MGI Symbol;Acc:MGI:2449202],-,1.459777495
ENSMUSG00000040274,"ALL,N.A.",54.93356271,49.24492142,47.48690006,86.86447316,113.4450578,130.8202715,100.1792794,81.04818779,-0.831349421,0.002632467,0.034905918,Cdk6,5,3341485,3531008,+,13989,protein_coding,cyclin-dependent kinase 6 [Source:MGI Symbol;Acc:MGI:1277162],-,1.457100937
ENSMUSG00000031229,"Pancreatic neuroendocrine tumours, paediatric GBM,N.A.",2542.253238,1725.713333,1722.191576,5894.897457,5026.109302,6651.707653,6229.496841,6643.790114,-1.046508529,0.002721445,0.035469427,Atrx,X,105797615,105929403,-,21757,protein_coding,"ATRX, chromatin remodeler [Source:MGI Symbol;Acc:MGI:103067]",-,1.450145831
ENSMUSG00000026656,"ALL,N.A.",108.066025,85.6433416,135.0738491,177.3863978,93.71548257,53.3344184,73.52607661,47.54827017,0.915837206,0.002856063,0.035836938,Fcgr2b,1,170958617,170976547,-,5790,protein_coding,"Fc receptor, IgG, low affinity IIb [Source:MGI Symbol;Acc:MGI:95499]",-,1.445669103
ENSMUSG00000060579,"pleomorphic salivary gland adenoma,N.A.",44.12696021,63.16196443,87.586949,38.40324077,27.62140539,36.22715212,21.13874703,27.0160626,1.055594617,0.002920237,0.036234677,Fhit,14,9550092,11162035,-,1491,protein_coding,fragile histidine triad gene [Source:MGI Symbol;Acc:MGI:1277947],-,1.440875607
ENSMUSG00000042548,"MDS, CMML,N.A.",919.4617628,733.3211125,784.0614832,1208.787721,1265.652254,1387.701188,1217.775644,1449.141598,-0.544590823,0.00296079,0.036441589,Asxl1,2,153345829,153404007,+,7444,protein_coding,additional sex combs like 1 [Source:MGI Symbol;Acc:MGI:2684063],-,1.438402699
ENSMUSG00000079109,"N.A.,""colorectal, endometrial, ovarian, medulloblastoma, glioma""",331.4024767,352.2082423,280.7003426,324.5988208,477.4557217,429.6942765,410.8269531,405.240939,-0.418830008,0.003125798,0.037238497,Pms2,5,143909964,143933968,+,8117,protein_coding,"PMS1 homolog2, mismatch repair system component [Source:MGI Symbol;Acc:MGI:104288]",-,1.429007862
ENSMUSG00000003814,"MPN, MDS,N.A.",10746.26564,10195.83982,10076.72019,6507.520584,6461.435903,6483.65392,6318.647209,6994.998928,0.515093112,0.003181903,0.037441943,Calr,8,84841850,84846934,-,2880,protein_coding,calreticulin [Source:MGI Symbol;Acc:MGI:88252],-,1.426641622
ENSMUSG00000059495,"AML,N.A.",3999.343476,2851.923275,3076.095859,6638.274475,6140.830305,7402.41475,7050.231671,7211.127428,-0.747008977,0.003298184,0.038249908,Arhgef12,9,42963842,43107239,-,13620,protein_coding,Rho guanine nucleotide exchange factor (GEF) 12 [Source:MGI Symbol;Acc:MGI:1916882],-,1.417369606
ENSMUSG00000054263,"salivary adenoma,N.A.",900.5502084,746.1676137,689.0876831,1386.174119,1357.394779,1542.672894,1436.515722,1522.625288,-0.654061213,0.003303991,0.038288166,Lifr,15,7090614,7197489,+,10776,protein_coding,leukemia inhibitory factor receptor [Source:MGI Symbol;Acc:MGI:96788],-,1.416935435
ENSMUSG00000026361,"parathyroid adenoma,""parathyroid adenoma, multiple ossifying jaw fibroma""",924.865064,694.7816087,674.3139809,1421.834271,1265.652254,1663.430068,1565.186356,1586.383196,-0.710012437,0.003624055,0.040059002,Cdc73,1,143598800,143702893,-,17613,protein_coding,"cell division cycle 73, Paf1/RNA polymerase II complex component [Source:MGI Symbol;Acc:MGI:2384876]",-,1.397299876
ENSMUSG00000047146,"AML,N.A.",144.0880333,83.50225806,80.20009788,278.880677,246.619691,345.1642549,332.7054967,290.6928335,-1.04808726,0.003627634,0.040061469,Tet1,10,62804570,62908996,-,15457,protein_coding,tet methylcytosine dioxygenase 1 [Source:MGI Symbol;Acc:MGI:1098693],-,1.397273127
ENSMUSG00000040407,"papillary thyroid,N.A.",1226.549384,926.0186311,968.7327612,2110.349516,1714.500092,2416.149785,2329.857553,2477.913261,-0.77240405,0.003690049,0.040284351,Akap9,5,3928054,4081310,+,21350,protein_coding,A kinase (PRKA) anchor protein (yotiao) 9 [Source:MGI Symbol;Acc:MGI:2178217],-,1.394863628
ENSMUSG00000021188,"AML,N.A.",861.8265495,589.8685153,662.7060719,1460.237512,1283.408872,1622.171367,1580.810647,1652.302388,-0.7795986,0.003759876,0.040610918,Trip11,12,101834043,101913267,-,10150,protein_coding,thyroid hormone receptor interactor 11 [Source:MGI Symbol;Acc:MGI:1924393],-,1.391357197
ENSMUSG00000021767,"AML,N.A.",1099.571804,912.101588,975.0643479,1652.253716,1788.485999,1806.326057,1599.192166,1739.834431,-0.579368365,0.003903575,0.041343761,Kat6b,14,21481434,21672478,+,16826,protein_coding,K(lysine) acetyltransferase 6B [Source:MGI Symbol;Acc:MGI:1858746],-,1.383590021
ENSMUSG00000025958,"clear cell sarcoma, angiomatoid fibrous histiocytoma,N.A.",1086.964102,662.6653556,655.3192208,1326.740532,1445.191389,1558.773851,1497.174735,1480.48023,-0.680065342,0.003961657,0.041672619,Creb1,1,64532645,64604548,+,13742,protein_coding,cAMP responsive element binding protein 1 [Source:MGI Symbol;Acc:MGI:88494],TF_bZIP,1.380149203
ENSMUSG00000058558,"T-ALL,N.A.",5032.274565,5691.000049,6418.118359,4382.541262,3787.091974,4017.188646,3947.431238,4272.86046,0.425568554,0.003976174,0.041672619,Rpl5,5,107900502,107909005,+,3920,protein_coding,ribosomal protein L5 [Source:MGI Symbol;Acc:MGI:102854],-,1.380149203
ENSMUSG00000022105,"retinoblastoma, sarcoma, breast, small cell lung carcinoma",502.5070163,326.5152399,554.013834,939.9650359,907.5604627,1183.420303,998.11649,963.9331135,-0.802409811,0.00402213,0.041766313,Rb1,14,73183673,73325822,-,6015,protein_coding,RB transcriptional corepressor 1 [Source:MGI Symbol;Acc:MGI:97874],-,1.379173863
ENSMUSG00000005886,"AML, chondrosarcoma,N.A.",1457.990787,942.0767576,1138.630337,2781.491867,2566.817744,2921.317295,2958.505508,2917.73476,-0.846201994,0.004097437,0.042061257,Ncoa2,1,13139105,13374083,-,15642,protein_coding,nuclear receptor coactivator 2 [Source:MGI Symbol;Acc:MGI:1276533],-,1.376117755
ENSMUSG00000025337,"N.A.,""AML, MDS""",1674.122837,1876.659723,1774.954798,1474.867318,1375.151397,1215.622216,1372.180405,1334.593492,0.359960885,0.004199792,0.042336345,Sbds,5,130245731,130255530,-,2033,protein_coding,SBDS ribosome maturation factor [Source:MGI Symbol;Acc:MGI:1913961],-,1.373286634
ENSMUSG00000021488,"AML,N.A.",3028.550351,2615.333544,2656.10061,3989.365225,4016.941526,4273.79764,4320.576077,4384.166638,-0.467543795,0.004206381,0.042346824,Nsd1,13,55209782,55318325,+,17483,protein_coding,nuclear receptor-binding SET-domain protein 1 [Source:MGI Symbol;Acc:MGI:1276545],-,1.373179151
ENSMUSG00000061731,"N.A.,""exostoses, osteosarcoma""",763.6665767,710.8397353,824.1615322,760.7499123,956.8844009,904.6724932,988.0066545,960.691186,-0.316716037,0.004313758,0.042806615,Ext1,15,53064038,53346159,-,8077,protein_coding,exostoses (multiple) 1 [Source:MGI Symbol;Acc:MGI:894663],-,1.36848911
ENSMUSG00000006335,"pre-B ALL,N.A.",555.6394786,739.7443631,739.7403765,413.2920197,414.3210808,425.6690374,399.7980416,392.2732289,0.584189531,0.00436276,0.042947857,Tfpt,7,3620324,3629929,-,1201,protein_coding,TCF3 (E2A) fusion partner [Source:MGI Symbol;Acc:MGI:1916964],-,1.367058505
ENSMUSG00000014313,"uterine leiomyoma,N.A.",4970.1366,6339.748362,6880.324186,3693.111654,3697.322407,3697.182136,3721.338553,3740.103706,0.558680718,0.004407627,0.042947857,Cox6c,15,35925886,35938246,-,3567,protein_coding,cytochrome c oxidase subunit 6C [Source:MGI Symbol;Acc:MGI:104614],-,1.367058505
ENSMUSG00000037487,"mantle cell lymphoma,N.A.",2453.999318,1869.16593,1940.631316,4774.802935,4005.103781,4981.233417,5061.351299,5261.648351,-0.806583725,0.004539032,0.043296693,Ubr5,15,37967328,38078854,-,15388,protein_coding,ubiquitin protein ligase E3 component n-recognin 5 [Source:MGI Symbol;Acc:MGI:1918040],-,1.363545273
ENSMUSG00000050332,"Wilms tumour,N.A.",173.8061902,113.4774276,107.6369735,231.3338075,262.4033512,237.4891083,245.3932807,300.4186161,-0.736225483,0.004599957,0.043571562,Amer1,X,95420318,95444872,-,8496,protein_coding,APC membrane recruitment 1 [Source:MGI Symbol;Acc:MGI:1919595],-,1.360796874
ENSMUSG00000021945,"MPN, NHL,N.A.",1541.741957,965.6286765,1076.369735,2179.841095,2053.848786,2492.629328,2439.227592,2374.171581,-0.699149701,0.004655543,0.043805728,Zmym2,14,56886653,56962701,+,7860,protein_coding,"zinc finger, MYM-type 2 [Source:MGI Symbol;Acc:MGI:1923257]",-,1.358469095
ENSMUSG00000033237,"hepatocellular carcinoma,N.A.",630.3851459,451.7686269,567.7322718,1162.155215,1104.856216,1234.742101,1243.509771,1146.561697,-0.749533223,0.004784153,0.044397752,Arid2,15,96287518,96404992,+,10737,protein_coding,"AT rich interactive domain 2 (ARID, RFX-like) [Source:MGI Symbol;Acc:MGI:1924294]",ARID,1.352639023
ENSMUSG00000000409,"T-ALL,N.A.",40.52475938,64.2325062,45.37637117,30.17397489,26.63492662,20.12619562,21.13874703,24.85477759,0.954858489,0.005341275,0.04668874,Lck,4,129548344,129573641,-,2929,protein_coding,lymphocyte protein tyrosine kinase [Source:MGI Symbol;Acc:MGI:96756],-,1.330787847
ENSMUSG00000021998,"NHL,N.A.",296.2810186,255.859483,291.252987,364.8307873,247.6061697,183.1483802,220.5782298,204.2414332,0.498563969,0.005408735,0.046931723,Lcp1,14,75131101,75230842,+,9504,protein_coding,lymphocyte cytosolic protein 1 [Source:MGI Symbol;Acc:MGI:104808],-,1.328533497
ENSMUSG00000033306,"lipoma, leukaemia,N.A.",123.3753786,100.6309264,127.6869979,285.2812171,236.7549033,307.930793,311.5667497,306.9024711,-0.866753254,0.005418274,0.046931723,Lpp,16,24393507,24992578,+,22046,protein_coding,LIM domain containing preferred translocation partner in lipoma [Source:MGI Symbol;Acc:MGI:2441849],-,1.328533497
ENSMUSG00000013663,"glioma, prostate, endometrial,""harmartoma, glioma, prostate, endometrial""",2383.756402,1395.986468,1510.083422,3804.663924,3960.712237,4121.844864,3654.246008,4037.280395,-0.794264634,0.005521567,0.047258716,Pten,19,32757497,32826160,+,11507,protein_coding,phosphatase and tensin homolog [Source:MGI Symbol;Acc:MGI:109583],-,1.325518079
ENSMUSG00000024014,"NHL,N.A.",62.13796438,66.37358974,54.87375118,73.14903003,46.3645019,36.22715212,39.52026618,36.74184513,0.691765591,0.005884299,0.048695102,Pim1,17,29490812,29496111,+,2638,protein_coding,proviral integration site 1 [Source:MGI Symbol;Acc:MGI:97584],-,1.312514717
ENSMUSG00000032097,"B-NHL,N.A.",3416.687491,2787.690769,2828.108715,5244.785453,4666.044553,5637.347394,5382.108808,5946.775699,-0.599310646,0.005918747,0.048701293,Ddx6,9,44604892,44640731,+,8035,protein_coding,DEAD (Asp-Glu-Ala-Asp) box polypeptide 6 [Source:MGI Symbol;Acc:MGI:104976],-,1.31245951
ENSMUSG00000040943,"MDS,N.A.",541.2306753,357.5609512,337.6846226,1072.547653,964.776231,1158.262558,1131.382504,1040.658731,-0.89470351,0.00597525,0.048701293,Tet2,3,133463679,133545139,-,16870,protein_coding,tet methylcytosine dioxygenase 2 [Source:MGI Symbol;Acc:MGI:2443298],-,1.31245951
ENSMUSG00000027630,"splenic marginal zone lymphoma,N.A.",1892.055988,1525.522022,1485.81234,2337.111509,2306.38735,2600.304474,2508.158289,2661.622487,-0.476451422,0.005999565,0.048701293,Tbl1xr1,3,22076652,22216594,+,8903,protein_coding,transducin (beta)-like 1X-linked receptor 1 [Source:MGI Symbol;Acc:MGI:2441730],-,1.31245951
ENSMUSG00000071669,"PMBL, Hodgkin lymphoma,N.A.",144.9885836,124.1828453,121.3554113,256.935968,244.6467334,289.817217,276.6418633,248.5477759,-0.708482289,0.006050399,0.048787973,Snx29,16,11322908,11755472,+,6435,protein_coding,sorting nexin 29 [Source:MGI Symbol;Acc:MGI:1921728],-,1.311687228
ENSMUSG00000032228,"extraskeletal myxoid chondrosarcoma,N.A.",725.843468,437.8515839,524.4664296,1221.588801,1128.531706,1243.798889,1293.139872,1308.658072,-0.772895707,0.006564581,0.050498304,Tcf12,9,71842688,72111871,-,15529,protein_coding,transcription factor 12 [Source:MGI Symbol;Acc:MGI:101877],bHLH,1.296723211
ENSMUSG00000020716,"neurofibroma, glioma",1837.122425,1717.148999,1715.859989,2624.221452,2347.819458,3053.143876,2758.146949,2939.347611,-0.491214288,0.006577123,0.050569293,Nf1,11,79339693,79581612,+,15850,protein_coding,neurofibromin 1 [Source:MGI Symbol;Acc:MGI:97306],-,1.296113121
ENSMUSG00000006005,"papillary thyroid,N.A.",1862.337831,1376.716716,1270.538393,2822.638196,2288.630732,3060.188044,3092.690598,3421.314167,-0.693844879,0.006889482,0.052001621,Tpr,1,150392838,150449935,+,10496,protein_coding,"translocated promoter region, nuclear basket protein [Source:MGI Symbol;Acc:MGI:1922066]",-,1.283983118
ENSMUSG00000031200,"T cell prolymphocytic leukaemia,N.A.",27.01650625,35.32787841,24.27108225,118.8671738,76.94534358,161.009565,151.647533,113.4674629,-1.288358052,0.007002903,0.052391325,Mtcp1,X,75410444,75416588,-,4478,protein_coding,mature T cell proliferation 1 [Source:MGI Symbol;Acc:MGI:102699],-,1.280740616
ENSMUSG00000030180,"AML,N.A.",664.6060538,530.9887179,540.2953962,1503.212567,1177.855644,1510.470981,1541.290381,1609.076688,-0.849578294,0.007031539,0.052442994,Kdm5a,6,120364124,120444574,+,14158,protein_coding,lysine (K)-specific demethylase 5A [Source:MGI Symbol;Acc:MGI:2136980],ARID,1.280312525
ENSMUSG00000005371,"DLBCL,N.A.",2815.119952,2050.08749,1980.731365,3254.217473,3231.70443,3606.614256,3672.627527,3803.861614,-0.5028571,0.007101411,0.052638046,Fbxo11,17,87990859,88065291,-,4144,protein_coding,F-box protein 11 [Source:MGI Symbol;Acc:MGI:2147134],-,1.278700237
ENSMUSG00000028034,"oligodendroglioma,N.A.",1881.249385,1554.42665,1243.101517,2551.986785,2346.832979,2869.995496,2898.765571,2729.702965,-0.584569552,0.00744858,0.053800392,Fubp1,3,152210422,152236826,+,15500,protein_coding,far upstream element (FUSE) binding protein 1 [Source:MGI Symbol;Acc:MGI:1196294],-,1.269214558
ENSMUSG00000007880,"clear cell ovarian carcinoma, RCC,N.A.",2231.563416,2103.614578,1930.078671,3373.99901,3248.474569,3522.084234,3498.922171,3429.959307,-0.506922921,0.007475937,0.053895958,Arid1a,4,133679008,133756769,-,11476,protein_coding,AT rich interactive domain 1A (SWI-like) [Source:MGI Symbol;Acc:MGI:1935147],ARID,1.268443804
ENSMUSG00000042323,"clear cell renal carcinoma, breast,N.A.",855.522698,601.6444747,727.0772031,1555.331251,1279.462957,1761.042117,1631.359825,1536.673641,-0.730932608,0.007980091,0.055663689,Pbrm1,14,31019138,31121592,+,8846,protein_coding,polybromo 1 [Source:MGI Symbol;Acc:MGI:1923998],HMG,1.254428015
ENSMUSG00000057406,"MM,N.A.",1295.89175,1078.035562,1020.440719,2519.984084,2100.213288,2663.701991,2553.19301,2480.074546,-0.727865302,0.008180867,0.056179244,Nsd2,5,33820725,33897975,+,16803,protein_coding,nuclear receptor binding SET domain protein 2 [Source:MGI Symbol;Acc:MGI:1276574],HMG,1.250424109
ENSMUSG00000038366,"AML,N.A.",2585.479648,3348.654657,2500.976736,2322.481703,2249.171582,2048.846714,1941.088423,1901.930807,0.401874335,0.008556126,0.057466215,Lasp1,11,97799000,97838764,+,6495,protein_coding,LIM and SH3 protein 1 [Source:MGI Symbol;Acc:MGI:109656],-,1.240587403
ENSMUSG00000068036,"AL,N.A.",1837.122425,1307.131501,1214.609377,2595.876203,2442.521419,2937.418251,2722.302987,2605.429077,-0.62226691,0.008696338,0.057840808,Afdn,17,13760539,13906150,+,10223,protein_coding,"afadin, adherens junction formation factor [Source:MGI Symbol;Acc:MGI:1314653]",-,1.237765651
ENSMUSG00000025982,"myelodysplastic syndrome,N.A.",4278.51404,2926.861199,3175.290717,6960.130207,6012.588066,7513.108826,7534.584701,6766.983359,-0.682221926,0.008777411,0.058016827,Sf3b1,1,54985169,55027481,-,11370,protein_coding,"splicing factor 3b, subunit 1 [Source:MGI Symbol;Acc:MGI:1932339]",-,1.236446026
ENSMUSG00000025408,"liposarcoma,N.A.",534.0262736,533.1298015,641.600783,430.6649143,469.5638916,373.3409288,357.5205475,345.8056012,0.467685154,0.008822061,0.058211109,Ddit3,10,127290774,127296288,+,1713,protein_coding,DNA-damage inducible transcript 3 [Source:MGI Symbol;Acc:MGI:109247],TF_bZIP,1.234994128
ENSMUSG00000044791,"clear cell renal carcinoma,N.A.",1283.284047,1020.226307,1007.777546,1976.852537,1752.972763,1962.304073,2084.464272,2146.156013,-0.58705449,0.009426469,0.059869651,Setd2,9,110532597,110618633,+,10754,protein_coding,SET domain containing 2 [Source:MGI Symbol;Acc:MGI:1918177],-,1.222793275
ENSMUSG00000024515,"colorectal, pancreatic, small intestine,gastrointestinal polyp",706.0313634,417.5112903,528.6874873,1116.437071,948.9925708,1172.350895,1171.821846,1251.384019,-0.714234075,0.009668726,0.060304083,Smad4,18,73639009,73703780,-,3712,protein_coding,SMAD family member 4 [Source:MGI Symbol;Acc:MGI:894293],MH1,1.219653282
ENSMUSG00000002068,"serous ovarian,N.A.",308.8887215,353.2787841,364.0662338,287.1099429,238.7278609,219.3755323,265.6129518,266.9186985,0.405491759,0.00985355,0.060712508,Ccne1,7,38097984,38107534,-,2662,protein_coding,cyclin E1 [Source:MGI Symbol;Acc:MGI:88316],-,1.216721826
ENSMUSG00000008575,"adenoid cystic carcinoma, lipoma,N.A.",3441.002346,2526.478577,3660.712362,3486.465644,4007.076739,4475.059597,4183.633759,4436.037478,-0.382841019,0.009948074,0.06108315,Nfib,4,82290173,82705750,-,14957,protein_coding,nuclear factor I/B [Source:MGI Symbol;Acc:MGI:103188],CTF/NFI,1.214078576
ENSMUSG00000015522,"AML,N.A.",767.2687776,689.4288999,655.3192208,951.8517533,1036.789181,1042.536933,1039.474908,926.1106258,-0.400173132,0.01015047,0.06152362,Arnt,3,95434388,95497240,+,8007,protein_coding,aryl hydrocarbon receptor nuclear translocator [Source:MGI Symbol;Acc:MGI:88071],bHLH,1.210958116
ENSMUSG00000047126,"ALCL, renal,N.A.",9770.969761,6529.234255,7082.93496,13834.3103,12793.64309,14490.86085,13863.34175,14979.86639,-0.592669993,0.010696441,0.062730923,Cltc,11,86694351,86757565,-,8499,protein_coding,"clathrin, heavy polypeptide (Hc) [Source:MGI Symbol;Acc:MGI:2388633]",-,1.202518324
ENSMUSG00000047454,"AL,N.A.",1452.587486,1370.293466,1453.099142,1618.422289,1724.364879,1711.732938,1972.337005,1817.640692,-0.293730278,0.011106816,0.063752812,Gphn,12,78226379,78684772,+,3749,protein_coding,gephyrin [Source:MGI Symbol;Acc:MGI:109602],-,1.195500653
ENSMUSG00000003068,"NSCLC, pancreatic,""jejunal hamartoma, ovarian, testicular, pancreatic""",2124.397942,2707.400136,2894.590375,1707.115488,1773.688817,1617.139818,1699.371446,1751.721499,0.46313188,0.011172826,0.063907753,Stk11,10,80115803,80130682,+,4580,protein_coding,serine/threonine kinase 11 [Source:MGI Symbol;Acc:MGI:1341870],-,1.194446452
ENSMUSG00000022637,"AML,N.A.",664.6060538,499.9430066,542.4059251,843.0425711,830.6151192,931.8428573,883.2319953,885.0462107,-0.468514854,0.011419754,0.064694986,Cblb,16,52031225,52208048,+,10475,protein_coding,Casitas B-lineage lymphoma b [Source:MGI Symbol;Acc:MGI:2146430],-,1.189129378
ENSMUSG00000026812,"renal cell carcinoma, bladder carcinoma,""hamartoma, renal cell carcinoma, tuberous sclerosis tuber""",1460.692438,1332.824504,1254.709426,1954.907828,2046.943435,2001.550155,2022.886183,1934.350082,-0.414973004,0.011556486,0.065179264,Tsc1,2,28641228,28691167,+,11833,protein_coding,tuberous sclerosis 1 [Source:MGI Symbol;Acc:MGI:1929183],-,1.185890548
ENSMUSG00000036526,"DLBCL,N.A.",12.60770292,8.56433416,21.10528892,22.85907188,10.8512664,5.031548906,0.919075958,1.080642504,1.864790174,0.012195917,1,Card11,5,140872990,141000582,-,4866,protein_coding,"caspase recruitment domain family, member 11 [Source:MGI Symbol;Acc:MGI:1916978]",-,0
ENSMUSG00000028820,"papillary renal,N.A.",3181.643886,2556.453747,2532.63467,3481.893829,3259.325836,4038.321152,4246.130924,3981.086984,-0.401406562,0.012272113,0.066764908,Sfpq,4,127021324,127037013,+,4743,protein_coding,splicing factor proline/glutamine rich (polypyrimidine tract binding protein associated) [Source:MGI Symbol;Acc:MGI:1918764],-,1.175451746
ENSMUSG00000028552,"ALL,N.A.",6695.5908,4049.859516,4672.710966,7677.905064,7725.1152,8105.825287,8906.765106,8475.479158,-0.524000815,0.012454432,0.067243034,Eps15,4,109280268,109387817,+,6931,protein_coding,epidermal growth factor receptor pathway substrate 15 [Source:MGI Symbol;Acc:MGI:104583],-,1.172352698
ENSMUSG00000033467,"B-ALL, Downs associated ALL,N.A.",493.5015142,817.8939123,791.4483343,356.6015214,462.6585402,381.3914071,349.2488639,359.8539538,0.662297574,0.012496509,0.067392833,Crlf2,5,109554709,109558993,-,1495,protein_coding,cytokine receptor-like factor 2 [Source:MGI Symbol;Acc:MGI:1889506],-,1.171386289
ENSMUSG00000042903,"AL,N.A.",744.7550224,729.0389454,912.8037456,576.0486115,536.6444475,554.4766894,568.9080178,569.4985995,0.409588967,0.012706253,0.067757806,Foxo4,X,101254528,101260873,+,3485,protein_coding,forkhead box O4 [Source:MGI Symbol;Acc:MGI:1891915],Fork,1.169040668
ENSMUSG00000009863,"N.A.,""paraganglioma, pheochromocytoma""",2690.844023,3329.384905,3481.317407,2050.001567,2190.969335,1977.39872,1997.152056,2242.333196,0.458114253,0.012778469,0.068000348,Sdhb,4,140961203,140979193,+,2239,protein_coding,"succinate dehydrogenase complex, subunit B, iron sulfur (Ip) [Source:MGI Symbol;Acc:MGI:1914930]",-,1.167488868
ENSMUSG00000020275,"Hodgkin lymphoma,N.A.",65.74016521,39.61004549,63.31586675,134.4113427,140.0799845,109.6877661,159.0001407,137.241598,-0.845613163,0.01288709,0.068340086,Rel,11,23736847,23770970,-,7466,protein_coding,reticuloendotheliosis oncogene [Source:MGI Symbol;Acc:MGI:97897],RHD,1.165324478
ENSMUSG00000020817,"CMML,N.A.",2825.926554,1884.153515,2165.402643,3710.484548,3533.566932,3789.762636,4056.801277,3863.296951,-0.525815574,0.013030217,0.068740812,Rabep1,11,70844778,70943105,+,6868,protein_coding,"rabaptin, RAB GTPase binding effector protein 1 [Source:MGI Symbol;Acc:MGI:1860236]",-,1.162785341
ENSMUSG00000059436,"pheochromocytoma, endometrioid carcinoma, colon carcinoma,pheochromocytoma",1439.079233,1537.297982,1576.565082,1247.190962,1176.869165,1093.858732,1203.989505,1204.916392,0.309315953,0.013124278,0.068958677,Max,12,76937269,76962201,-,3598,protein_coding,Max protein [Source:MGI Symbol;Acc:MGI:96921],bHLH,1.161411079
ENSMUSG00000024778,"TGCT, nasal NK/T lymphoma, skin squamous cell carcinoma-burn scar related,N.A.",41.42530959,33.18679487,68.59218898,42.97505514,18.74309651,25.15774453,36.76303831,15.12899505,0.950428684,0.013369641,0.069593888,Fas,19,34290659,34327770,+,1801,protein_coding,Fas (TNF receptor superfamily member 6) [Source:MGI Symbol;Acc:MGI:95484],-,1.157428901
ENSMUSG00000028453,"N.A.,""AML, leukaemia""",153.9940856,205.5440198,257.4845248,132.5826169,119.3639304,96.60573899,138.7804696,131.8383855,0.620859231,0.013507498,0.069843173,Fancg,4,43002343,43010506,-,3795,protein_coding,"Fanconi anemia, complementation group G [Source:MGI Symbol;Acc:MGI:1926471]",-,1.155876039
ENSMUSG00000044702,"N.A.,""Wilms tumour, medulloblastoma, AML ,breast""",21.613205,9.63487593,13.7184378,17.37289463,35.5132355,21.1325054,36.76303831,30.25799011,-0.97881564,0.01357313,0.069843173,Palb2,7,122107262,122132985,-,7342,protein_coding,partner and localizer of BRCA2 [Source:MGI Symbol;Acc:MGI:3040695],-,1.155876039
ENSMUSG00000048251,"T-ALL,N.A.",4138.028208,2559.665372,3564.683298,4236.243202,4998.487896,5019.473188,4811.362638,4694.311037,-0.429141109,0.013929468,0.070934781,Bcl11b,12,107910403,108003602,-,8111,protein_coding,B cell leukemia/lymphoma 11B [Source:MGI Symbol;Acc:MGI:1929913],zf-C2H2,1.14914077
ENSMUSG00000005672,"GIST, AML, TGCT, mastocytosis, mucosal melanoma,""GIST, epithelioma""",2000.122013,1756.759045,810.4430944,2409.346177,2562.871828,2892.134311,2713.112227,2984.734596,-0.676571121,0.014248869,0.071634756,Kit,5,75574916,75656722,+,8911,protein_coding,KIT proto-oncogene receptor tyrosine kinase [Source:MGI Symbol;Acc:MGI:96677],-,1.144876212
ENSMUSG00000037369,"renal, oesophageal SCC, MM,N.A.",423.258598,241.94244,357.7346471,761.6642752,771.4263933,692.3411294,730.6653864,752.1271827,-0.722476033,0.014356876,0.071888007,Kdm6a,X,18162575,18279936,+,8383,protein_coding,lysine (K)-specific demethylase 6A [Source:MGI Symbol;Acc:MGI:1095419],-,1.143343554
ENSMUSG00000020167,"pre B-ALL,N.A.",777.1748299,846.7985401,790.3930699,726.004123,686.5892196,583.6596731,605.6710561,667.8370674,0.303793687,0.014401841,0.071995053,Tcf3,10,80409514,80433647,-,4039,protein_coding,transcription factor 3 [Source:MGI Symbol;Acc:MGI:98510],bHLH,1.142697345
ENSMUSG00000061613,"CLL, MDS,N.A.",1028.428338,1204.359491,1439.380704,918.9346897,867.1148334,870.4579607,874.9603117,862.3527181,0.401309397,0.014590692,0.072414001,U2af1,17,31647082,31658754,-,974,protein_coding,U2 small nuclear ribonucleoprotein auxiliary factor (U2AF) 1 [Source:MGI Symbol;Acc:MGI:98884],-,1.140177455
ENSMUSG00000029455,"leiomyoma,N.A.",2544.954889,2938.637159,3179.511775,2124.064959,1873.323173,1747.96009,2030.238791,2395.784431,0.422643595,0.014698497,0.072692309,Aldh2,5,121566027,121593824,-,5126,protein_coding,"aldehyde dehydrogenase 2, mitochondrial [Source:MGI Symbol;Acc:MGI:99600]",-,1.138511534
ENSMUSG00000019861,"glioblastoma,N.A.",1178.820223,854.2923325,933.9090345,1460.237512,1459.002092,1574.874807,1462.249849,1564.770346,-0.452499413,0.014805034,0.072917389,Gopc,10,52335850,52382124,-,10958,protein_coding,golgi associated PDZ and coiled-coil motif containing [Source:MGI Symbol;Acc:MGI:2149946],-,1.137168893
ENSMUSG00000049086,"Burkitt lymphoma, amplified in other cancers, B-CLL,N.A.",315.1925729,395.0299131,379.8952005,200.2454697,226.8901157,209.3124345,216.901926,231.2574958,0.543805847,0.015617042,0.074857817,Bmyc,2,25706739,25707721,+,983,protein_coding,brain expressed myelocytomatosis oncogene [Source:MGI Symbol;Acc:MGI:88184],-,1.125762842
ENSMUSG00000018830,"AML,N.A.",213.4303994,272.9881514,301.8056315,267.9083225,237.7413821,186.1673095,174.624432,171.8221581,0.453800308,0.015684658,0.075117479,Myh11,16,14194535,14291372,-,7599,protein_coding,"myosin, heavy polypeptide 11, smooth muscle [Source:MGI Symbol;Acc:MGI:102643]",-,1.124258996
ENSMUSG00000063550,"AML,N.A.",724.9429178,628.408019,702.8061209,886.0176262,940.1142619,974.1078681,903.4516664,920.7074133,-0.344781917,0.015751573,0.075195655,Nup98,7,102119398,102210176,-,12602,protein_coding,nucleoporin 98 [Source:MGI Symbol;Acc:MGI:109404],-,1.123807254
ENSMUSG00000025626,"ETP ALL,N.A.",546.6339765,323.3036145,344.0162093,724.1753973,684.6162621,823.161401,724.2318547,730.5143326,-0.611027678,0.016747829,0.077561508,Phf6,X,52912266,52956943,+,6946,protein_coding,PHD finger protein 6 [Source:MGI Symbol;Acc:MGI:1918248],-,1.110353757
ENSMUSG00000058076,"N.A.,""paraganglioma, pheochromocytoma""",1671.421187,2000.842568,2323.69231,1356.000144,1394.880972,1196.50233,1416.296051,1410.238468,0.440062099,0.017070486,0.078213675,Sdhc,1,171127165,171150603,-,3250,protein_coding,"succinate dehydrogenase complex, subunit C, integral membrane protein [Source:MGI Symbol;Acc:MGI:1913302]",-,1.106717306
ENSMUSG00000025142,"alveolar soft part sarcoma,N.A.",659.2027526,904.6077957,903.3063656,608.0513121,618.5221849,581.6470535,533.9831314,565.1760295,0.418664285,0.01741982,0.078886024,Aspscr1,11,120672973,120709447,+,4770,protein_coding,"alveolar soft part sarcoma chromosome region, candidate 1 (human) [Source:MGI Symbol;Acc:MGI:1916188]",-,1.10299993
ENSMUSG00000021796,"N.A.,gastrointestinal polyps",923.9645138,551.3290116,685.9218898,1505.041293,1380.083791,1482.294308,1405.267139,1499.931795,-0.653107973,0.017433561,0.078886024,Bmpr1a,14,34410734,34503341,-,6351,protein_coding,"bone morphogenetic protein receptor, type 1A [Source:MGI Symbol;Acc:MGI:1338938]",-,1.10299993
ENSMUSG00000038170,"MPN,N.A.",4375.773463,3077.807589,3615.335991,5466.061269,5229.323927,5659.486209,5821.427116,5766.308401,-0.442746693,0.017555566,0.079012991,Pde4dip,3,97689824,97888707,-,16857,protein_coding,phosphodiesterase 4D interacting protein (myomegalin) [Source:MGI Symbol;Acc:MGI:1891434],-,1.102301499
ENSMUSG00000030541,"glioblastoma,N.A.",861.8265495,1079.106104,1262.096277,802.8106046,765.5075207,679.2591023,740.7752219,810.4818779,0.418547088,0.017739636,0.079396576,Idh2,7,80094846,80115392,-,2588,protein_coding,"isocitrate dehydrogenase 2 (NADP+), mitochondrial [Source:MGI Symbol;Acc:MGI:96414]",-,1.100198225
ENSMUSG00000030067,"ALL,N.A.",1671.421187,1372.434549,1224.106757,1960.394005,1984.795273,1999.537535,2075.273512,2160.204365,-0.399812937,0.01802033,0.080053603,Foxp1,6,98925338,99522721,-,13751,protein_coding,forkhead box P1 [Source:MGI Symbol;Acc:MGI:1914004],Fork,1.096619118
ENSMUSG00000072214,"AML,N.A.",2847.539759,3555.269218,3894.981069,2149.66712,2505.65606,2266.209627,2144.204209,2131.027018,0.460129354,0.018519857,0.080918995,5-Sep,16,18620502,18629954,-,3915,protein_coding,septin 5 [Source:MGI Symbol;Acc:MGI:1195461],-,1.091949517
ENSMUSG00000031540,"AML,N.A.",1107.676756,700.1343176,1022.551248,2234.702867,1856.553034,2130.357807,2112.955627,2131.027018,-0.700148921,0.019182798,0.082446595,Kat6a,8,22859535,22943259,+,9180,protein_coding,K(lysine) acetyltransferase 6A [Source:MGI Symbol;Acc:MGI:2442415],-,1.083827275
ENSMUSG00000025862,"bladder carcinoma, glioblastoma, melanoma, Ewing's sarcoma, myeloid neoplasms,N.A.",1068.953097,844.6574565,807.277301,1982.338714,1538.906872,1880.792981,1975.094233,1950.55972,-0.642812781,0.019497655,0.083283854,Stag2,X,42149317,42277185,+,8273,protein_coding,stromal antigen 2 [Source:MGI Symbol;Acc:MGI:1098583],-,1.079439185
ENSMUSG00000005871,"colorectal, pancreatic, desmoid, hepatoblastoma, glioma, other CNS",4770.214454,3060.67892,2686.703279,8706.563299,7056.282598,8740.806759,8187.128631,8224.770097,-0.744450932,0.019531385,0.083334636,Apc,18,34220924,34322189,+,15753,protein_coding,adenomatosis polyposis coli [Source:MGI Symbol;Acc:MGI:88039],-,1.079174458
ENSMUSG00000054387,"glioblastoma, bladder, retinoblastoma,N.A.",1385.046221,989.1805955,1025.717041,2612.334735,2195.901728,2455.395866,2656.129518,2262.865403,-0.670381755,0.019728845,0.083749361,Mdm4,1,132959484,133030561,-,14798,protein_coding,transformed mouse 3T3 cell double minute 4 [Source:MGI Symbol;Acc:MGI:107934],-,1.077018496
ENSMUSG00000026743,"AL,N.A.",569.1477317,418.5818321,422.1057783,847.6143855,767.4804783,936.8744062,844.6308051,759.6916802,-0.550721729,0.020317522,0.085046899,Mllt10,2,18055237,18212388,+,5907,protein_coding,"myeloid/lymphoid or mixed-lineage leukemia; translocated to, 10 [Source:MGI Symbol;Acc:MGI:1329038]",-,1.070341515
ENSMUSG00000029231,"GIST, idiopathic hypereosinophilic syndrome, paediatric glioblastoma,N.A.",893.3458067,629.4785608,605.7217919,1467.552415,1317.935629,1356.505585,1399.752684,1421.044893,-0.611197226,0.021472184,0.087435559,Pdgfra,5,75152292,75198215,+,10024,protein_coding,"platelet derived growth factor receptor, alpha polypeptide [Source:MGI Symbol;Acc:MGI:97530]",-,1.058311907
ENSMUSG00000079487,"uterine leiomyoma,N.A.",618.6779932,577.022014,466.426885,1010.370977,873.033706,1002.284542,1005.469098,982.304036,-0.530912984,0.021600304,0.087723212,Med12,X,101274030,101297465,+,7704,protein_coding,mediator complex subunit 12 [Source:MGI Symbol;Acc:MGI:1926212],-,1.056885473
ENSMUSG00000035027,"NSCLC, melanoma,N.A.",2119.895191,2827.300815,2920.971986,1473.952955,1832.877543,1611.10196,1589.082331,1588.544481,0.49632279,0.02209306,0.088430182,Map2k2,10,81105915,81133975,+,5663,protein_coding,mitogen-activated protein kinase kinase 2 [Source:MGI Symbol;Acc:MGI:1346867],-,1.053399479
ENSMUSG00000048756,"AL,N.A.",1407.559976,1038.425517,1285.312095,1545.273259,1892.066269,1615.127199,1594.596787,1666.350741,-0.358709273,0.022111447,0.088457378,Foxo3,10,42181841,42276755,-,7571,protein_coding,forkhead box O3 [Source:MGI Symbol;Acc:MGI:1890081],Fork,1.053265936
ENSMUSG00000037234,"papillary thyroid,N.A.",1057.245945,616.6320595,685.9218898,2565.702228,1774.675296,2652.632583,2427.279604,2143.994728,-0.86914684,0.023107681,0.090428057,Hook3,8,26021421,26119224,-,28486,protein_coding,hook microtubule tethering protein 3 [Source:MGI Symbol;Acc:MGI:2443554],-,1.0436968
ENSMUSG00000017548,"endometrial stromal tumour,N.A.",686.2192588,432.4988751,518.1348429,1188.671738,936.1683469,1167.319346,1102.891149,1223.287314,-0.648000624,0.023456301,0.091197566,Suz12,11,79993106,80034123,+,4945,protein_coding,SUZ12 polycomb repressive complex 2 subunit [Source:MGI Symbol;Acc:MGI:1261758],-,1.040016753
ENSMUSG00000039830,"T-ALL,N.A.",840.2133445,783.6365756,1030.993364,664.7418104,637.2652814,574.602885,710.4457153,623.5307247,0.382215584,0.023753665,0.09184911,Olig2,16,91225457,91228677,+,2530,protein_coding,oligodendrocyte transcription factor 2 [Source:MGI Symbol;Acc:MGI:1355331],bHLH,1.036925046
ENSMUSG00000022521,"ALL, AML, DLBCL, B-NHL,N.A.",1680.426689,1397.05701,1334.909524,1755.576721,1840.769373,1958.278834,1832.63746,2003.511202,-0.307329346,0.023891913,0.092081001,Crebbp,16,4081328,4213997,-,13540,protein_coding,CREB binding protein [Source:MGI Symbol;Acc:MGI:1098280],-,1.035829969
ENSMUSG00000028936,"AML, CML,N.A.",2606.192303,3197.708267,3658.601834,2205.443255,2103.172725,2303.443089,2187.400779,2306.091103,0.390464351,0.025675414,0.095645146,Rpl22,4,152325742,152334071,+,2911,protein_coding,ribosomal protein L22 [Source:MGI Symbol;Acc:MGI:99262],-,1.019337067
ENSMUSG00000028530,"ALL,N.A.",4274.011289,2540.39562,2631.829528,4867.153586,4659.139202,5195.5774,5103.628793,5284.341844,-0.499852169,0.025900439,0.096074074,Jak1,4,101152367,101265282,-,7227,protein_coding,Janus kinase 1 [Source:MGI Symbol;Acc:MGI:96628],-,1.017393792
ENSMUSG00000025225,"B-NHL,N.A.",96.3588723,92.06659222,113.9685601,111.5522708,74.97238605,54.34072818,88.23129194,75.64497527,0.49618343,0.027596483,0.099459528,Nfkb2,19,46304737,46312090,+,3289,protein_coding,"nuclear factor of kappa light polypeptide gene enhancer in B cells 2, p49/p100 [Source:MGI Symbol;Acc:MGI:1099800]",RHD,1.002353604
ENSMUSG00000002307,"pancreatic neuroendocrine tumour, paediatric glioblastoma,N.A.",619.5785434,718.3335277,748.1824921,488.2697754,485.3475518,527.3063253,426.4512444,531.6761119,0.385098788,0.029151353,0.102263358,Daxx,17,33909414,33915589,+,3058,protein_coding,Fas death domain-associated protein [Source:MGI Symbol;Acc:MGI:1197015],-,0.990279951
ENSMUSG00000030057,"aneurysmal bone cyst,N.A.",6507.375806,6489.62421,6660.829182,5557.497556,5471.997703,5208.659427,5180.831173,5541.53476,0.236454323,0.029172218,0.102303859,Cnbp,6,87842615,87851106,-,3036,protein_coding,cellular nucleic acid binding protein [Source:MGI Symbol;Acc:MGI:88431],-,0.990107982
ENSMUSG00000055435,"MM,N.A.",424.1591482,339.3617411,399.9452249,592.5071432,530.7255749,595.7353904,597.3993725,622.4500822,-0.416940181,0.029365606,0.102561587,Maf,8,115682942,115707794,-,8241,protein_coding,avian musculoaponeurotic fibrosarcoma oncogene homolog [Source:MGI Symbol;Acc:MGI:96909],TF_bZIP,0.989015267
ENSMUSG00000048109,"acute megakaryocytic leukaemia,N.A.",289.0766169,176.6393921,218.4397403,417.863834,357.1053125,406.5491516,431.0466242,425.7731465,-0.554490405,0.030208724,0.104026522,Rbm15,3,107325421,107333673,-,7423,protein_coding,RNA binding motif protein 15 [Source:MGI Symbol;Acc:MGI:2443205],-,0.982855922
ENSMUSG00000026048,"N.A.,""skin basal cell, skin squamous cell, melanoma""",431.3635498,369.3369107,285.9766648,478.2117838,451.8072738,585.6722926,578.0987774,483.0471992,-0.422416671,0.030721435,0.105127924,Ercc5,1,44147744,44181260,+,5864,protein_coding,"excision repair cross-complementing rodent repair deficiency, complementation group 5 [Source:MGI Symbol;Acc:MGI:103582]",-,0.978281914
ENSMUSG00000048332,"lipoma,N.A.",382.7338386,346.8555335,311.3030115,377.6318675,252.5385635,228.4323203,314.3239775,309.0637561,0.361921811,0.031870891,0.107637427,Lhfp,3,53041528,53261679,+,5108,protein_coding,lipoma HMGIC fusion partner [Source:MGI Symbol;Acc:MGI:1920048],-,0.968036694
ENSMUSG00000025575,"prostate,N.A.",1359.830815,1505.181729,1495.30972,1155.754674,1114.721003,1137.130053,1179.174454,1114.142422,0.278796584,0.03189704,0.10765523,Cant1,11,118406289,118419086,-,4358,protein_coding,calcium activated nucleotidase 1 [Source:MGI Symbol;Acc:MGI:1923275],-,0.967964869
ENSMUSG00000000489,"DFSP,N.A.",756.4621751,965.6286765,937.0748278,691.2583338,616.5492274,622.9057545,692.9832721,716.4659801,0.338265862,0.032397648,0.108527853,Pdgfb,15,79995874,80014977,-,4161,protein_coding,"platelet derived growth factor, B polypeptide [Source:MGI Symbol;Acc:MGI:97528]",-,0.964458788
ENSMUSG00000021466,"skin basal cell, medulloblastoma",1077.058049,664.8064392,601.5007341,1395.317748,1342.597598,1375.625471,1317.035847,1425.367463,-0.545910799,0.032597317,0.108981434,Ptch1,13,63508328,63573598,-,14185,protein_coding,patched 1 [Source:MGI Symbol;Acc:MGI:105373],-,0.962647482
ENSMUSG00000023944,"NHL,N.A.",50970.24125,52171.78262,57958.28916,32947.23749,36314.25625,38105.93248,35795.25132,38496.80856,0.383879334,0.033972561,0.111695225,Hsp90ab1,17,45567775,45573271,-,2999,protein_coding,"heat shock protein 90 alpha (cytosolic), class B member 1 [Source:MGI Symbol;Acc:MGI:96247]",-,0.951965393
ENSMUSG00000025231,medulloblastoma,414.2530959,389.6772043,401.0004894,400.4909394,470.5503704,455.8583309,487.1102576,489.5310543,-0.244996469,0.034535355,0.112792267,Sufu,19,46396896,46488804,+,6945,protein_coding,SUFU negative regulator of hedgehog signaling [Source:MGI Symbol;Acc:MGI:1345643],-,0.947720674
ENSMUSG00000030062,"AML,N.A.",3499.53811,3359.360074,3317.751418,2404.774362,2355.711288,2456.402176,2491.614921,2748.073887,0.323812103,0.034674288,0.113116383,Rpn1,6,88084482,88105304,+,4512,protein_coding,ribophorin I [Source:MGI Symbol;Acc:MGI:98084],-,0.946474491
ENSMUSG00000000184,"NHL,CLL,N.A.",1825.415272,1564.061526,1747.517922,1444.693343,2149.537226,1856.641546,1878.591257,2070.511037,-0.273377811,0.03496324,0.113706214,Ccnd2,6,127125162,127152193,-,9409,protein_coding,cyclin D2 [Source:MGI Symbol;Acc:MGI:88314],-,0.944215801
ENSMUSG00000020719,"prostate,N.A.",19133.99028,14304.57913,14369.53596,19562.79372,19703.92683,21918.43334,21548.6549,20791.56177,-0.317577289,0.035190239,0.114198051,Ddx5,11,106780355,106789185,-,5775,protein_coding,DEAD (Asp-Glu-Ala-Asp) box polypeptide 5 [Source:MGI Symbol;Acc:MGI:105037],-,0.942341308
ENSMUSG00000025041,"relapse ALL,N.A.",1292.289549,1210.782742,1169.233006,1337.712887,1483.664061,1502.420503,1414.457899,1439.415815,-0.220704746,0.035639767,0.114914425,Nt5c2,19,46886831,47015153,-,4475,protein_coding,"5'-nucleotidase, cytosolic II [Source:MGI Symbol;Acc:MGI:2178563]",-,0.93962545
ENSMUSG00000020290,"CLL,N.A.",1612.885423,934.5829652,923.3563901,2175.26928,1880.228524,2250.108671,2146.042361,2065.107825,-0.562673096,0.035841476,0.11511208,Xpo1,11,23256041,23298249,+,7181,protein_coding,exportin 1 [Source:MGI Symbol;Acc:MGI:2144013],-,0.9388791
ENSMUSG00000000171,"N.A.,""paraganglioma, pheochromocytoma""",1721.851998,1941.962771,2243.492212,1355.085781,1477.745188,1443.048226,1296.816176,1432.93196,0.36180852,0.035920769,0.115165914,Sdhd,9,50596357,50603812,-,1231,protein_coding,"succinate dehydrogenase complex, subunit D, integral membrane protein [Source:MGI Symbol;Acc:MGI:1914175]",-,0.93867604
ENSMUSG00000070544,"AML*,N.A.",1914.569743,1010.591431,1172.398799,1927.476941,2120.929342,2047.840405,2058.730145,2099.688385,-0.46642318,0.036445029,0.116146174,Top1,2,160645888,160722764,+,10426,protein_coding,topoisomerase (DNA) I [Source:MGI Symbol;Acc:MGI:98788],-,0.934995092
ENSMUSG00000004056,"ovarian, pancreatic,N.A.",2641.313761,2280.25397,2647.658494,1852.499185,1915.741759,2002.556464,1795.874421,1873.834102,0.31222443,0.037046186,0.117278343,Akt2,7,27591552,27640826,+,7131,protein_coding,thymoma viral proto-oncogene 2 [Source:MGI Symbol;Acc:MGI:104874],-,0.930782177
ENSMUSG00000031565,"MPN, NHL,N.A.",2910.578274,2452.611195,2741.57703,3003.682046,2848.95067,3365.099908,3647.812476,3666.620016,-0.284177894,0.037348542,0.117674121,Fgfr1,8,25513654,25575718,+,9875,protein_coding,fibroblast growth factor receptor 1 [Source:MGI Symbol;Acc:MGI:95522],-,0.929319037
ENSMUSG00000033352,"pancreatic, breast, colorectal,N.A.",5125.931786,4588.342026,4480.652837,4501.408435,5392.092923,5452.186394,5236.894807,5457.244645,-0.204050364,0.038893276,0.120476797,Map2k4,11,65688243,65788297,-,4664,protein_coding,mitogen-activated protein kinase kinase 4 [Source:MGI Symbol;Acc:MGI:1346869],-,0.919096588
ENSMUSG00000063568,"endometrial stromal tumour,N.A.",587.1587359,468.8972953,432.6584228,578.7917001,615.5627486,649.0698088,665.4109934,631.0952223,-0.30772147,0.039143899,0.120738517,Jazf1,6,52768797,53068631,-,2536,protein_coding,JAZF zinc finger 1 [Source:MGI Symbol;Acc:MGI:2141450],-,0.918154161
ENSMUSG00000055471,"ALCL, NSCLC, neuroblastoma,neuroblastoma",117.0715271,139.1704301,99.1948579,200.2454697,187.4309651,208.3061247,174.624432,212.8865733,-0.492882599,0.039176999,0.120767393,Alk,17,71868972,72604627,-,7755,protein_coding,anaplastic lymphoma kinase [Source:MGI Symbol;Acc:MGI:103305],-,0.91805031
ENSMUSG00000000902,malignant rhabdoid,1673.222287,1992.278234,2013.444563,1183.185561,1320.895065,1339.398319,1376.775785,1234.093739,0.380142347,0.039844817,0.121708714,Smarcb1,10,75896769,75921617,-,7930,protein_coding,"SWI/SNF related, matrix associated, actin dependent regulator of chromatin, subfamily b, member 1 [Source:MGI Symbol;Acc:MGI:1328366]",-,0.914678326
ENSMUSG00000040594,"ALL,N.A.",116.1709769,112.4068859,94.97380012,153.6129631,132.1881544,174.0915921,160.8382926,180.4672981,-0.437411038,0.040395779,0.122602635,Ranbp17,11,33211795,33513746,-,8893,protein_coding,RAN binding protein 17 [Source:MGI Symbol;Acc:MGI:1929706],-,0.911500195
ENSMUSG00000027665,"colorectal, gastric, glioblastoma, breast,N.A.",1296.7923,877.8442514,1143.906659,1758.319809,1676.02742,1782.174622,1749.001547,1590.705766,-0.420759657,0.041718467,0.124844556,Pik3ca,3,32397671,32468486,+,9088,protein_coding,"phosphatidylinositol-4,5-bisphosphate 3-kinase catalytic subunit alpha [Source:MGI Symbol;Acc:MGI:1206581]",-,0.903630389
ENSMUSG00000001847,"melanoma, carcinoma,N.A.",4770.214454,3935.311547,3560.46224,5493.492155,5409.849541,5286.14528,5579.710139,6074.291514,-0.3315191,0.042208336,0.125718896,Rac1,5,143503634,143528036,-,4496,protein_coding,Rac family small GTPase 1 [Source:MGI Symbol;Acc:MGI:97845],-,0.900599441
ENSMUSG00000020661,"AML,N.A.",1376.040718,1095.164231,1025.717041,2350.826953,2038.065126,2128.345187,2069.759057,2076.994892,-0.507185883,0.042770968,0.126765278,Dnmt3a,12,3806007,3914443,+,16642,protein_coding,DNA methyltransferase 3A [Source:MGI Symbol;Acc:MGI:1261827],-,0.896999686
ENSMUSG00000044167,"alveolar rhabdomyosarcoma,N.A.",657.4016521,586.65689,626.8270808,883.2745376,803.9801925,977.1267975,802.3533111,919.6267708,-0.346181728,0.043463473,0.127803761,Foxo1,3,52268336,52353221,+,8665,protein_coding,forkhead box O1 [Source:MGI Symbol;Acc:MGI:1890077],Fork,0.893456367
ENSMUSG00000027230,"myxofibrosarcoma,N.A.",84.65171959,105.9836352,146.681758,89.60756179,83.85069493,71.44799446,68.93069683,78.88690278,0.491464158,0.043590303,0.127927694,Creb3l1,2,91982328,92024502,-,2603,protein_coding,cAMP responsive element binding protein 3-like 1 [Source:MGI Symbol;Acc:MGI:1347062],TF_bZIP,0.893035428
ENSMUSG00000003200,"AL,N.A.",1131.091062,1370.293466,1463.651786,881.4458118,1023.964957,948.9501236,913.5615019,896.9332782,0.356732972,0.047344017,0.134056472,Sh3gl1,17,56016750,56036635,-,5012,protein_coding,SH3-domain GRB2-like 1 [Source:MGI Symbol;Acc:MGI:700010],-,0.872712216
ENSMUSG00000024212,"AL,N.A.",2272.988726,2536.113453,2489.368828,1476.696044,1791.445435,1733.871753,1610.221078,1666.350741,0.367290902,0.047803605,0.1347599,Mllt1,17,56892611,56935415,-,3918,protein_coding,"myeloid/lymphoid or mixed-lineage leukemia; translocated to, 1 [Source:MGI Symbol;Acc:MGI:1927238]",-,0.870439319
ENSMUSG00000028149,"T-ALL,N.A.",6529.889561,5434.070025,5643.554256,6765.370915,7419.306783,7345.055093,7115.486064,6836.14448,-0.236468645,0.048287049,0.135619606,Rap1gds1,3,138925902,139075201,-,7559,protein_coding,"RAP1, GTP-GDP dissociation stimulator 1 [Source:MGI Symbol;Acc:MGI:2385189]",-,0.867677522
ENSMUSG00000021377,"AML,N.A.",848.3182963,656.242105,561.4006852,1306.624549,1150.234239,1197.50864,1120.353592,1261.109802,-0.487096816,0.048741166,0.136293087,Dek,13,47084775,47106201,-,3185,protein_coding,DEK oncogene (DNA binding) [Source:MGI Symbol;Acc:MGI:1926209],-,0.865526172
ENSMUSG00000030795,"liposarcoma, AML, Ewing sarcoma, angiomatoid fibrous histiocytoma, fibromyxoid sarcoma,N.A.",5540.184882,5637.472961,5388.18026,6061.311501,6096.438761,6575.22811,6570.474021,6560.580641,-0.189414591,0.049889026,0.137861002,Fus,7,127967457,127985701,+,11695,protein_coding,fused in sarcoma [Source:MGI Symbol;Acc:MGI:1353633],-,0.86055857
