gene_id,tumour_type,SHEF21,SHEF22,SHEF24,SHEF25,SHEF11,SHEF12,SHEF13,SHEF14,log2FoldChange,pvalue,padj,gene_name,gene_chr,gene_start,gene_end,gene_strand,gene_length,gene_biotype,gene_description,tf_family,-log10(padj)
ENSMUSG00000028341,"extraskeletal myxoid chondrosarcoma,N.A.",1482.938355,1345.112318,1309.600088,1525.517832,1978.581473,2346.430125,2410.455181,2520.052394,-0.708400726,2.00E-07,0.000222302,Nr4a3,4,48045153,48086447,+,5987,protein_coding,"nuclear receptor subfamily 4, group A, member 3 [Source:MGI Symbol;Acc:MGI:1352457]",NGFIB-like,3.653057589
ENSMUSG00000005125,"prostate,N.A.",2679.399983,2559.814998,3380.353093,2889.319992,1945.159489,1917.487859,1586.80167,2032.300318,0.621266504,3.87E-05,0.007093528,Ndrg1,15,66929318,66969640,-,6596,protein_coding,N-myc downstream regulated gene 1 [Source:MGI Symbol;Acc:MGI:1341799],-,2.149137688
ENSMUSG00000026656,"ALL,N.A.",106.4309824,84.13525055,133.4624293,174.2935567,57.29483031,60.28377792,70.26428058,59.29535045,1.013221932,0.000209673,0.017715951,Fcgr2b,1,170958617,170976547,-,5790,protein_coding,"Fc receptor, IgG, low affinity IIb [Source:MGI Symbol;Acc:MGI:95499]",-,1.751635522
ENSMUSG00000024610,"NSCLC,N.A.",94.90095933,133.5647103,1058.315358,170.6998752,49.6555196,39.41631633,48.79463929,45.90607777,2.986836867,0.000210409,0.017715951,Cd74,18,60803848,60812646,+,1410,protein_coding,"CD74 antigen (invariant polypeptide of major histocompatibility complex, class II antigen-associated) [Source:MGI Symbol;Acc:MGI:96534]",-,1.751635522
ENSMUSG00000066687,"APL,N.A.",1201.783177,962.2969282,1021.821725,1459.034722,1556.509557,1818.947068,2006.435568,1813.290072,-0.630878685,0.000313307,0.020480251,Zbtb16,9,48654297,48836222,-,5283,protein_coding,zinc finger and BTB domain containing 16 [Source:MGI Symbol;Acc:MGI:103222],ZBTB,1.688664734
ENSMUSG00000008682,"T-ALL,N.A.",5069.662463,6043.014371,7313.324058,3771.568821,3291.588001,3620.504586,3046.737277,3357.838314,0.737113723,0.000315917,0.020504719,Rpl10,X,74270812,74273135,+,2053,protein_coding,ribosomal protein L10 [Source:MGI Symbol;Acc:MGI:105943],-,1.688146185
ENSMUSG00000031673,"aneurysmal bone cyst,N.A.",1340.143454,979.1239783,1022.8644,1868.714423,2157.150361,2456.56395,2072.796277,2181.495071,-0.766595054,0.000413796,0.022888683,Cdh11,8,102632095,102785642,-,8904,protein_coding,cadherin 11 [Source:MGI Symbol;Acc:MGI:99217],-,1.6403792
ENSMUSG00000002413,"melanoma, colorectal, papillary thyroid, borderline ovarian, NSCLC, cholangiocarcinoma, pilocytic astrocytoma,N.A.",2306.004619,1960.351338,2096.819886,3635.00892,4080.346832,4878.348798,3872.342574,3951.748195,-0.747001411,0.00048291,0.025066319,Braf,6,39603237,39725463,-,13862,protein_coding,Braf transforming gene [Source:MGI Symbol;Acc:MGI:88190],-,1.60090944
ENSMUSG00000001506,"dermatofibrosarcoma protuberans, aneurysmal bone cyst,N.A.",196.0103926,133.5647103,189.7668917,171.5982956,90.71681465,103.1780045,108.3240992,117.6343243,0.719645719,0.000516393,0.025736911,Col1a1,11,94936224,94953042,+,6563,protein_coding,"collagen, type I, alpha 1 [Source:MGI Symbol;Acc:MGI:88467]",-,1.589443574
ENSMUSG00000031376,"adrenal aldosterone producing adenoma,N.A.",2519.753509,1492.349007,1641.170811,3413.997503,4151.96537,4575.770605,3970.907745,3893.409221,-0.871479163,0.000526885,0.02595359,Atp2b3,X,73503086,73571005,+,4820,protein_coding,"ATPase, Ca++ transporting, plasma membrane 3 [Source:MGI Symbol;Acc:MGI:1347353]",-,1.585802554
ENSMUSG00000014592,"epithelioid haemangioendothelioma,N.A.",7182.317464,5051.270105,5594.99528,7666.221235,9113.697674,10831.37187,8880.624351,9513.078241,-0.58846839,0.000674335,0.029550211,Camta1,4,150917322,151861876,-,14570,protein_coding,calmodulin binding transcription activator 1 [Source:MGI Symbol;Acc:MGI:2140230],CG-1,1.529439414
ENSMUSG00000034342,"AML, JMML, MDS,N.A.",1174.288506,979.1239783,1035.376503,2254.136772,2412.112356,2610.751305,2396.792682,2473.18994,-0.861663214,0.000805553,0.031360279,Cbl,9,44142976,44234049,-,12345,protein_coding,Casitas B-lineage lymphoma [Source:MGI Symbol;Acc:MGI:88279],-,1.503620082
ENSMUSG00000015968,"adrenal aldosterone producing adenoma,N.A.",784.9284954,633.1177604,546.3618201,1243.413827,1344.518685,1580.130564,1471.646321,1290.152061,-0.825237267,0.000837543,0.031919215,Cacna1d,14,30039939,30491455,-,12621,protein_coding,"calcium channel, voltage-dependent, L type, alpha 1D subunit [Source:MGI Symbol;Acc:MGI:88293]",-,1.495947801
ENSMUSG00000026596,"AML,N.A.",1602.67321,1085.344732,1320.02684,2449.992419,2610.734434,3553.264987,2558.790884,2710.371342,-0.823670773,0.000944976,0.033459994,Abl2,1,156558786,156649568,+,10800,protein_coding,"v-abl Abelson murine leukemia viral oncogene 2 (arg, Abelson-related gene) [Source:MGI Symbol;Acc:MGI:87860]",-,1.475474146
ENSMUSG00000014313,"uterine leiomyoma,N.A.",4894.938267,6228.111922,6798.242495,3628.719978,3719.389401,3457.042803,2952.075677,3331.059768,0.678961802,0.001025931,0.034632934,Cox6c,15,35925886,35938246,-,3567,protein_coding,cytochrome c oxidase subunit 6C [Source:MGI Symbol;Acc:MGI:104614],-,1.460510715
ENSMUSG00000045482,"melanoma,N.A.",2409.774827,2148.603961,2225.068939,3873.988746,3843.5282,4852.844123,4062.641667,4261.61422,-0.675204445,0.001403278,0.039225268,Trrap,5,144767732,144859778,+,20859,protein_coding,transformation/transcription domain-associated protein [Source:MGI Symbol;Acc:MGI:2153272],-,1.406434083
ENSMUSG00000036712,cylindroma,2356.559336,1757.375046,1981.082936,3240.602367,3441.509474,4466.796083,3388.299752,3595.019715,-0.673379857,0.001412384,0.039308776,Cyld,8,88697028,88751945,+,12576,protein_coding,CYLD lysine 63 deubiquitinase [Source:MGI Symbol;Acc:MGI:1921506],-,1.405510479
ENSMUSG00000034041,"T-ALL,N.A.",70.95398829,89.39370371,125.1210275,74.56889283,58.24974415,46.37213686,50.74642486,32.51680509,0.935245405,0.001582539,0.040484982,Lyl1,8,84701457,84704715,+,1800,protein_coding,lymphoblastomic leukemia 1 [Source:MGI Symbol;Acc:MGI:96891],bHLH,1.392706047
ENSMUSG00000054263,"salivary adenoma,N.A.",886.9248536,733.0283704,680.8669247,1362.00532,1541.230935,1445.651367,1552.645422,1428.826671,-0.703852435,0.001583497,0.040484982,Lifr,15,7090614,7197489,+,10776,protein_coding,leukemia inhibitory factor receptor [Source:MGI Symbol;Acc:MGI:96788],-,1.392706047
ENSMUSG00000037369,"renal, oesophageal SCC, MM,N.A.",416.8546812,237.6820828,353.4669027,748.3841895,948.2294416,745.4321001,759.2445873,898.994023,-0.931561198,0.001827199,0.043379511,Kdm6a,X,18162575,18279936,+,8383,protein_coding,lysine (K)-specific demethylase 6A [Source:MGI Symbol;Acc:MGI:1095419],-,1.362715346
ENSMUSG00000040274,"ALL,N.A.",54.10241607,48.37776907,46.92038532,85.34993758,91.67172849,93.90357715,117.1071343,110.9396879,-0.813349101,0.002305592,0.045428818,Cdk6,5,3341485,3531008,+,13989,protein_coding,cyclin-dependent kinase 6 [Source:MGI Symbol;Acc:MGI:1277162],-,1.34266856
ENSMUSG00000002028,"AML, ALL,N.A.",2182.722065,2188.568205,1961.272106,4594.521903,4469.951678,5168.174653,4791.633578,4560.003725,-0.797154964,0.002334754,0.045657146,Kmt2a,9,44803355,44881296,-,16670,protein_coding,lysine (K)-specific methyltransferase 2A [Source:MGI Symbol;Acc:MGI:96995],-,1.340491244
ENSMUSG00000021068,"MPN,N.A.",909.9848998,585.791682,626.6478128,1556.962546,1438.100241,1800.398214,1691.222198,1783.642397,-0.867024603,0.002435787,0.046516255,Nin,12,70011435,70113717,-,17005,protein_coding,ninein [Source:MGI Symbol;Acc:MGI:105108],-,1.332395254
ENSMUSG00000032624,"NSCLC,N.A.",737.9214782,612.0839478,560.9592733,1013.418206,1142.076951,1043.373079,1105.686526,1169.648607,-0.608538971,0.00252078,0.046984088,Eml4,17,83350931,83480361,+,5445,protein_coding,echinoderm microtubule associated protein like 4 [Source:MGI Symbol;Acc:MGI:1926048],-,1.328049197
ENSMUSG00000024548,"atypical CML, sAML, MDS/MPN-U, CMML, JMML,neuroepithelial tumours",582.7096288,367.0400305,455.6490752,1144.587584,1258.576439,1429.421119,1058.843673,1092.1821,-0.923478176,0.002972121,0.050519088,Setbp1,18,78750380,79109391,-,9953,protein_coding,SET binding protein 1 [Source:MGI Symbol;Acc:MGI:1933199],-,1.296544497
ENSMUSG00000024014,"NHL,N.A.",61.1978149,65.20481918,54.21911192,71.87363165,30.55724283,49.85004713,32.20446193,26.77854537,0.867901266,0.003220987,0.051473251,Pim1,17,29490812,29496111,+,2638,protein_coding,proviral integration site 1 [Source:MGI Symbol;Acc:MGI:97584],-,1.288418402
ENSMUSG00000031799,"ALCL,N.A.",603.9958253,629.9626885,740.2994128,619.9100729,459.3135563,540.2353945,479.1633578,462.8862842,0.418385679,0.003334511,0.051473251,Tpm4,8,72134975,72153142,+,2203,protein_coding,tropomyosin 4 [Source:MGI Symbol;Acc:MGI:2449202],-,1.288418402
ENSMUSG00000058558,"T-ALL,N.A.",4956.136082,5590.787399,6341.550744,4306.128956,3774.774403,4412.308823,3219.4703,3674.398975,0.490985798,0.003973886,0.053512077,Rpl5,5,107900502,107909005,+,3920,protein_coding,ribosomal protein L5 [Source:MGI Symbol;Acc:MGI:102854],-,1.271548193
ENSMUSG00000033014,"papillary thyroid,N.A.",984.4865875,815.0602397,871.6764916,1889.378092,1932.745609,2064.719394,1815.160582,1831.461228,-0.744703319,0.004047445,0.053627721,Trim33,3,103279293,103358775,+,9805,protein_coding,tripartite motif-containing 33 [Source:MGI Symbol;Acc:MGI:2137357],-,1.270610661
ENSMUSG00000015522,"AML,N.A.",755.6599753,677.2887669,647.5013174,935.2556318,1025.577463,1044.532383,1155.457058,955.4202436,-0.470660188,0.004090762,0.053807825,Arnt,3,95434388,95497240,+,8007,protein_coding,aryl hydrocarbon receptor nuclear translocator [Source:MGI Symbol;Acc:MGI:88071],bHLH,1.269154562
ENSMUSG00000037138,"ALL, T-ALL,N.A.",1144.133061,1026.450057,1277.277156,1400.637397,1635.767405,1788.80518,1487.260606,1598.105332,-0.42470268,0.00423783,0.054624297,Aff3,1,38177326,38664955,-,6654,protein_coding,"AF4/FMR2 family, member 3 [Source:MGI Symbol;Acc:MGI:106927]",AF-4,1.26261414
ENSMUSG00000028034,"oligodendroglioma,N.A.",1852.786019,1527.054798,1228.27142,2507.491324,2773.069787,2710.4514,2844.727471,2543.96181,-0.611281479,0.004420565,0.055236085,Fubp1,3,152210422,152236826,+,15500,protein_coding,far upstream element (FUSE) binding protein 1 [Source:MGI Symbol;Acc:MGI:1196294],-,1.257777108
ENSMUSG00000006335,"pre-B ALL,N.A.",547.2326347,726.7182266,730.9153357,406.0860188,390.5597599,413.8713215,434.2722897,329.949934,0.619503783,0.004524836,0.055532774,Tfpt,7,3620324,3629929,-,1201,protein_coding,TCF3 (E2A) fusion partner [Source:MGI Symbol;Acc:MGI:1916964],-,1.255450633
ENSMUSG00000030745,"NHL,N.A.",31.04236988,44.17100654,69.85924036,60.1941665,28.64741515,24.34537185,29.27678357,19.1275324,1.014736187,0.004538574,0.055654217,Il21r,7,125603429,125633570,+,3324,protein_coding,interleukin 21 receptor [Source:MGI Symbol;Acc:MGI:1890475],-,1.254501922
ENSMUSG00000028936,"AML, CML,N.A.",2566.760526,3141.399917,3614.95502,2166.989994,1979.536387,2221.225356,1936.171287,1881.192812,0.518966639,0.004573783,0.055802468,Rpl22,4,152325742,152334071,+,2911,protein_coding,ribosomal protein L22 [Source:MGI Symbol;Acc:MGI:99262],-,1.253346591
ENSMUSG00000055024,"colorectal, breast, pancreatic, AML, ALL, DLBCL,N.A.",959.6526916,664.6684794,761.1529173,1830.082346,1758.95129,2090.224069,1719.523089,1819.984708,-0.809119839,0.004836235,0.056988083,Ep300,15,81585351,81652077,+,14273,protein_coding,E1A binding protein p300 [Source:MGI Symbol;Acc:MGI:1276116],-,1.244215951
ENSMUSG00000042548,"MDS, CMML,N.A.",905.5502755,720.4080829,774.7076953,1187.711763,1221.334799,1348.269879,1234.504374,1318.843359,-0.512933216,0.005022803,0.057575846,Asxl1,2,153345829,153404007,+,7444,protein_coding,additional sex combs like 1 [Source:MGI Symbol;Acc:MGI:2684063],-,1.239759675
ENSMUSG00000063455,"pilocytic astrocytoma,N.A.",1291.362587,1089.551495,1013.480323,1374.583205,1516.403175,1584.767777,1773.197192,1524.464333,-0.42363401,0.005033215,0.057575846,D630045J12Rik,6,38123174,38254009,-,13450,protein_coding,RIKEN cDNA D630045J12 gene [Source:MGI Symbol;Acc:MGI:2669829],-,1.239759675
ENSMUSG00000058076,"N.A.,""paraganglioma, pheochromocytoma""",1646.132528,1965.609791,2295.970855,1332.357447,1304.412303,1231.180234,1237.432052,1299.715827,0.51285654,0.00531289,0.058510471,Sdhc,1,171127165,171150603,-,3250,protein_coding,"succinate dehydrogenase complex, subunit C, integral membrane protein [Source:MGI Symbol;Acc:MGI:1913302]",-,1.232766406
ENSMUSG00000013663,"glioma, prostate, endometrial,""harmartoma, glioma, prostate, endometrial""",2347.690087,1371.404584,1492.068253,3738.327266,4026.871657,3752.665176,3861.607753,3824.550104,-0.788977922,0.005491723,0.059263134,Pten,19,32757497,32826160,+,11507,protein_coding,phosphatase and tensin homolog [Source:MGI Symbol;Acc:MGI:109583],-,1.227215386
ENSMUSG00000000804,"aneurysmal bone cyst,N.A.",2184.495914,1482.883791,1487.897552,3770.6704,3852.122424,4204.79351,3445.877427,3762.385624,-0.773931642,0.005728018,0.060067454,Usp32,11,84984442,85140161,-,7680,protein_coding,ubiquitin specific peptidase 32 [Source:MGI Symbol;Acc:MGI:2144475],-,1.221360776
ENSMUSG00000038056,"medulloblastoma,N.A.",914.4195241,687.8056733,767.4089687,2606.317568,2592.591071,3050.127302,1977.158784,2452.149654,-1.017000615,0.005837992,0.060649782,Kmt2c,5,25271798,25498783,-,20291,protein_coding,lysine (K)-specific methyltransferase 2C [Source:MGI Symbol;Acc:MGI:2444959],-,1.217170754
ENSMUSG00000054823,"AML,N.A.",1930.835406,1358.784296,1384.672704,2416.750864,2456.993306,2832.178259,2669.066769,2543.005433,-0.566092754,0.005866125,0.060718688,Nsd3,8,25601601,25719667,+,16513,protein_coding,nuclear receptor binding SET domain protein 3 [Source:MGI Symbol;Acc:MGI:2142581],-,1.21667762
ENSMUSG00000022797,"NHL,N.A.",1145.019986,958.0901657,1159.454855,1963.946985,2172.428983,2690.743242,1657.06595,1874.498176,-0.683222686,0.005869781,0.060718688,Tfrc,16,32608920,32632794,+,6185,protein_coding,transferrin receptor [Source:MGI Symbol;Acc:MGI:98822],-,1.21667762
ENSMUSG00000022105,"retinoblastoma, sarcoma, breast, small cell lung carcinoma",494.9040683,320.7656427,547.4044954,923.5761666,826.9553841,1201.038345,983.6999281,917.1651788,-0.780079006,0.006087587,0.06139425,Rb1,14,73183673,73325822,-,6015,protein_coding,RB transcriptional corepressor 1 [Source:MGI Symbol;Acc:MGI:97874],-,1.211872302
ENSMUSG00000025982,"myelodysplastic syndrome,N.A.",4213.779979,2875.322188,3137.409765,6838.776051,6795.166875,7898.334211,6573.613805,6594.216796,-0.707062646,0.006173591,0.061744432,Sf3b1,1,54985169,55027481,-,11370,protein_coding,"splicing factor 3b, subunit 1 [Source:MGI Symbol;Acc:MGI:1932339]",-,1.209402199
ENSMUSG00000047146,"AML,N.A.",141.9079766,82.03186929,79.24331742,274.0182206,275.0151855,323.4456546,258.6115882,272.5673368,-0.96574354,0.00638229,0.062455191,Tet1,10,62804570,62908996,-,15457,protein_coding,tet methylcytosine dioxygenase 1 [Source:MGI Symbol;Acc:MGI:1098693],-,1.204431461
ENSMUSG00000003814,"MPN, MDS,N.A.",10583.67428,10016.30158,9956.505764,6394.057955,6144.870551,7098.41485,6494.566489,6559.787238,0.49066193,0.006497406,0.062521881,Calr,8,84841850,84846934,-,2880,protein_coding,calreticulin [Source:MGI Symbol;Acc:MGI:88252],-,1.203967961
ENSMUSG00000028329,"N.A.,""skin basal cell, skin squamous cell, melanoma""",224.391988,302.886902,302.3758165,231.7924621,194.802423,205.1967056,167.8535592,181.7115578,0.501020672,0.006823031,0.063482338,Xpa,4,46155347,46196311,-,1894,protein_coding,"xeroderma pigmentosum, complementation group A [Source:MGI Symbol;Acc:MGI:99135]",-,1.197347089
ENSMUSG00000021945,"MPN, NHL,N.A.",1518.415349,948.62495,1063.528734,2141.834223,2158.105275,2613.069912,2062.061456,2221.662889,-0.674287666,0.006854744,0.063482338,Zmym2,14,56886653,56962701,+,7860,protein_coding,"zinc finger, MYM-type 2 [Source:MGI Symbol;Acc:MGI:1923257]",-,1.197347089
ENSMUSG00000025958,"clear cell sarcoma, angiomatoid fibrous histiocytoma,N.A.",1070.518298,650.9965011,647.5013174,1303.607994,1450.514121,1487.38629,1335.997224,1463.256229,-0.642854834,0.006875182,0.063482338,Creb1,1,64532645,64604548,+,13742,protein_coding,cAMP responsive element binding protein 1 [Source:MGI Symbol;Acc:MGI:88494],TF_bZIP,1.197347089
ENSMUSG00000060579,"pleomorphic salivary gland adenoma,N.A.",43.45931783,62.04974728,86.54204403,37.73365661,15.27862142,35.93840607,31.22856915,29.64767523,1.036421023,0.006899908,0.063482338,Fhit,14,9550092,11162035,-,1491,protein_coding,fragile histidine triad gene [Source:MGI Symbol;Acc:MGI:1277947],-,1.197347089
ENSMUSG00000057406,"MM,N.A.",1276.284864,1059.052466,1008.266947,2476.04661,2525.747103,2399.758083,2336.287329,2348.860979,-0.723405303,0.00736518,0.065598118,Nsd2,5,33820725,33897975,+,16803,protein_coding,nuclear receptor binding SET domain protein 2 [Source:MGI Symbol;Acc:MGI:1276574],HMG,1.183108621
ENSMUSG00000033306,"lipoma, leukaemia,N.A.",121.5087049,98.8589194,126.1637027,280.3071634,271.1955301,345.4724196,251.7803387,255.3525576,-0.839647487,0.00749435,0.066283173,Lpp,16,24393507,24992578,+,22046,protein_coding,LIM domain containing preferred translocation partner in lipoma [Source:MGI Symbol;Acc:MGI:2441849],-,1.178596711
ENSMUSG00000041415,"sex cord-stromal tumour, TGCT, embryonal rhabdomyosarcoma,pleuropulmonary blastoma",982.7127378,804.5433334,846.6522861,1742.935567,1780.914309,2032.258898,1619.006132,1539.766359,-0.671170638,0.007583586,0.066495806,Dicer1,12,104687742,104751952,-,16750,protein_coding,"dicer 1, ribonuclease type III [Source:MGI Symbol;Acc:MGI:2177178]",-,1.177205744
ENSMUSG00000006586,"AML,N.A.",495.7909932,357.5748148,315.9305945,547.1380209,635.0177026,595.8819587,636.2820963,619.7320499,-0.533652765,0.007755634,0.066935097,Runx1t1,4,13743436,13893649,+,7959,protein_coding,"runt-related transcription factor 1; translocated to, 1 (cyclin D-related) [Source:MGI Symbol;Acc:MGI:104793]",-,1.174346106
ENSMUSG00000003119,"serous ovarian,N.A.",427.4977794,288.1632331,334.6987486,657.6437296,670.3495146,772.0960788,625.5472757,647.4669719,-0.667532598,0.007843714,0.067148298,Cdk12,11,98203059,98278504,+,11730,protein_coding,cyclin-dependent kinase 12 [Source:MGI Symbol;Acc:MGI:1098802],-,1.172964992
ENSMUSG00000025225,"B-NHL,N.A.",94.90095933,90.44539434,112.6089248,109.6072883,62.0693995,69.5582053,66.36070943,76.51012962,0.570564712,0.008086034,0.067953011,Nfkb2,19,46304737,46312090,+,3289,protein_coding,"nuclear factor of kappa light polypeptide gene enhancer in B cells 2, p49/p100 [Source:MGI Symbol;Acc:MGI:1099800]",RHD,1.167791296
ENSMUSG00000044702,"N.A.,""Wilms tumour, medulloblastoma, AML ,breast""",21.28619649,9.465215687,13.55477798,17.06998752,47.74569192,35.93840607,21.46964129,28.69129861,-1.114462409,0.0084993,1,Palb2,7,122107262,122132985,-,7342,protein_coding,partner and localizer of BRCA2 [Source:MGI Symbol;Acc:MGI:3040695],-,0
ENSMUSG00000042817,"AML, ALL,N.A.",156.0987742,154.5985229,165.7853614,221.0114173,300.7978591,204.0374022,262.5151594,245.7887914,-0.538802553,0.008512959,0.069161382,Flt3,5,147330741,147400489,-,6176,protein_coding,FMS-like tyrosine kinase 3 [Source:MGI Symbol;Acc:MGI:95559],-,1.160136338
ENSMUSG00000031200,"T cell prolymphocytic leukaemia,N.A.",26.60774561,34.70579085,23.98153027,116.7946514,123.1838852,129.8419832,103.4446353,104.2450516,-1.184299555,0.008600683,0.069362926,Mtcp1,X,75410444,75416588,-,4478,protein_coding,mature T cell proliferation 1 [Source:MGI Symbol;Acc:MGI:102699],-,1.158872595
ENSMUSG00000042903,"AL,N.A.",733.4868539,716.2013203,901.9140733,566.0048492,511.8338174,547.191215,526.9821043,550.8729332,0.448836544,0.008793887,0.069897402,Foxo4,X,101254528,101260873,+,3485,protein_coding,forkhead box O4 [Source:MGI Symbol;Acc:MGI:1891915],Fork,1.155538967
ENSMUSG00000049470,"ALL,N.A.",3717.102061,2209.602018,2465.926917,6374.292707,6113.358394,7330.275535,5723.611189,6135.156019,-0.776758747,0.008891906,0.070099392,Aff4,11,53350833,53421830,+,13450,protein_coding,"AF4/FMR2 family, member 4 [Source:MGI Symbol;Acc:MGI:2136171]",AF-4,1.15428575
ENSMUSG00000029204,"NHL,N.A.",28.38159531,37.86086275,37.53630825,28.74945266,21.00810445,18.54885475,12.68660622,16.25840254,0.949520421,0.009167644,1,Rhoh,5,65861213,65896700,+,10341,protein_coding,ras homolog family member H [Source:MGI Symbol;Acc:MGI:1921984],-,0
ENSMUSG00000025408,"liposarcoma,N.A.",525.9464382,523.7419347,633.9465394,423.1560063,347.5886372,355.9061504,357.1767596,456.1916478,0.472936733,0.009292644,0.071285771,Ddit3,10,127290774,127296288,+,1713,protein_coding,DNA-damage inducible transcript 3 [Source:MGI Symbol;Acc:MGI:109247],TF_bZIP,1.146997149
ENSMUSG00000031229,"Pancreatic neuroendocrine tumours, paediatric GBM,N.A.",2503.788862,1695.325299,1701.645974,5792.11629,5240.567145,6605.710896,4618.900555,5178.779398,-0.88818023,0.010590686,0.075159193,Atrx,X,105797615,105929403,-,21757,protein_coding,"ATRX, chromatin remodeler [Source:MGI Symbol;Acc:MGI:103067]",-,1.124017889
ENSMUSG00000039830,"T-ALL,N.A.",827.5008884,769.8375426,1018.693699,653.1516276,669.3946008,631.8203648,544.5481745,537.4836606,0.455821177,0.011068965,0.076403542,Olig2,16,91225457,91228677,+,2530,protein_coding,oligodendrocyte transcription factor 2 [Source:MGI Symbol;Acc:MGI:1355331],bHLH,1.116886507
ENSMUSG00000040943,"MDS,N.A.",533.041837,351.2646711,333.6560734,1053.847124,1116.294277,1075.833575,1013.952604,833.9604128,-0.829759197,0.011082861,0.076408334,Tet2,3,133463679,133545139,-,16870,protein_coding,tet methylcytosine dioxygenase 2 [Source:MGI Symbol;Acc:MGI:2443298],-,1.11685927
ENSMUSG00000025332,"clear cell renal carcinoma,N.A.",1461.652159,964.4003095,1262.679703,1317.98272,1653.910768,1456.085098,1815.160582,1818.071955,-0.429404684,0.011167899,0.076542129,Kdm5c,X,152233020,152274535,+,7110,protein_coding,lysine (K)-specific demethylase 5C [Source:MGI Symbol;Acc:MGI:99781],ARID,1.116099462
ENSMUSG00000026361,"parathyroid adenoma,""parathyroid adenoma, multiple ossifying jaw fibroma""",910.8718246,682.5472201,666.2694715,1397.043715,1433.325672,1533.758427,1281.347228,1327.450749,-0.608005801,0.011395684,0.077190033,Cdc73,1,143598800,143702893,-,17613,protein_coding,"cell division cycle 73, Paf1/RNA polymerase II complex component [Source:MGI Symbol;Acc:MGI:2384876]",-,1.112438773
ENSMUSG00000031925,"salivary gland mucoepidermoid,N.A.",342.3529935,233.4753203,283.6076624,389.9144517,513.7436451,768.6181685,358.1526524,373.9432585,-0.687354923,0.011964095,0.07857779,Maml2,9,13297957,13709388,+,6598,protein_coding,mastermind like transcriptional coactivator 2 [Source:MGI Symbol;Acc:MGI:2389460],-,1.104700189
ENSMUSG00000036526,"DLBCL,N.A.",12.41694795,8.413525055,20.85350458,22.46050989,2.864741515,5.796517108,9.758927858,2.869129861,1.59828643,0.012038966,1,Card11,5,140872990,141000582,-,4866,protein_coding,"caspase recruitment domain family, member 11 [Source:MGI Symbol;Acc:MGI:1916978]",-,0
ENSMUSG00000025337,"N.A.,""AML, MDS""",1648.793303,1843.613678,1753.779736,1449.152098,1324.465494,1235.817447,1256.949908,1459.430722,0.343053056,0.012300269,0.079608652,Sbds,5,130245731,130255530,-,2033,protein_coding,SBDS ribosome maturation factor [Source:MGI Symbol;Acc:MGI:1913961],-,1.099039731
ENSMUSG00000059146,"congenital fibrosarcoma, secretory breast,N.A.",2885.166549,2961.560819,3250.01869,5840.630992,5650.225182,7816.023668,4589.623772,5383.443995,-0.649872804,0.012459578,0.079902236,Ntrk3,7,78175959,78738012,-,30170,protein_coding,"neurotrophic tyrosine kinase, receptor, type 3 [Source:MGI Symbol;Acc:MGI:97385]",-,1.097441064
ENSMUSG00000005886,"AML, chondrosarcoma,N.A.",1435.931338,925.4877561,1125.046572,2732.994843,2688.082455,2916.807409,2276.757869,2498.055732,-0.73858928,0.012650777,0.080178797,Ncoa2,1,13139105,13374083,-,15642,protein_coding,nuclear receptor coactivator 2 [Source:MGI Symbol;Acc:MGI:1276533],-,1.095940462
ENSMUSG00000025626,"ETP ALL,N.A.",538.3633861,317.6105708,339.9121247,711.5489533,721.9148619,846.2914978,686.0526284,722.0643483,-0.640583989,0.01277485,0.080468346,Phf6,X,52912266,52956943,+,6946,protein_coding,PHD finger protein 6 [Source:MGI Symbol;Acc:MGI:1918248],-,1.094374924
ENSMUSG00000024639,"uveal melanoma,N.A.",5785.41082,4361.36105,5139.346205,6695.927208,6821.904462,9076.186488,6738.539686,7287.589846,-0.444834306,0.012833706,0.080468346,Gnaq,19,16132831,16387463,+,6185,protein_coding,"guanine nucleotide binding protein, alpha q polypeptide [Source:MGI Symbol;Acc:MGI:95776]",-,1.094374924
ENSMUSG00000033335,"ETP ALL,N.A.",1587.595488,1544.933538,1805.913497,1522.82257,1236.613421,1242.773268,1390.64722,1339.883645,0.310253116,0.012893622,0.080693793,Dnm2,9,21424908,21507759,+,5330,protein_coding,dynamin 2 [Source:MGI Symbol;Acc:MGI:109547],-,1.093159872
ENSMUSG00000047454,"AL,N.A.",1430.609789,1346.164009,1435.763791,1590.2041,1759.906204,2028.780988,1692.198091,1750.169215,-0.316976145,0.013120881,0.081155705,Gphn,12,78226379,78684772,+,3749,protein_coding,gephyrin [Source:MGI Symbol;Acc:MGI:109602],-,1.090680945
ENSMUSG00000037487,"mantle cell lymphoma,N.A.",2416.870226,1836.251843,1917.479747,4691.551306,4092.760712,5030.217546,4247.085404,4218.577272,-0.6951439,0.013197752,0.081292745,Ubr5,15,37967328,38078854,-,15388,protein_coding,ubiquitin protein ligase E3 component n-recognin 5 [Source:MGI Symbol;Acc:MGI:1918040],-,1.08994821
ENSMUSG00000005371,"DLBCL,N.A.",2772.527092,2013.98756,1957.101405,3197.478188,3357.477056,3840.772236,3257.530119,3320.539625,-0.470393007,0.013502706,0.082000459,Fbxo11,17,87990859,88065291,-,4144,protein_coding,F-box protein 11 [Source:MGI Symbol;Acc:MGI:2147134],-,1.086183715
ENSMUSG00000003068,"NSCLC, pancreatic,""jejunal hamartoma, ovarian, testicular, pancreatic""",2092.25573,2659.725608,2860.058154,1677.350879,1708.340857,1648.529466,1624.861488,1769.296747,0.460176876,0.013611314,0.082247492,Stk11,10,80115803,80130682,+,4580,protein_coding,serine/threonine kinase 11 [Source:MGI Symbol;Acc:MGI:1341870],-,1.084877338
ENSMUSG00000061613,"CLL, MDS,N.A.",1012.868183,1183.151961,1422.209013,902.9124975,831.7299533,876.4333867,850.9785092,815.789257,0.421429125,0.013770409,0.082487666,U2af1,17,31647082,31658754,-,974,protein_coding,U2 small nuclear ribonucleoprotein auxiliary factor (U2AF) 1 [Source:MGI Symbol;Acc:MGI:98884],-,1.083610984
ENSMUSG00000048154,"medulloblastoma, renal,N.A.",3601.80183,3113.00427,2945.557523,3541.573199,4053.609244,4278.988929,4676.47823,3705.003027,-0.34013093,0.014078793,0.082949176,Kmt2d,15,98831669,98871204,-,19931,protein_coding,lysine (K)-specific methyltransferase 2D [Source:MGI Symbol;Acc:MGI:2682319],-,1.081187922
ENSMUSG00000021188,"AML,N.A.",848.7870849,579.4815382,654.800044,1434.777372,1370.301358,1516.368875,1335.021331,1296.846697,-0.648979559,0.014205643,0.083156449,Trip11,12,101834043,101913267,-,10150,protein_coding,thyroid hormone receptor interactor 11 [Source:MGI Symbol;Acc:MGI:1924393],-,1.080104062
ENSMUSG00000059495,"AML,N.A.",3938.833275,2801.703843,3039.398293,6522.532072,6191.661329,7138.99047,5802.658504,5987.874019,-0.623671252,0.014484998,0.083774654,Arhgef12,9,42963842,43107239,-,13620,protein_coding,Rho guanine nucleotide exchange factor (GEF) 12 [Source:MGI Symbol;Acc:MGI:1916882],-,1.076887357
ENSMUSG00000032053,"NHL,N.A.",1.773849707,3.155071896,12.51210275,0.898420396,0,0,0,0.95637662,3.895727211,0.014613158,1,Pou2af1,9,51213708,51240080,+,2549,protein_coding,"POU domain, class 2, associating factor 1 [Source:MGI Symbol;Acc:MGI:105086]",-,0
ENSMUSG00000044791,"clear cell renal carcinoma,N.A.",1263.867916,1002.261172,995.7548439,1942.384895,1733.168617,2232.81839,1851.268615,1860.152526,-0.560429842,0.01484154,0.084778178,Setd2,9,110532597,110618633,+,10754,protein_coding,SET domain containing 2 [Source:MGI Symbol;Acc:MGI:1918177],-,1.07171592
ENSMUSG00000054387,"glioblastoma, bladder, retinoblastoma,N.A.",1364.090425,971.7621439,1013.480323,2566.78707,2464.632617,2508.732604,2464.129284,2128.894357,-0.693001542,0.015201877,0.085444538,Mdm4,1,132959484,133030561,-,14798,protein_coding,transformed mouse 3T3 cell double minute 4 [Source:MGI Symbol;Acc:MGI:107934],-,1.068315696
ENSMUSG00000032097,"B-NHL,N.A.",3364.992895,2738.602405,2794.369614,5153.339389,5146.985589,5551.904086,4736.007689,4760.842815,-0.523172808,0.015288468,0.085633258,Ddx6,9,44604892,44640731,+,8035,protein_coding,DEAD (Asp-Glu-Ala-Asp) box polypeptide 6 [Source:MGI Symbol;Acc:MGI:104976],-,1.067357533
ENSMUSG00000028552,"ALL,N.A.",6594.286286,3978.54566,4616.965915,7544.036062,7959.206844,9117.921411,7234.293221,8336.734998,-0.522032953,0.015406071,0.085977154,Eps15,4,109280268,109387817,+,6931,protein_coding,epidermal growth factor receptor pathway substrate 15 [Source:MGI Symbol;Acc:MGI:104583],-,1.065616932
ENSMUSG00000030180,"AML,N.A.",654.550542,521.6385534,533.8497174,1477.00313,1295.818079,1638.095735,1152.52938,1317.886983,-0.761316799,0.015449036,0.086018047,Kdm5a,6,120364124,120444574,+,14158,protein_coding,lysine (K)-specific demethylase 5A [Source:MGI Symbol;Acc:MGI:2136980],ARID,1.06541042
ENSMUSG00000047126,"ALCL, renal,N.A.",9623.134661,6414.261164,6998.436139,13593.10058,12883.69751,14482.01834,12827.13478,13901.89055,-0.562436963,0.015461828,0.086023125,Cltc,11,86694351,86757565,-,8499,protein_coding,"clathrin, heavy polypeptide (Hc) [Source:MGI Symbol;Acc:MGI:2388633]",-,1.065384783
ENSMUSG00000027823,"AML,N.A.",1496.242228,1042.225416,824.7561063,1475.20629,1739.853014,1774.893538,1721.474874,1603.843592,-0.498924065,0.015655158,0.086099549,Gmps,3,63976106,64022579,+,8105,protein_coding,guanine monophosphate synthetase [Source:MGI Symbol;Acc:MGI:2448526],-,1.064999125
ENSMUSG00000071669,"PMBL, Hodgkin lymphoma,N.A.",142.7949014,121.9961133,119.9076514,252.4561312,251.1423395,267.7990904,235.1901614,231.4431421,-0.626526788,0.015832767,0.086403142,Snx29,16,11322908,11755472,+,6435,protein_coding,sorting nexin 29 [Source:MGI Symbol;Acc:MGI:1921728],-,1.063470466
ENSMUSG00000006005,"papillary thyroid,N.A.",1834.160597,1352.474153,1255.380976,2773.423761,2557.259259,3148.668093,2371.419469,2879.650003,-0.602358017,0.015877225,0.086403142,Tpr,1,150392838,150449935,+,10496,protein_coding,"translocated promoter region, nuclear basket protein [Source:MGI Symbol;Acc:MGI:1922066]",-,1.063470466
ENSMUSG00000041147,"breast, ovarian, pancreatic,""breast, ovarian, pancreatic, leukaemia  (FANCB, FANCD1)""",134.8125777,126.2028758,111.5662495,216.5193153,242.548115,219.1083467,217.6240912,197.9699604,-0.572019856,0.016106832,0.086874912,Brca2,5,150522630,150570329,+,13643,protein_coding,"breast cancer 2, early onset [Source:MGI Symbol;Acc:MGI:109337]",-,1.061105621
ENSMUSG00000061731,"N.A.,""exostoses, osteosarcoma""",752.1122758,698.3225796,814.329354,747.4857691,975.9219429,1021.346314,808.0392266,986.9806721,-0.33197953,0.016389592,0.087446941,Ext1,15,53064038,53346159,-,8077,protein_coding,exostoses (multiple) 1 [Source:MGI Symbol;Acc:MGI:894663],-,1.05825538
ENSMUSG00000017009,"NSCLC,N.A.",1749.902736,1440.816166,2482.609721,1777.973963,1172.634194,1549.988675,1258.901694,1407.786385,0.467532004,0.0164527,0.087566335,Sdc4,2,164424247,164443887,-,2547,protein_coding,syndecan 4 [Source:MGI Symbol;Acc:MGI:1349164],-,1.057662827
ENSMUSG00000033237,"hepatocellular carcinoma,N.A.",620.8473975,443.8134467,560.9592733,1141.892323,1111.519708,1139.595263,1021.759747,1030.01762,-0.636042442,0.016684267,0.087980509,Arid2,15,96287518,96404992,+,10737,protein_coding,"AT rich interactive domain 2 (ARID, RFX-like) [Source:MGI Symbol;Acc:MGI:1924294]",ARID,1.055613529
ENSMUSG00000021767,"AML,N.A.",1082.935246,896.0404184,963.4319118,1623.445655,1652.955854,1879.230846,1561.428457,1401.091749,-0.507821754,0.016823086,0.088217294,Kat6b,14,21481434,21672478,+,16826,protein_coding,K(lysine) acetyltransferase 6B [Source:MGI Symbol;Acc:MGI:1858746],-,1.054446266
ENSMUSG00000019850,"marginal zone B-cell lymphomas, Hodgkin lymphoma, PMBL,N.A.",119.7348552,123.0478039,106.3528734,160.8172508,178.5688878,140.275714,183.4678437,263.0035706,-0.586131892,0.016902685,0.088369924,Tnfaip3,10,19000910,19015657,-,7226,protein_coding,"tumor necrosis factor, alpha-induced protein 3 [Source:MGI Symbol;Acc:MGI:1196377]",-,1.053695517
ENSMUSG00000000902,malignant rhabdoid,1647.906378,1957.196266,1989.424337,1162.555992,1200.326695,1283.348888,1203.275805,1261.460762,0.449179315,0.017099238,0.089011919,Smarcb1,10,75896769,75921617,-,7930,protein_coding,"SWI/SNF related, matrix associated, actin dependent regulator of chromatin, subfamily b, member 1 [Source:MGI Symbol;Acc:MGI:1328366]",-,1.050551835
ENSMUSG00000020275,"Hodgkin lymphoma,N.A.",64.74551431,38.91255338,62.56051375,132.0677981,137.5075927,176.2141201,100.5169569,122.4162074,-0.842240773,0.017236375,0.08931898,Rel,11,23736847,23770970,-,7466,protein_coding,reticuloendotheliosis oncogene [Source:MGI Symbol;Acc:MGI:97897],RHD,1.049056244
ENSMUSG00000026048,"N.A.,""skin basal cell, skin squamous cell, melanoma""",424.8370049,362.833268,282.5649871,469.8738669,502.284679,586.6075313,519.174962,496.3594659,-0.448623464,0.017642242,0.090343297,Ercc5,1,44147744,44181260,+,5864,protein_coding,"excision repair cross-complementing rodent repair deficiency, complementation group 5 [Source:MGI Symbol;Acc:MGI:103582]",-,1.044104066
ENSMUSG00000029455,"leiomyoma,N.A.",2506.449636,2886.890785,3141.580466,2087.030579,2075.027771,1825.902889,2035.712351,2183.407824,0.387134377,0.018045946,0.09151913,Aldh2,5,121566027,121593824,-,5126,protein_coding,"aldehyde dehydrogenase 2, mitochondrial [Source:MGI Symbol;Acc:MGI:99600]",-,1.038488118
ENSMUSG00000059436,"pheochromocytoma, endometrioid carcinoma, colon carcinoma,pheochromocytoma",1417.305916,1510.227747,1557.756792,1225.44542,1159.2654,1121.046409,1188.637413,1148.608321,0.306099673,0.018453773,0.092186115,Max,12,76937269,76962201,-,3598,protein_coding,Max protein [Source:MGI Symbol;Acc:MGI:96921],bHLH,1.035334488
ENSMUSG00000068036,"AL,N.A.",1809.326701,1284.114262,1200.119189,2550.615503,2613.599176,2538.874493,2489.502497,2395.723434,-0.552149471,0.018813513,0.09291639,Afdn,17,13760539,13906150,+,10223,protein_coding,"afadin, adherens junction formation factor [Source:MGI Symbol;Acc:MGI:1314653]",-,1.031907673
ENSMUSG00000023990,"renal cell carcinoma (childhood epithelioid),N.A.",246.5651093,256.6125142,331.5707229,275.8150614,176.6590601,263.1618767,186.3955221,171.191415,0.480110974,0.018891628,0.093167735,Tfeb,17,47737030,47792419,+,5669,protein_coding,transcription factor EB [Source:MGI Symbol;Acc:MGI:103270],bHLH,1.030734465
ENSMUSG00000026812,"renal cell carcinoma, bladder carcinoma,""hamartoma, renal cell carcinoma, tuberous sclerosis tuber""",1438.592113,1309.354837,1239.740848,1920.822806,1865.90164,1988.205368,1988.869497,1929.96802,-0.395272097,0.019024642,0.093340954,Tsc1,2,28641228,28691167,+,11833,protein_coding,tuberous sclerosis 1 [Source:MGI Symbol;Acc:MGI:1929183],-,1.029927765
ENSMUSG00000028820,"papillary renal,N.A.",3133.505508,2511.437229,2502.42055,3421.184866,3461.562664,4150.306249,3994.329172,3412.351781,-0.376245657,0.019111429,0.093443006,Sfpq,4,127021324,127037013,+,4743,protein_coding,splicing factor proline/glutamine rich (polypyrimidine tract binding protein associated) [Source:MGI Symbol;Acc:MGI:1918764],-,1.029453198
ENSMUSG00000020817,"CMML,N.A.",2783.170191,1850.975512,2139.56957,3645.789965,3462.517578,4007.711928,3661.549732,3596.932469,-0.49908203,0.019703039,0.094758611,Rabep1,11,70844778,70943105,+,6868,protein_coding,"rabaptin, RAB GTPase binding effector protein 1 [Source:MGI Symbol;Acc:MGI:1860236]",-,1.023381315
ENSMUSG00000032228,"extraskeletal myxoid chondrosarcoma,N.A.",714.861432,430.1414684,518.2095889,1200.289648,1229.929024,1294.941922,1005.169569,1038.62501,-0.673262198,0.019715279,0.094758611,Tcf12,9,71842688,72111871,-,15529,protein_coding,transcription factor 12 [Source:MGI Symbol;Acc:MGI:101877],bHLH,1.023381315
ENSMUSG00000037234,"papillary thyroid,N.A.",1041.249778,605.773804,677.738899,2520.96763,2393.014079,2260.641672,2027.905209,2111.679577,-0.859364746,0.020490287,0.09633083,Hook3,8,26021421,26119224,-,28486,protein_coding,hook microtubule tethering protein 3 [Source:MGI Symbol;Acc:MGI:2443554],-,1.016234696
ENSMUSG00000030257,"pilocytic astrocytoma,N.A.",11275.47566,9387.39058,8469.650887,10264.45302,11646.12917,13162.73105,12443.60891,11743.34852,-0.314488151,0.02051035,0.096343963,Srgap3,6,112717971,112947266,-,9852,protein_coding,SLIT-ROBO Rho GTPase activating protein 3 [Source:MGI Symbol;Acc:MGI:2152938],-,1.016175495
ENSMUSG00000030172,"papillary thyroid,N.A.",1032.38053,786.6645927,902.9567485,1088.885519,1109.60988,1316.968687,1194.49277,1248.071489,-0.352733736,0.021014988,0.097170837,Erc1,6,119570796,119848167,-,16271,protein_coding,ELKS/RAB6-interacting/CAST family member 1 [Source:MGI Symbol;Acc:MGI:2151013],-,1.012464056
ENSMUSG00000020647,"alveolar rhabdomyosarcoma,N.A.",3202.685646,2213.80878,2561.853038,4482.219353,4282.788566,5554.222693,3900.643465,4296.043778,-0.533098393,0.021163773,0.097578403,Ncoa1,12,4247362,4477182,-,8576,protein_coding,nuclear receptor coactivator 1 [Source:MGI Symbol;Acc:MGI:1276523],-,1.010646295
ENSMUSG00000017548,"endometrial stromal tumour,N.A.",675.8367384,424.8830153,511.9535376,1167.946514,1107.700053,1155.825511,1003.217784,1085.487464,-0.645636032,0.021431875,0.098096211,Suz12,11,79993106,80034123,+,4945,protein_coding,SUZ12 polycomb repressive complex 2 subunit [Source:MGI Symbol;Acc:MGI:1261758],-,1.008347768
ENSMUSG00000072214,"AML,N.A.",2804.456387,3492.664589,3848.514271,2112.18635,2071.208116,2029.940291,2208.445374,2565.958472,0.465547402,0.022136664,0.099743915,5-Sep,16,18620502,18629954,-,3915,protein_coding,septin 5 [Source:MGI Symbol;Acc:MGI:1195461],-,1.001113592
ENSMUSG00000019861,"glioblastoma,N.A.",1160.984633,839.2491243,922.7675779,1434.777372,1468.657484,1561.581709,1436.514181,1415.437398,-0.432117314,0.022313821,0.09995322,Gopc,10,52335850,52382124,-,10958,protein_coding,golgi associated PDZ and coiled-coil motif containing [Source:MGI Symbol;Acc:MGI:2149946],-,1.000203209
ENSMUSG00000020290,"CLL,N.A.",1588.482413,918.1259216,912.3408256,2137.342121,2253.596659,1974.293727,2159.650735,2081.075526,-0.607645847,0.022507456,0.100478722,Xpo1,11,23256041,23298249,+,7181,protein_coding,exportin 1 [Source:MGI Symbol;Acc:MGI:2144013],-,0.997925899
ENSMUSG00000021998,"NHL,N.A.",291.7982768,251.354061,287.7783633,358.4697378,271.1955301,179.6920303,160.0464169,232.3995187,0.495539664,0.023627525,0.103107917,Lcp1,14,75131101,75230842,+,9504,protein_coding,lymphocyte cytosolic protein 1 [Source:MGI Symbol;Acc:MGI:104808],-,0.986707987
ENSMUSG00000027630,"splenic marginal zone lymphoma,N.A.",1863.429117,1498.65915,1468.086723,2296.362531,2185.797776,2566.697775,2378.250719,2285.740122,-0.40155916,0.023858352,0.103448098,Tbl1xr1,3,22076652,22216594,+,8903,protein_coding,transducin (beta)-like 1X-linked receptor 1 [Source:MGI Symbol;Acc:MGI:2441730],-,0.985277489
ENSMUSG00000028484,"AML,N.A.",3703.798189,2920.544885,2691.144767,4213.591655,4286.608221,4675.470699,4285.145222,4449.064037,-0.387157361,0.023908877,0.10348128,Psip1,4,83455680,83486459,-,5082,protein_coding,PC4 and SFRS1 interacting protein 1 [Source:MGI Symbol;Acc:MGI:2142116],-,0.98513821
ENSMUSG00000034120,"MDS, CLL,N.A.",1786.266655,1762.633499,1618.231956,1919.924385,2083.621996,1978.930941,2473.888212,2148.021889,-0.293238353,0.026396148,0.107969076,Srsf2,11,116849901,116853094,-,2958,protein_coding,serine/arginine-rich splicing factor 2 [Source:MGI Symbol;Acc:MGI:98284],-,0.966700613
ENSMUSG00000048332,"lipoma,N.A.",376.9430628,340.7477647,307.5891926,371.0476234,284.5643239,275.9142143,278.129444,278.3055965,0.323084836,0.026902615,0.108949572,Lhfp,3,53041528,53261679,+,5108,protein_coding,lipoma HMGIC fusion partner [Source:MGI Symbol;Acc:MGI:1920048],-,0.962774473
ENSMUSG00000030062,"AML,N.A.",3446.589981,3300.205203,3278.170921,2362.84564,2365.321578,2523.803549,2443.635536,2448.324148,0.340809124,0.027109908,0.109330463,Rpn1,6,88084482,88105304,+,4512,protein_coding,ribophorin I [Source:MGI Symbol;Acc:MGI:98084],-,0.961258811
ENSMUSG00000031592,"papillary thyroid, CML, MPN,N.A.",956.1049922,567.9129412,669.3974972,2799.477953,2265.055625,2725.522344,1981.062355,2295.303888,-0.891916508,0.027988458,0.110836438,Pcm1,8,41239752,41332344,+,7458,protein_coding,pericentriolar material 1 [Source:MGI Symbol;Acc:MGI:1277958],-,0.955317439
ENSMUSG00000029231,"GIST, idiopathic hypereosinophilic syndrome, paediatric glioblastoma,N.A.",879.8294548,618.3940916,598.4955816,1441.964735,1461.973087,1279.870977,1302.816869,1269.111775,-0.586005936,0.028279311,0.111378277,Pdgfra,5,75152292,75198215,+,10024,protein_coding,"platelet derived growth factor receptor, alpha polypeptide [Source:MGI Symbol;Acc:MGI:97530]",-,0.953199506
ENSMUSG00000027230,"myxofibrosarcoma,N.A.",83.37093624,104.1173726,144.9318569,88.04519877,57.29483031,59.1244745,80.99910122,81.29201272,0.588436792,0.02848824,0.111594995,Creb3l1,2,91982328,92024502,-,2603,protein_coding,cAMP responsive element binding protein 3-like 1 [Source:MGI Symbol;Acc:MGI:1347062],TF_bZIP,0.952355285
ENSMUSG00000007880,"clear cell ovarian carcinoma, RCC,N.A.",2197.799787,2066.572092,1907.052994,3315.17126,3014.662988,3484.866085,3078.941739,3161.781106,-0.425176615,0.028712069,0.112138128,Arid1a,4,133679008,133756769,-,11476,protein_coding,AT rich interactive domain 1A (SWI-like) [Source:MGI Symbol;Acc:MGI:1935147],ARID,0.950246699
ENSMUSG00000048756,"AL,N.A.",1386.263546,1020.139913,1269.978429,1518.330469,1513.538434,1901.257611,1582.898099,1681.310098,-0.361982334,0.029295596,0.113233857,Foxo3,10,42181841,42276755,-,7571,protein_coding,forkhead box O3 [Source:MGI Symbol;Acc:MGI:1890081],Fork,0.946023701
ENSMUSG00000032508,"ABC-DLBCL,N.A.",156.9856991,134.6164009,156.4012844,123.9820146,88.80698698,135.6385003,95.63749301,91.81215554,0.478062258,0.029521197,0.113673486,Myd88,9,119335934,119341411,-,2576,protein_coding,myeloid differentiation primary response gene 88 [Source:MGI Symbol;Acc:MGI:108005],-,0.944340822
ENSMUSG00000028149,"T-ALL,N.A.",6431.092113,5338.381648,5576.227126,6647.412507,7389.123282,7063.635748,6922.983422,7711.264689,-0.277669959,0.030351285,0.115181331,Rap1gds1,3,138925902,139075201,-,7559,protein_coding,"RAP1, GTP-GDP dissociation stimulator 1 [Source:MGI Symbol;Acc:MGI:2385189]",-,0.938617906
ENSMUSG00000063568,"endometrial stromal tumour,N.A.",578.2750045,460.6404968,427.496844,568.7001104,614.964512,671.2366811,680.1972717,612.0810369,-0.340037893,0.031085394,0.116868816,Jazf1,6,52768797,53068631,-,2536,protein_coding,JAZF zinc finger 1 [Source:MGI Symbol;Acc:MGI:2141450],-,0.932301355
ENSMUSG00000038170,"MPN,N.A.",4309.567864,3023.610567,3572.205335,5370.757125,4814.675574,6486.302644,5158.569266,5523.074982,-0.433413853,0.031280826,0.117284251,Pde4dip,3,97689824,97888707,-,16857,protein_coding,phosphodiesterase 4D interacting protein (myomegalin) [Source:MGI Symbol;Acc:MGI:1891434],-,0.930760301
ENSMUSG00000042323,"clear cell renal carcinoma, breast,N.A.",842.5786109,591.0501351,718.4032329,1528.213093,1419.001964,1604.475935,1171.071343,1334.145385,-0.586570192,0.032772885,0.119580983,Pbrm1,14,31019138,31121592,+,8846,protein_coding,polybromo 1 [Source:MGI Symbol;Acc:MGI:1923998],HMG,0.922337881
ENSMUSG00000070544,"AML*,N.A.",1885.602239,992.7959565,1158.41218,1893.870194,2050.200011,2201.517198,1951.785572,2082.031902,-0.481934069,0.032960587,0.11978962,Top1,2,160645888,160722764,+,10426,protein_coding,topoisomerase (DNA) I [Source:MGI Symbol;Acc:MGI:98788],-,0.921580813
ENSMUSG00000026743,"AL,N.A.",560.5365075,411.2110371,417.0700917,832.8357067,762.0212431,774.4146856,799.2561916,801.4436077,-0.496894751,0.032973824,0.11978962,Mllt10,2,18055237,18212388,+,5907,protein_coding,"myeloid/lymphoid or mixed-lineage leukemia; translocated to, 10 [Source:MGI Symbol;Acc:MGI:1329038]",-,0.921580813
ENSMUSG00000050332,"Wilms tumour,N.A.",171.1764967,111.479207,106.3528734,227.3003601,254.007081,219.1083467,197.1303427,242.9196615,-0.564465122,0.032989844,0.119799126,Amer1,X,95420318,95444872,-,8496,protein_coding,APC membrane recruitment 1 [Source:MGI Symbol;Acc:MGI:1919595],-,0.921546349
ENSMUSG00000000489,"DFSP,N.A.",745.016877,948.62495,925.8956036,679.205819,649.3414102,626.0238477,686.0526284,645.5542186,0.338624328,0.03313208,0.120027398,Pdgfb,15,79995874,80014977,-,4161,protein_coding,"platelet derived growth factor, B polypeptide [Source:MGI Symbol;Acc:MGI:97528]",-,0.920719608
ENSMUSG00000030057,"aneurysmal bone cyst,N.A.",6408.918992,6375.348611,6581.366047,5460.599164,5173.723177,5398.876034,4849.211253,5378.662112,0.255228534,0.033202198,0.120088468,Cnbp,6,87842615,87851106,-,3036,protein_coding,cellular nucleic acid binding protein [Source:MGI Symbol;Acc:MGI:88431],-,0.920498696
ENSMUSG00000020661,"AML,N.A.",1355.221176,1075.879516,1013.480323,2309.838837,2030.146821,2029.940291,2296.275725,1995.958006,-0.53718815,0.033407504,0.120235631,Dnmt3a,12,3806007,3914443,+,16642,protein_coding,DNA methyltransferase 3A [Source:MGI Symbol;Acc:MGI:1261827],-,0.919966812
ENSMUSG00000048109,"acute megakaryocytic leukaemia,N.A.",284.702878,173.5289543,215.8337725,410.5781208,421.1170028,445.1725139,339.6106895,389.2452844,-0.554463547,0.033479221,0.120371355,Rbm15,3,107325421,107333673,-,7423,protein_coding,RNA binding motif protein 15 [Source:MGI Symbol;Acc:MGI:2443205],-,0.91947685
ENSMUSG00000079487,"uterine leiomyoma,N.A.",609.3173744,566.8612506,460.8624513,992.7545371,936.7704755,988.8858186,974.916893,815.789257,-0.498180997,0.033488853,0.120373684,Med12,X,101274030,101297465,+,7704,protein_coding,mediator complex subunit 12 [Source:MGI Symbol;Acc:MGI:1926212],-,0.919468447
ENSMUSG00000009863,"N.A.,""paraganglioma, pheochromocytoma""",2650.131463,3270.757865,3439.785581,2014.258527,2096.990789,2206.154411,2106.952525,2262.787083,0.391081494,0.034951859,0.12291715,Sdhb,4,140961203,140979193,+,2239,protein_coding,"succinate dehydrogenase complex, subunit B, iron sulfur (Ip) [Source:MGI Symbol;Acc:MGI:1914930]",-,0.910387517
ENSMUSG00000027665,"colorectal, gastric, glioblastoma, breast,N.A.",1277.171789,862.3863182,1130.259948,1727.662421,1701.65646,1835.177316,1525.320424,1746.343708,-0.445655964,0.035146347,0.123329256,Pik3ca,3,32397671,32468486,+,9088,protein_coding,"phosphatidylinositol-4,5-bisphosphate 3-kinase catalytic subunit alpha [Source:MGI Symbol;Acc:MGI:1206581]",-,0.908933889
ENSMUSG00000053175,"CLL,N.A.",10.64309824,15.77535948,27.10955596,30.54629345,5.729483031,6.95582053,3.903571143,18.17115578,1.268344371,0.035182794,1,Bcl3,7,19808462,19822770,-,2475,protein_coding,B cell leukemia/lymphoma 3 [Source:MGI Symbol;Acc:MGI:88140],-,0
ENSMUSG00000040525,"AML,N.A.",1.773849707,1.051690632,6.256051375,3.593681582,0,1.159303422,0,0,3.370450475,0.035828515,1,Cblc,7,19778881,19796809,-,2541,protein_coding,Casitas B-lineage lymphoma c [Source:MGI Symbol;Acc:MGI:1931457],-,0
ENSMUSG00000021796,"N.A.,gastrointestinal polyps",909.9848998,541.6206754,677.738899,1478.799971,1452.423948,1485.067683,1166.191879,1312.148723,-0.585349126,0.036072202,0.125035336,Bmpr1a,14,34410734,34503341,-,6351,protein_coding,"bone morphogenetic protein receptor, type 1A [Source:MGI Symbol;Acc:MGI:1338938]",-,0.902967233
ENSMUSG00000021466,"skin basal cell, medulloblastoma",1060.762125,653.0998824,594.3248807,1370.989524,1313.006528,1334.358238,1336.973117,1341.796398,-0.533095592,0.036583269,0.125813085,Ptch1,13,63508328,63573598,-,14185,protein_coding,patched 1 [Source:MGI Symbol;Acc:MGI:105373],-,0.900274188
ENSMUSG00000052534,"pre B-ALL, myoepithelioma,N.A.",2738.823948,2488.300035,2317.867035,3502.042702,3692.651813,3342.271764,3444.901534,3462.083365,-0.335604934,0.037198122,0.126900877,Pbx1,1,168119364,168432270,-,13844,protein_coding,pre B cell leukemia homeobox 1 [Source:MGI Symbol;Acc:MGI:97495],Homeobox,0.896535376
ENSMUSG00000040407,"papillary thyroid,N.A.",1207.991651,909.7123966,957.1758604,2073.554273,1757.996377,2358.02316,1500.923105,1991.176123,-0.56296193,0.037221613,0.126900877,Akap9,5,3928054,4081310,+,21350,protein_coding,A kinase (PRKA) anchor protein (yotiao) 9 [Source:MGI Symbol;Acc:MGI:2178217],-,0.896535376
ENSMUSG00000031311,"papillary renal,N.A.",3600.914906,3924.909438,3892.306631,2803.970055,2730.098664,3145.190183,2606.609631,2893.039276,0.32225536,0.037359794,0.127114287,Nono,X,101429318,101448591,+,4375,protein_coding,"non-POU-domain-containing, octamer binding protein [Source:MGI Symbol;Acc:MGI:1855692]",-,0.895805634
ENSMUSG00000023944,"NHL,N.A.",50199.05979,51253.09126,57266.85162,32372.78211,34589.84397,39402.40469,34120.13947,37547.34611,0.391659148,0.037382291,0.127114287,Hsp90ab1,17,45567775,45573271,-,2999,protein_coding,"heat shock protein 90 alpha (cytosolic), class B member 1 [Source:MGI Symbol;Acc:MGI:96247]",-,0.895805634
ENSMUSG00000021908,"papillary thyroid,N.A.",3.547699414,6.310143791,1.042675229,4.492101978,16.23353525,9.274427373,5.855356715,11.47651944,-1.47863547,0.037534288,1,Gm6768,12,119260978,119262855,+,1878,processed_pseudogene,predicted gene 6768 [Source:MGI Symbol;Acc:MGI:3648259],-,0
ENSMUSG00000038366,"AML,N.A.",2546.361255,3289.688297,2471.140293,2281.987805,2055.929494,1616.06897,2290.420368,2234.095785,0.369147543,0.037848346,0.128035448,Lasp1,11,97799000,97838764,+,6495,protein_coding,LIM and SH3 protein 1 [Source:MGI Symbol;Acc:MGI:109656],-,0.892669775
ENSMUSG00000024515,"colorectal, pancreatic, small intestine,gastrointestinal polyp",695.3490852,410.1593464,522.3802899,1096.971303,934.8606479,1206.834862,904.6526124,1012.802841,-0.574144397,0.038497782,0.129566552,Smad4,18,73639009,73703780,-,3712,protein_coding,SMAD family member 4 [Source:MGI Symbol;Acc:MGI:894293],MH1,0.887507099
ENSMUSG00000024212,"AL,N.A.",2238.59833,2491.455107,2459.670866,1450.948939,1595.661024,1612.591059,1670.728449,1718.608787,0.388966929,0.039313337,0.131192433,Mllt1,17,56892611,56935415,-,3918,protein_coding,"myeloid/lymphoid or mixed-lineage leukemia; translocated to, 1 [Source:MGI Symbol;Acc:MGI:1927238]",-,0.882091213
ENSMUSG00000048416,"AML,N.A.",22.17312134,26.2922658,52.13376146,23.35893028,22.91793212,16.2302479,14.63839179,12.43289606,0.898347516,0.0400581,1,Mlf1,3,67374097,67400003,+,1719,protein_coding,myeloid leukemia factor 1 [Source:MGI Symbol;Acc:MGI:1341819],-,0
ENSMUSG00000021488,"AML,N.A.",2982.728283,2569.280214,2624.413552,3919.808186,3706.975521,4332.316886,3852.824718,3583.543196,-0.355191368,0.040164351,0.132576777,Nsd1,13,55209782,55318325,+,17483,protein_coding,nuclear receptor-binding SET-domain protein 1 [Source:MGI Symbol;Acc:MGI:1276545],-,0.877532543
ENSMUSG00000029521,"N.A.,breast",50.55471665,37.86086275,53.17643669,46.71786057,25.78267364,34.77910265,34.1562475,29.64767523,0.60304204,0.040639092,0.133366939,Chek2,5,110839979,110874145,+,3001,protein_coding,checkpoint kinase 2 [Source:MGI Symbol;Acc:MGI:1355321],-,0.874951816
ENSMUSG00000004151,"Ewing sarcoma, prostate,N.A.",2442.591047,2033.969682,1639.08546,3960.237104,3767.135093,3448.927679,3427.335464,3692.570131,-0.508556313,0.040790162,0.133647767,Etv1,12,38779380,38870484,+,13296,protein_coding,ets variant 1 [Source:MGI Symbol;Acc:MGI:99254],ETS,0.874038293
ENSMUSG00000025142,"alveolar soft part sarcoma,N.A.",649.2289928,888.678584,892.5299962,597.4495631,567.21882,507.7748987,627.4990613,620.6884265,0.380990739,0.040862862,0.133674265,Aspscr1,11,120672973,120709447,+,4770,protein_coding,"alveolar soft part sarcoma chromosome region, candidate 1 (human) [Source:MGI Symbol;Acc:MGI:1916188]",-,0.873952195
ENSMUSG00000024985,"colorectal,N.A.",130.3779535,110.4275163,116.7796257,127.5756962,93.58155617,97.38148741,74.16785172,99.4631685,0.414660854,0.041415578,0.134540304,Tcf7l2,19,55741810,55933654,+,8739,protein_coding,"transcription factor 7 like 2, T cell specific, HMG box [Source:MGI Symbol;Acc:MGI:1202879]",HMG,0.871147595
ENSMUSG00000035027,"NSCLC, melanoma,N.A.",2087.821105,2777.514959,2886.125035,1448.253678,1591.841369,1583.608474,1878.593613,1695.655748,0.446484592,0.042774643,0.137079528,Map2k2,10,81105915,81133975,+,5663,protein_coding,mitogen-activated protein kinase kinase 2 [Source:MGI Symbol;Acc:MGI:1346867],-,0.863027401
ENSMUSG00000022521,"ALL, AML, DLBCL, B-NHL,N.A.",1655.001777,1372.456275,1318.984165,1724.967159,1786.643792,2078.631035,2022.049852,1656.444306,-0.312713685,0.04346762,0.138199356,Crebbp,16,4081328,4213997,-,13540,protein_coding,CREB binding protein [Source:MGI Symbol;Acc:MGI:1098280],-,0.85949398
ENSMUSG00000026029,"hepatocellular, oral squamous cell, breast,N.A.",70.95398829,59.94636602,74.02994128,98.82624351,61.11448566,48.69074371,42.93928257,56.42622059,0.53910141,0.043784362,0.138683985,Casp8,1,58795374,58847503,+,2893,protein_coding,caspase 8 [Source:MGI Symbol;Acc:MGI:1261423],-,0.857973686
ENSMUSG00000057113,"NHL, APL, AML,N.A.",3499.805472,3498.974732,3803.679236,3055.527765,2983.150831,3016.507503,2608.561416,2984.851432,0.257401204,0.044142237,0.139274047,Npm1,11,33152287,33163206,-,2665,protein_coding,nucleophosmin 1 [Source:MGI Symbol;Acc:MGI:106184],-,0.856129804
ENSMUSG00000020184,"sarcoma, glioma, colorectal, other tumour types,N.A.",1113.090691,804.5433334,780.9637467,1106.853927,1137.302382,1220.746503,1218.890089,1240.420476,-0.339431059,0.044242602,0.139464731,Mdm2,10,117688875,117710758,-,5083,protein_coding,transformed mouse 3T3 cell double minute 2 [Source:MGI Symbol;Acc:MGI:96952],-,0.855535607
ENSMUSG00000009073,"meningioma, acoustic neuroma, renal,""meningioma, acoustic neuroma""",3695.815865,3719.829765,4158.188814,3179.50978,2916.306863,3401.396239,2757.873013,3069.012574,0.280768411,0.045230253,0.141108257,Nf2,11,4765845,4849536,-,6825,protein_coding,neurofibromin 2 [Source:MGI Symbol;Acc:MGI:97307],-,0.850447572
ENSMUSG00000024778,"TGCT, nasal NK/T lymphoma, skin squamous cell carcinoma-burn scar related,N.A.",40.79854327,32.60240959,67.7738899,42.22575859,22.91793212,41.73492318,25.37321243,20.08390902,0.7438955,0.04548659,0.141463682,Fas,19,34290659,34327770,+,1801,protein_coding,Fas (TNF receptor superfamily member 6) [Source:MGI Symbol;Acc:MGI:95484],-,0.849355043
ENSMUSG00000032498,"colorectal, endometrial, ovarian, CNS",205.766566,267.1294205,215.8337725,280.3071634,326.5805328,304.8967999,294.7196213,299.3458821,-0.338969082,0.045750338,0.141814297,Mlh1,9,111228228,111271791,-,5300,protein_coding,mutL homolog 1 [Source:MGI Symbol;Acc:MGI:101938],-,0.848279984
ENSMUSG00000005871,"colorectal, pancreatic, desmoid, hepatoblastoma, glioma, other CNS",4698.040949,3006.783517,2654.651134,8554.759007,7945.83805,6968.572867,7314.31643,7009.284249,-0.628282882,0.045772403,0.14185233,Apc,18,34220924,34322189,+,15753,protein_coding,adenomatosis polyposis coli [Source:MGI Symbol;Acc:MGI:88039],-,0.848163526
ENSMUSG00000003949,"ALL,N.A.",2884.279624,2636.588414,1992.552363,3738.327266,4349.632534,3163.739038,3472.226532,4003.392532,-0.413671592,0.047132634,0.144396039,Hlf,11,90336536,90390895,-,6681,protein_coding,hepatic leukemia factor [Source:MGI Symbol;Acc:MGI:96108],TF_bZIP,0.840444721
ENSMUSG00000000184,"NHL,CLL,N.A.",1797.796678,1536.520013,1726.67018,1419.504225,1853.48776,1737.795829,2138.181094,2234.095785,-0.2975169,0.04731218,0.144612703,Ccnd2,6,127125162,127152193,-,9409,protein_coding,cyclin D2 [Source:MGI Symbol;Acc:MGI:88314],-,0.839793557
ENSMUSG00000031583,"N.A.,""osteosarcoma, meningioma, other tumour types""",204.8796412,134.6164009,137.6331303,350.3839543,314.1666529,272.4363041,338.6347967,320.3861678,-0.588267762,0.047437748,0.144843659,Wrn,8,33234384,33385527,-,7597,protein_coding,Werner syndrome RecQ like helicase [Source:MGI Symbol;Acc:MGI:109635],-,0.839100514
ENSMUSG00000005672,"GIST, AML, TGCT, mastocytosis, mucosal melanoma,""GIST, epithelioma""",1969.8601,1725.824327,800.7745761,2367.337742,3002.249108,1532.599123,3159.94084,2872.955367,-0.622535142,0.048699766,0.146747816,Kit,5,75574916,75656722,+,8911,protein_coding,KIT proto-oncogene receptor tyrosine kinase [Source:MGI Symbol;Acc:MGI:96677],-,0.833428353
