gene_id,tumour_type,SHEF26,SHEF27,SHEF28,SHEF29,SHEF16,SHEF18,SHEF20,log2FoldChange,pvalue,padj,gene_name,gene_chr,gene_start,gene_end,gene_strand,gene_length,gene_biotype,gene_description,tf_family,-log10(padj)
ENSMUSG00000062960,"NSCLC, angiosarcoma,N.A.",408.6715489,419.7225133,386.2232514,444.2541654,173.4718553,196.9285619,279.791043,0.932570246,2.89E-06,0.000620819,Kdr,5,75932827,75978458,-,9030,protein_coding,kinase insert domain protein receptor [Source:MGI Symbol;Acc:MGI:96683],-,3.207034863
ENSMUSG00000059146,"congenital fibrosarcoma, secretory breast,N.A.",4533.608118,7476.431593,7429.332166,7568.378192,2420.143933,2779.114839,4108.603487,1.121627286,3.64E-06,0.000696167,Ntrk3,7,78175959,78738012,-,30170,protein_coding,"neurotrophic tyrosine kinase, receptor, type 3 [Source:MGI Symbol;Acc:MGI:97385]",-,3.157286818
ENSMUSG00000020893,"AML, CMML,N.A.",1949.275086,1482.95324,1489.327868,1471.926452,3204.998302,2502.151139,2486.34501,-0.772762624,5.67E-06,0.000901982,Per1,11,69095217,69109960,+,5631,protein_coding,period circadian clock 1 [Source:MGI Symbol;Acc:MGI:1098283],-,3.044802054
ENSMUSG00000004151,"Ewing sarcoma, prostate,N.A.",3039.065883,3908.79023,3618.11027,3691.056295,1676.542016,1851.339101,2563.133088,0.811480924,1.01E-05,0.001226105,Etv1,12,38779380,38870484,+,13296,protein_coding,ets variant 1 [Source:MGI Symbol;Acc:MGI:99254],ETS,2.911472336
ENSMUSG00000030180,"AML,N.A.",1170.153068,1492.899271,1527.585832,1593.962536,527.8198524,431.7685047,971.7663672,1.166442293,1.36E-05,0.00146447,Kdm5a,6,120364124,120444574,+,14158,protein_coding,lysine (K)-specific demethylase 5A [Source:MGI Symbol;Acc:MGI:2136980],ARID,2.834319652
ENSMUSG00000031925,"salivary gland mucoepidermoid,N.A.",410.6316043,648.481229,583.8893966,590.9115646,239.0526787,265.3796663,369.8184449,0.936504833,2.87E-05,0.002207023,Maml2,9,13297957,13709388,+,6598,protein_coding,mastermind like transcriptional coactivator 2 [Source:MGI Symbol;Acc:MGI:2389460],-,2.656193164
ENSMUSG00000048251,"T-ALL,N.A.",4965.800331,4961.080323,4768.581889,4650.217095,2391.584542,2864.415446,3690.240855,0.697337125,2.98E-05,0.002259738,Bcl11b,12,107910403,108003602,-,8111,protein_coding,B cell leukemia/lymphoma 11B [Source:MGI Symbol;Acc:MGI:1929913],zf-C2H2,2.645941864
ENSMUSG00000036712,cylindroma,3624.142417,4062.953712,3841.281724,3755.285813,1911.363674,2012.462469,2955.899694,0.736136754,3.92E-05,0.002720398,Cyld,8,88697028,88751945,+,12576,protein_coding,CYLD lysine 63 deubiquitinase [Source:MGI Symbol;Acc:MGI:1921506],-,2.565367566
ENSMUSG00000008575,"adenoid cystic carcinoma, lipoma,N.A.",3980.872498,4423.000039,4146.434529,4394.369516,2253.018609,2798.070529,3232.160251,0.617234612,6.00E-05,0.003414821,Nfib,4,82290173,82705750,-,14957,protein_coding,nuclear factor I/B [Source:MGI Symbol;Acc:MGI:103188],CTF/NFI,2.46663201
ENSMUSG00000031673,"aneurysmal bone cyst,N.A.",2111.959683,2323.39287,2225.338215,2606.647934,1010.156231,984.6428095,1772.304146,0.882957506,8.59E-05,0.004179807,Cdh11,8,102632095,102785642,-,8904,protein_coding,cadherin 11 [Source:MGI Symbol;Acc:MGI:99217],-,2.378843808
ENSMUSG00000040407,"papillary thyroid,N.A.",1703.288134,2388.042072,2309.141373,2454.638075,953.037449,938.3066773,1627.554206,0.915712121,9.01E-05,0.00426328,Akap9,5,3928054,4081310,+,21350,protein_coding,A kinase (PRKA) anchor protein (yotiao) 9 [Source:MGI Symbol;Acc:MGI:2178217],-,2.37025619
ENSMUSG00000025862,"bladder carcinoma, glioblastoma, melanoma, Ewing's sarcoma, myeloid neoplasms,N.A.",1528.843204,1858.913216,1957.53247,1932.237997,675.9055826,764.5461815,1372.476568,0.955518497,0.000109925,0.004899567,Stag2,X,42149317,42277185,+,8273,protein_coding,stromal antigen 2 [Source:MGI Symbol;Acc:MGI:1098583],-,2.309842325
ENSMUSG00000048109,"acute megakaryocytic leukaemia,N.A.",354.7700256,401.8196572,427.2139267,421.7738342,223.1863504,230.6275671,300.9739611,0.671406092,0.000134718,0.005497334,Rbm15,3,107325421,107333673,-,7423,protein_coding,RNA binding motif protein 15 [Source:MGI Symbol;Acc:MGI:2443205],-,2.259847887
ENSMUSG00000006740,"NSCLC,N.A.",5258.828612,7652.476344,7921.220269,7734.304446,2495.244553,2071.435729,5188.932309,1.134791406,0.000144998,0.005804389,Kif5b,18,6201002,6242174,-,7395,protein_coding,kinesin family member 5B [Source:MGI Symbol;Acc:MGI:1098268],-,2.236243454
ENSMUSG00000027878,"marginal zone lymphoma, DLBCL,N.A.",622.3175864,873.2615323,900.8839519,1007.332939,308.8645229,308.5565168,613.4220029,1.050803164,0.000152132,0.005948669,Notch2,3,98013527,98150361,+,10782,protein_coding,notch 2 [Source:MGI Symbol;Acc:MGI:97364],-,2.225580163
ENSMUSG00000022637,"AML,N.A.",825.1833193,921.0024817,875.3786429,876.7329192,516.1845451,516.0160178,698.1536752,0.599097248,0.000174268,0.006412533,Cblb,16,52031225,52208048,+,10475,protein_coding,Casitas B-lineage lymphoma b [Source:MGI Symbol;Acc:MGI:2146430],-,2.19297037
ENSMUSG00000028496,"ALL,N.A.",1263.255699,1309.892298,1248.84924,1257.828059,802.8362084,757.1745241,1030.902013,0.555264834,0.000201095,0.006959046,Mllt3,4,87769925,88033364,-,12004,protein_coding,"myeloid/lymphoid or mixed-lineage leukemia; translocated to, 3 [Source:MGI Symbol;Acc:MGI:1917372]",-,2.157450283
ENSMUSG00000031376,"adrenal aldosterone producing adenoma,N.A.",3967.15211,4725.359385,4733.967541,5490.553288,1842.609585,1820.799377,3676.118909,0.950558088,0.000231486,0.007589958,Atp2b3,X,73503086,73571005,+,4820,protein_coding,"ATPase, Ca++ transporting, plasma membrane 3 [Source:MGI Symbol;Acc:MGI:1347353]",-,2.119760643
ENSMUSG00000049470,"ALL,N.A.",6202.595283,7185.012881,7222.556982,7489.161786,2302.733104,2158.842523,5446.657813,1.088569241,0.00023937,0.007666829,Aff4,11,53350833,53421830,+,13450,protein_coding,"AF4/FMR2 family, member 4 [Source:MGI Symbol;Acc:MGI:2136171]",AF-4,2.115384216
ENSMUSG00000005672,"GIST, AML, TGCT, mastocytosis, mucosal melanoma,""GIST, epithelioma""",2546.111952,2858.489344,2688.988297,2956.698807,1113.816242,1378.499933,2186.253671,0.824361647,0.0002402,0.007666829,Kit,5,75574916,75656722,+,8911,protein_coding,KIT proto-oncogene receptor tyrosine kinase [Source:MGI Symbol;Acc:MGI:96677],-,2.115384216
ENSMUSG00000024639,"uveal melanoma,N.A.",7357.067908,8413.347724,8315.641656,8720.227546,4748.263161,4803.161341,6714.985033,0.596866231,0.000303767,0.008641067,Gnaq,19,16132831,16387463,+,6185,protein_coding,"guanine nucleotide binding protein, alpha q polypeptide [Source:MGI Symbol;Acc:MGI:95776]",-,2.063432614
ENSMUSG00000024548,"atypical CML, sAML, MDS/MPN-U, CMML, JMML,neuroepithelial tumours",1308.336973,1574.456726,1485.684252,1527.592034,435.7951487,342.255522,1112.103199,1.22514604,0.00030694,0.008641067,Setbp1,18,78750380,79109391,-,9953,protein_coding,SET binding protein 1 [Source:MGI Symbol;Acc:MGI:1933199],-,2.063432614
ENSMUSG00000028341,"extraskeletal myxoid chondrosarcoma,N.A.",2180.561622,2500.432224,2637.066775,2670.877452,1183.628086,1565.95065,1944.415356,0.674021994,0.000357926,0.009421828,Nr4a3,4,48045153,48086447,+,5987,protein_coding,"nuclear receptor subfamily 4, group A, member 3 [Source:MGI Symbol;Acc:MGI:1352457]",NGFIB-like,2.025864821
ENSMUSG00000038056,"medulloblastoma,N.A.",2208.002397,3264.287414,3154.460188,2853.931578,670.6168065,626.5908788,2123.587538,1.331225593,0.000359912,0.009422436,Kmt2c,5,25271798,25498783,-,20291,protein_coding,lysine (K)-specific methyltransferase 2C [Source:MGI Symbol;Acc:MGI:2444959],-,2.025836814
ENSMUSG00000031229,"Pancreatic neuroendocrine tumours, paediatric GBM,N.A.",4993.241107,6574.32657,6174.106599,6581.3846,2024.543482,1600.702749,4680.542275,1.134844526,0.000361836,0.009430945,Atrx,X,105797615,105929403,-,21757,protein_coding,"ATRX, chromatin remodeler [Source:MGI Symbol;Acc:MGI:103067]",-,2.02544478
ENSMUSG00000005886,"AML, chondrosarcoma,N.A.",2550.032063,2887.332834,2932.199637,2890.328305,1277.7683,920.4040807,2230.38475,0.930751012,0.000428171,0.010476126,Ncoa2,1,13139105,13374083,-,15642,protein_coding,nuclear receptor coactivator 2 [Source:MGI Symbol;Acc:MGI:1276533],-,1.979799278
ENSMUSG00000038366,"AML,N.A.",2234.463145,2025.011936,1923.829026,1884.065858,3492.707721,2943.397489,2463.396849,-0.55640602,0.000440176,0.010595391,Lasp1,11,97799000,97838764,+,6495,protein_coding,LIM and SH3 protein 1 [Source:MGI Symbol;Acc:MGI:109656],-,1.974883028
ENSMUSG00000003119,"serous ovarian,N.A.",711.5001067,812.5907425,835.2988715,720.4410923,321.5575854,340.1493342,624.8960835,0.842551023,0.000539973,0.011825306,Cdk12,11,98203059,98278504,+,11730,protein_coding,cyclin-dependent kinase 12 [Source:MGI Symbol;Acc:MGI:1098802],-,1.927187623
ENSMUSG00000014592,"epithelioid haemangioendothelioma,N.A.",8738.906958,10389.62411,10305.96667,9848.526077,4771.533776,5470.822883,8147.479869,0.679823805,0.000604868,0.01252315,Camta1,4,150917322,151861876,-,14570,protein_coding,calmodulin binding transcription activator 1 [Source:MGI Symbol;Acc:MGI:2140230],CG-1,1.902286408
ENSMUSG00000028552,"ALL,N.A.",7674.596881,8011.528067,8827.569644,8395.86848,4580.080082,4259.764882,6922.401106,0.646832012,0.000639402,0.012874368,Eps15,4,109280268,109387817,+,6931,protein_coding,epidermal growth factor receptor pathway substrate 15 [Source:MGI Symbol;Acc:MGI:104583],-,1.890274096
ENSMUSG00000020647,"alveolar rhabdomyosarcoma,N.A.",4661.991746,5222.660941,5155.716045,5295.72375,2404.277604,2233.612191,4263.944886,0.776539833,0.000659846,0.013113659,Ncoa1,12,4247362,4477182,-,8576,protein_coding,nuclear receptor coactivator 1 [Source:MGI Symbol;Acc:MGI:1276523],-,1.88227612
ENSMUSG00000032228,"extraskeletal myxoid chondrosarcoma,N.A.",1121.151683,1229.329446,1281.64178,1296.365769,568.0145506,522.3345813,1022.958419,0.805453441,0.000698555,0.013421491,Tcf12,9,71842688,72111871,-,15529,protein_coding,transcription factor 12 [Source:MGI Symbol;Acc:MGI:101877],bHLH,1.87219924
ENSMUSG00000026361,"parathyroid adenoma,""parathyroid adenoma, multiple ossifying jaw fibroma""",1257.375533,1644.078944,1551.269333,1571.482204,707.638239,601.3166248,1228.609249,0.831392402,0.000744932,0.013872197,Cdc73,1,143598800,143702893,-,17613,protein_coding,"cell division cycle 73, Paf1/RNA polymerase II complex component [Source:MGI Symbol;Acc:MGI:2384876]",-,1.857854751
ENSMUSG00000020716,"neurofibroma, glioma",2332.465914,3017.625842,2733.622588,2911.738144,1699.812631,1533.304739,2254.215533,0.587252514,0.000943531,0.015666334,Nf1,11,79339693,79581612,+,15850,protein_coding,neurofibromin 1 [Source:MGI Symbol;Acc:MGI:97306],-,1.805032623
ENSMUSG00000021188,"AML,N.A.",1275.016031,1603.300217,1566.754699,1636.782214,708.6959942,525.493863,1238.318086,0.882622975,0.000962478,0.015840464,Trip11,12,101834043,101913267,-,10150,protein_coding,thyroid hormone receptor interactor 11 [Source:MGI Symbol;Acc:MGI:1924393],-,1.800232114
ENSMUSG00000024610,"NSCLC,N.A.",101.9228803,96.47650186,112.952083,92.06230898,179.8183866,123.2119879,302.7392043,-1.003538368,0.000971883,0.015865687,Cd74,18,60803848,60812646,+,1410,protein_coding,"CD74 antigen (invariant polypeptide of major histocompatibility complex, class II antigen-associated) [Source:MGI Symbol;Acc:MGI:96534]",-,1.799541112
ENSMUSG00000028530,"ALL,N.A.",4628.670804,5135.135867,5058.249328,5234.705708,3038.930734,2653.796663,4256.001292,0.596194889,0.000973197,0.015865687,Jak1,4,101152367,101265282,-,7227,protein_coding,Janus kinase 1 [Source:MGI Symbol;Acc:MGI:96628],-,1.799541112
ENSMUSG00000029833,"APL,N.A.",728.1605775,720.0926531,792.4863885,801.7984817,581.7653684,557.0866805,587.8259769,0.401954353,0.001068923,0.016534281,Trim24,6,37870811,37966296,+,8521,protein_coding,tripartite motif-containing 24 [Source:MGI Symbol;Acc:MGI:109275],-,1.781614685
ENSMUSG00000002413,"melanoma, colorectal, papillary thyroid, borderline ovarian, NSCLC, cholangiocarcinoma, pilocytic astrocytoma,N.A.",3870.129368,4551.30384,4718.482175,4433.977718,2184.26452,1990.347497,3731.724069,0.737009901,0.001075366,0.016565946,Braf,6,39603237,39725463,-,13862,protein_coding,Braf transforming gene [Source:MGI Symbol;Acc:MGI:88190],-,1.780783767
ENSMUSG00000033014,"papillary thyroid,N.A.",1956.13528,2113.531613,2188.902059,2016.806862,914.9582612,764.5461815,1756.416958,0.852431444,0.001176173,0.017603952,Trim33,3,103279293,103358775,+,9805,protein_coding,tripartite motif-containing 33 [Source:MGI Symbol;Acc:MGI:2137357],-,1.754389828
ENSMUSG00000071669,"PMBL, Hodgkin lymphoma,N.A.",243.0468684,286.4456962,274.1820723,246.2131519,112.1220528,118.9996123,213.594424,0.819859451,0.001219374,0.017963386,Snx29,16,11322908,11755472,+,6435,protein_coding,sorting nexin 29 [Source:MGI Symbol;Acc:MGI:1921728],-,1.745611786
ENSMUSG00000021756,"hepatocellular carcinoma,N.A.",2215.842619,2551.156982,2430.291591,2443.933156,1630.000787,1498.552639,2043.268974,0.483014853,0.001269957,0.018222607,Il6st,13,112464070,112510086,+,11099,protein_coding,interleukin 6 signal transducer [Source:MGI Symbol;Acc:MGI:96560],-,1.73938949
ENSMUSG00000026596,"AML,N.A.",2751.917768,3168.805515,3235.530634,3430.926747,1171.992779,1158.403305,2675.22603,0.914833297,0.001272429,0.018234901,Abl2,1,156558786,156649568,+,10800,protein_coding,"v-abl Abelson murine leukemia viral oncogene 2 (arg, Abelson-related gene) [Source:MGI Symbol;Acc:MGI:87860]",-,1.739096588
ENSMUSG00000042323,"clear cell renal carcinoma, breast,N.A.",1271.095921,1740.555446,1616.854413,1522.239574,541.5706702,591.8387796,1287.744895,0.929150405,0.001329738,0.018768912,Pbrm1,14,31019138,31121592,+,8846,protein_coding,polybromo 1 [Source:MGI Symbol;Acc:MGI:1923998],HMG,1.726560912
ENSMUSG00000006005,"papillary thyroid,N.A.",2273.664253,3024.588064,3065.191606,3389.177561,1546.438125,1491.180982,2404.261203,0.695349194,0.001364155,0.019094767,Tpr,1,150392838,150449935,+,10496,protein_coding,"translocated promoter region, nuclear basket protein [Source:MGI Symbol;Acc:MGI:1922066]",-,1.719085634
ENSMUSG00000033813,"salivary adenoma,N.A.",1412.219909,1392.444357,1434.673634,1463.362516,1125.451549,923.5633625,1154.469036,0.416502937,0.001426918,0.019588866,Tcea1,1,4857814,4897909,+,3017,protein_coding,transcription elongation factor A (SII) 1 [Source:MGI Symbol;Acc:MGI:1196624],-,1.707990704
ENSMUSG00000063455,"pilocytic astrocytoma,N.A.",1749.349436,1883.778294,1619.587125,1829.470768,1042.946642,1050.987726,1522.522237,0.553782017,0.001536615,0.020429664,D630045J12Rik,6,38123174,38254009,-,13450,protein_coding,RIKEN cDNA D630045J12 gene [Source:MGI Symbol;Acc:MGI:2669829],-,1.689738779
ENSMUSG00000045482,"melanoma,N.A.",3405.596241,4892.452708,4534.479588,4293.743271,1965.30919,2081.966668,3609.92229,0.745997021,0.001666614,0.021343045,Trrap,5,144767732,144859778,+,20859,protein_coding,transformation/transcription domain-associated protein [Source:MGI Symbol;Acc:MGI:2153272],-,1.670743629
ENSMUSG00000000804,"aneurysmal bone cyst,N.A.",3865.22923,4090.8026,4058.987755,4249.8531,1772.797741,1409.039657,3512.833916,0.86528984,0.001678578,0.021431112,Usp32,11,84984442,85140161,-,7680,protein_coding,ubiquitin specific peptidase 32 [Source:MGI Symbol;Acc:MGI:2144475],-,1.668955304
ENSMUSG00000001847,"melanoma, carcinoma,N.A.",5374.47188,5224.650147,5530.097545,6017.235334,4141.111668,3554.191959,4631.998088,0.429987971,0.001728653,0.021813611,Rac1,5,143503634,143528036,-,4496,protein_coding,Rac family small GTPase 1 [Source:MGI Symbol;Acc:MGI:97845],-,1.66127244
ENSMUSG00000000409,"T-ALL,N.A.",26.46074777,19.89206224,20.95078958,24.62131519,56.06102641,60.02635309,34.42224189,-1.122289317,0.00177648,0.02201398,Lck,4,129548344,129573641,-,2929,protein_coding,lymphocyte protein tyrosine kinase [Source:MGI Symbol;Acc:MGI:96756],-,1.657301436
ENSMUSG00000006932,"colorectal, ovarian,  hepatoblastoma, pleomorphic salivary gland adenoma, other tumour types,N.A.",7904.903389,8484.959148,8371.206793,8898.999704,5779.574496,5839.405753,7293.984794,0.416468444,0.001876938,0.022806085,Ctnnb1,9,120929216,120960507,+,5192,protein_coding,"catenin (cadherin associated protein), beta 1 [Source:MGI Symbol;Acc:MGI:88276]",-,1.641949255
ENSMUSG00000030849,"gastric, NSCLC, endometrial,N.A.",1347.538081,1314.865314,1714.32113,1553.283841,1105.3542,1022.55419,1123.57728,0.451856787,0.002004097,0.023602408,Fgfr2,7,130162451,133123350,-,10328,protein_coding,fibroblast growth factor receptor 2 [Source:MGI Symbol;Acc:MGI:95523],-,1.627043692
ENSMUSG00000021945,"MPN, NHL,N.A.",2040.417661,2463.631908,2417.538937,2351.870847,996.4054128,966.740213,2030.912271,0.799627364,0.002067662,0.023965821,Zmym2,14,56886653,56962701,+,7860,protein_coding,"zinc finger, MYM-type 2 [Source:MGI Symbol;Acc:MGI:1923257]",-,1.620407687
ENSMUSG00000028034,"oligodendroglioma,N.A.",2331.485887,2836.608075,2872.990884,2704.062703,1369.793004,1426.942253,2338.947205,0.649549006,0.002112649,0.024134187,Fubp1,3,152210422,152236826,+,15500,protein_coding,far upstream element (FUSE) binding protein 1 [Source:MGI Symbol;Acc:MGI:1196294],-,1.617367322
ENSMUSG00000042331,"JMML,N.A.",2993.004581,2952.976639,3014.180988,2906.385685,2268.884937,2331.549925,2542.832792,0.316982928,0.002410696,0.026062778,Specc1,11,61956763,62223013,+,14840,protein_coding,sperm antigen with calponin homology and coiled-coil domains 1 [Source:MGI Symbol;Acc:MGI:2442356],-,1.583979303
ENSMUSG00000030067,"ALL,N.A.",1971.815723,1976.276383,2056.820994,2139.913438,1649.040381,1384.818497,1672.567907,0.37590329,0.002609509,0.027315563,Foxp1,6,98925338,99522721,-,13751,protein_coding,forkhead box P1 [Source:MGI Symbol;Acc:MGI:1914004],Fork,1.563589837
ENSMUSG00000032097,"B-NHL,N.A.",4635.530998,5571.766633,5334.253208,5890.917283,2953.252561,3036.069754,4700.842572,0.588222135,0.002810822,0.02850228,Ddx6,9,44604892,44640731,+,8035,protein_coding,DEAD (Asp-Glu-Ala-Asp) box polypeptide 6 [Source:MGI Symbol;Acc:MGI:104976],-,1.545120395
ENSMUSG00000025958,"clear cell sarcoma, angiomatoid fibrous histiocytoma,N.A.",1435.740573,1540.64022,1483.862445,1466.573992,829.2800888,627.6439727,1302.749462,0.686886037,0.00307974,0.030193631,Creb1,1,64532645,64604548,+,13742,protein_coding,cAMP responsive element binding protein 1 [Source:MGI Symbol;Acc:MGI:88494],TF_bZIP,1.520084664
ENSMUSG00000034342,"AML, JMML, MDS,N.A.",1975.735833,2741.126177,2680.790162,2528.502021,853.6084587,964.6340251,2187.136292,0.893738928,0.003224703,0.031030331,Cbl,9,44142976,44234049,-,12345,protein_coding,Casitas B-lineage lymphoma [Source:MGI Symbol;Acc:MGI:88279],-,1.508213594
ENSMUSG00000059495,"AML,N.A.",6100.672402,7316.300492,6987.543777,7143.392881,3087.587473,2693.814232,6189.825189,0.787136546,0.003232739,0.031078925,Arhgef12,9,42963842,43107239,-,13620,protein_coding,Rho guanine nucleotide exchange factor (GEF) 12 [Source:MGI Symbol;Acc:MGI:1916882],-,1.507534006
ENSMUSG00000021796,"N.A.,gastrointestinal polyps",1371.058746,1465.050384,1392.772055,1485.842847,665.3280304,620.2723153,1292.158003,0.732565916,0.003504644,0.032488323,Bmpr1a,14,34410734,34503341,-,6351,protein_coding,"bone morphogenetic protein receptor, type 1A [Source:MGI Symbol;Acc:MGI:1338938]",-,1.488272705
ENSMUSG00000003282,"salivary adenoma,N.A.",40.1811355,90.50888319,71.96140769,95.27378487,11.63530737,7.371657397,50.30943045,1.673279632,0.003555914,0.032721762,Plag1,4,3900996,3938423,-,8487,protein_coding,pleiomorphic adenoma gene 1 [Source:MGI Symbol;Acc:MGI:1891916],zf-C2H2,1.485163313
ENSMUSG00000023990,"renal cell carcinoma (childhood epithelioid),N.A.",204.8257883,159.1364979,205.8642802,193.7590456,267.6120695,287.4946385,255.0776386,-0.49930176,0.003875879,0.034271317,Tfeb,17,47737030,47792419,+,5669,protein_coding,transcription factor EB [Source:MGI Symbol;Acc:MGI:103270],bHLH,1.465069208
ENSMUSG00000035027,"NSCLC, melanoma,N.A.",1820.891458,1592.359582,1574.952834,1573.623188,2479.378225,2647.4781,1786.426092,-0.489958868,0.003994545,0.034826725,Map2k2,10,81105915,81133975,+,5663,protein_coding,mitogen-activated protein kinase kinase 2 [Source:MGI Symbol;Acc:MGI:1346867],-,1.458087363
ENSMUSG00000037138,"ALL, T-ALL,N.A.",1472.001598,1788.296395,1847.313099,1756.677314,974.1925533,1088.899107,1498.691455,0.530836803,0.004039385,0.035090596,Aff3,1,38177326,38664955,-,6654,protein_coding,"AF4/FMR2 family, member 3 [Source:MGI Symbol;Acc:MGI:106927]",AF-4,1.454809255
ENSMUSG00000027630,"splenic marginal zone lymphoma,N.A.",2291.304751,2570.054441,2485.856729,2636.621709,1625.769766,1497.499546,2221.558534,0.485891808,0.004072949,0.035154826,Tbl1xr1,3,22076652,22216594,+,8903,protein_coding,transducin (beta)-like 1X-linked receptor 1 [Source:MGI Symbol;Acc:MGI:2441730],-,1.454015052
ENSMUSG00000033467,"B-ALL, Downs associated ALL,N.A.",459.632989,376.9545794,346.14348,356.4738243,614.5557801,769.8116511,422.7757401,-0.645588089,0.004330113,0.036291777,Crlf2,5,109554709,109558993,-,1495,protein_coding,cytokine receptor-like factor 2 [Source:MGI Symbol;Acc:MGI:1889506],-,1.440191763
ENSMUSG00000041415,"sex cord-stromal tumour, TGCT, embryonal rhabdomyosarcoma,pleuropulmonary blastoma",1661.146943,2004.125271,2034.959301,1891.559302,899.091933,763.4930876,1718.46423,0.751273739,0.004365621,0.036440714,Dicer1,12,104687742,104751952,-,16750,protein_coding,"dicer 1, ribonuclease type III [Source:MGI Symbol;Acc:MGI:2177178]",-,1.438413117
ENSMUSG00000047126,"ALCL, renal,N.A.",12709.97918,14322.28481,13740.07435,14839.15962,8301.26293,7032.561157,12572.94451,0.579634172,0.004598941,0.037478697,Cltc,11,86694351,86757565,-,8499,protein_coding,"clathrin, heavy polypeptide (Hc) [Source:MGI Symbol;Acc:MGI:2388633]",-,1.426215518
ENSMUSG00000020290,"CLL,N.A.",1867.932787,2223.932558,2126.960594,2045.710145,922.3625477,802.4575624,1891.458061,0.776765354,0.004632614,0.037535306,Xpo1,11,23256041,23298249,+,7181,protein_coding,exportin 1 [Source:MGI Symbol;Acc:MGI:2144013],-,1.42556004
ENSMUSG00000017548,"endometrial stromal tumour,N.A.",930.0462827,1153.73961,1093.084674,1211.796904,554.2637328,428.609223,976.1794751,0.747443801,0.004666145,0.037656597,Suz12,11,79993106,80034123,+,4945,protein_coding,SUZ12 polycomb repressive complex 2 subunit [Source:MGI Symbol;Acc:MGI:1261758],-,1.424158934
ENSMUSG00000037487,"mantle cell lymphoma,N.A.",3978.912442,4923.285404,5016.347749,5212.225377,1993.868581,1956.648492,4372.507341,0.785400846,0.0047575,0.038069831,Ubr5,15,37967328,38078854,-,15388,protein_coding,ubiquitin protein ligase E3 component n-recognin 5 [Source:MGI Symbol;Acc:MGI:1918040],-,1.419419052
ENSMUSG00000055471,"ALCL, NSCLC, neuroblastoma,neuroblastoma",186.2052621,205.8828442,173.07174,210.8869171,120.5840945,110.574861,157.9892641,0.575945171,0.004934631,0.038871803,Alk,17,71868972,72604627,-,7755,protein_coding,anaplastic lymphoma kinase [Source:MGI Symbol;Acc:MGI:103305],-,1.41036531
ENSMUSG00000015968,"adrenal aldosterone producing adenoma,N.A.",1272.075948,1531.688792,1508.45685,1483.701863,687.5408899,627.6439727,1326.580245,0.717617623,0.005080509,0.0395275,Cacna1d,14,30039939,30491455,-,12621,protein_coding,"calcium channel, voltage-dependent, L type, alpha 1D subunit [Source:MGI Symbol;Acc:MGI:88293]",-,1.403100652
ENSMUSG00000019861,"glioblastoma,N.A.",1449.460961,1556.55387,1449.248097,1550.072365,950.9219385,886.7050755,1357.472001,0.494463382,0.00513498,0.039754338,Gopc,10,52335850,52382124,-,10958,protein_coding,golgi associated PDZ and coiled-coil motif containing [Source:MGI Symbol;Acc:MGI:2149946],-,1.400615471
ENSMUSG00000009376,"papillary renal, head-neck squamous cell,papillary renal",163.6646251,146.2066575,104.7539479,112.4016563,84.62041722,63.18563483,90.91002345,0.724852726,0.005211403,0.040024384,Met,6,17463800,17573980,+,7679,protein_coding,met proto-oncogene [Source:MGI Symbol;Acc:MGI:96969],-,1.39767534
ENSMUSG00000022105,"retinoblastoma, sarcoma, breast, small cell lung carcinoma",901.6254795,1169.65326,989.2416297,954.8788327,434.7373935,406.4942508,914.395964,0.777280282,0.005241036,0.040166979,Rb1,14,73183673,73325822,-,6015,protein_coding,RB transcriptional corepressor 1 [Source:MGI Symbol;Acc:MGI:97874],-,1.396130835
ENSMUSG00000005371,"DLBCL,N.A.",3210.570729,3564.657553,3639.971964,3768.131716,2288.982286,2058.798602,3191.559658,0.496292616,0.005258932,0.040240773,Fbxo11,17,87990859,88065291,-,4144,protein_coding,F-box protein 11 [Source:MGI Symbol;Acc:MGI:2147134],-,1.395333686
ENSMUSG00000025142,"alveolar soft part sarcoma,N.A.",614.4773649,574.8805987,529.2351629,559.8672976,913.900506,825.6256285,630.191813,-0.470865204,0.00533978,0.040482717,Aspscr1,11,120672973,120709447,+,4770,protein_coding,"alveolar soft part sarcoma chromosome region, candidate 1 (human) [Source:MGI Symbol;Acc:MGI:1916188]",-,1.392730345
ENSMUSG00000017009,"NSCLC,N.A.",1117.231572,1225.351034,1285.285396,1300.647737,1704.043652,2035.630536,1368.946081,-0.466431352,0.005342695,0.040482717,Sdc4,2,164424247,164443887,-,2547,protein_coding,syndecan 4 [Source:MGI Symbol;Acc:MGI:1349164],-,1.392730345
ENSMUSG00000029231,"GIST, idiopathic hypereosinophilic syndrome, paediatric glioblastoma,N.A.",1309.317001,1340.724995,1387.306632,1407.696934,802.8362084,698.2012649,1241.848573,0.573277746,0.00543787,0.040899185,Pdgfra,5,75152292,75198215,+,10024,protein_coding,"platelet derived growth factor receptor, alpha polypeptide [Source:MGI Symbol;Acc:MGI:97530]",-,1.388285351
ENSMUSG00000024420,"ALL,N.A.",248.9270346,209.8612566,230.4586854,202.3229814,132.2194019,160.0702749,173.8764526,0.518924027,0.005473226,0.041068692,Zfp521,18,13687013,13972733,-,6152,protein_coding,zinc finger protein 521 [Source:MGI Symbol;Acc:MGI:95459],zf-C2H2,1.386489128
ENSMUSG00000024515,"colorectal, pancreatic, small intestine,gastrointestinal polyp",942.7866427,1158.712625,1161.402466,1239.629695,571.1878163,501.272703,1020.310554,0.689171632,0.005770818,0.042303433,Smad4,18,73639009,73703780,-,3712,protein_coding,SMAD family member 4 [Source:MGI Symbol;Acc:MGI:894293],MH1,1.373624389
ENSMUSG00000030257,"pilocytic astrocytoma,N.A.",12974.58666,13795.14516,12983.11321,13160.62822,9531.432245,9662.13666,11915.39142,0.351175028,0.00585951,0.042647033,Srgap3,6,112717971,112947266,-,9852,protein_coding,SLIT-ROBO Rho GTPase activating protein 3 [Source:MGI Symbol;Acc:MGI:2152938],-,1.370111183
ENSMUSG00000072214,"AML,N.A.",2489.270346,2239.846208,2125.138787,2111.010155,3695.796722,3379.37837,2370.721582,-0.490120211,0.006228063,0.043990592,5-Sep,16,18620502,18629954,-,3915,protein_coding,septin 5 [Source:MGI Symbol;Acc:MGI:1195461],-,1.356640192
ENSMUSG00000029313,"AL,N.A.",492.9539307,605.7132952,574.7803576,661.5640343,269.7275799,296.9724837,526.9250874,0.677137987,0.006654981,0.045561086,Aff1,5,103692374,103855322,+,9458,protein_coding,"AF4/FMR2 family, member 1 [Source:MGI Symbol;Acc:MGI:1100819]",AF-4,1.341405934
ENSMUSG00000048332,"lipoma,N.A.",250.88709,225.7749064,311.529132,306.1607019,420.9865757,369.6359638,360.992229,-0.488033455,0.006701336,0.045654653,Lhfp,3,53041528,53261679,+,5108,protein_coding,lipoma HMGIC fusion partner [Source:MGI Symbol;Acc:MGI:1920048],-,1.340514955
ENSMUSG00000021270,"NHL,N.A.",24665.33703,24475.19338,24762.01148,25085.9087,17818.94436,16790.52936,22580.10806,0.37641884,0.00670871,0.045663125,Hsp90aa1,12,110690605,110702728,-,3931,protein_coding,"heat shock protein 90, alpha (cytosolic), class A member 1 [Source:MGI Symbol;Acc:MGI:96250]",-,1.340434374
ENSMUSG00000044791,"clear cell renal carcinoma,N.A.",1741.509214,1939.476068,2065.930033,2125.997042,1180.45482,980.4304338,1789.073957,0.57940767,0.006727017,0.045680375,Setd2,9,110532597,110618633,+,10754,protein_coding,SET domain containing 2 [Source:MGI Symbol;Acc:MGI:1918177],-,1.340270337
ENSMUSG00000052752,"meningioma,N.A.",996.688166,1025.435808,976.4889752,980.5706398,1219.591763,1201.580156,1211.839439,-0.283752491,0.006899811,0.04627239,Traf7,17,24508562,24527938,-,5872,protein_coding,TNF receptor-associated factor 7 [Source:MGI Symbol;Acc:MGI:3042141],-,1.334678065
ENSMUSG00000005871,"colorectal, pancreatic, desmoid, hepatoblastoma, glioma, other CNS",7010.138103,8639.122631,8114.331895,8147.514345,3712.720806,2991.839809,7470.509111,0.755505711,0.006945192,0.046412294,Apc,18,34220924,34322189,+,15753,protein_coding,adenomatosis polyposis coli [Source:MGI Symbol;Acc:MGI:88039],-,1.333366969
ENSMUSG00000057406,"MM,N.A.",2086.478963,2632.714437,2530.49102,2456.779059,1157.184206,1033.08513,2270.985343,0.705946035,0.007334818,0.04777912,Nsd2,5,33820725,33897975,+,16803,protein_coding,nuclear receptor binding SET domain protein 2 [Source:MGI Symbol;Acc:MGI:1276574],HMG,1.320761855
ENSMUSG00000054823,"AML,N.A.",2640.194611,2863.462359,2894.852578,2706.203687,1645.867115,1460.641259,2590.494358,0.547422896,0.0078167,0.049484546,Nsd3,8,25601601,25719667,+,16513,protein_coding,nuclear receptor binding SET domain protein 3 [Source:MGI Symbol;Acc:MGI:2142581],-,1.305530409
ENSMUSG00000028484,"AML,N.A.",3854.448925,4334.480362,4211.108706,4432.907226,3142.590745,2779.114839,3751.141744,0.383969751,0.007957456,0.049840317,Psip1,4,83455680,83486459,-,5082,protein_coding,PC4 and SFRS1 interacting protein 1 [Source:MGI Symbol;Acc:MGI:2142116],-,1.302419201
ENSMUSG00000047454,"AL,N.A.",1713.088411,1691.819893,1954.799758,1800.567485,1287.288097,1333.216895,1576.362154,0.355248064,0.008177636,0.050575304,Gphn,12,78226379,78684772,+,3749,protein_coding,gephyrin [Source:MGI Symbol;Acc:MGI:109602],-,1.296061497
ENSMUSG00000031540,"AML,N.A.",1844.412122,2105.574788,2094.168054,2111.010155,981.5968398,789.8204354,1925.880303,0.725591774,0.008192367,0.050629251,Kat6a,8,22859535,22943259,+,9180,protein_coding,K(lysine) acetyltransferase 6A [Source:MGI Symbol;Acc:MGI:2442415],-,1.295598496
ENSMUSG00000026923,"T-ALL,N.A.",513.5345123,676.3301161,641.2763419,654.0705905,226.3596161,215.8842523,581.6476258,0.862299747,0.008206419,0.050678922,Notch1,2,26457903,26516663,-,14232,protein_coding,notch 1 [Source:MGI Symbol;Acc:MGI:97363],-,1.29517263
ENSMUSG00000002307,"pancreatic neuroendocrine tumour, paediatric glioblastoma,N.A.",482.173626,521.1720307,422.6594072,526.6820467,706.5804838,670.8208232,570.1735451,-0.411094329,0.008271319,0.050965613,Daxx,17,33909414,33915589,+,3058,protein_coding,Fas death domain-associated protein [Source:MGI Symbol;Acc:MGI:1197015],-,1.29272275
ENSMUSG00000033306,"lipoma, leukaemia,N.A.",235.2066468,304.3485523,308.7964203,304.019718,107.891032,140.0614905,258.608125,0.76704578,0.008532138,0.051868271,Lpp,16,24393507,24992578,+,22046,protein_coding,LIM domain containing preferred translocation partner in lipoma [Source:MGI Symbol;Acc:MGI:2441849],-,1.285098233
ENSMUSG00000055024,"colorectal, breast, pancreatic, AML, ALL, DLBCL,N.A.",1714.068439,2035.95257,2043.157436,2089.600315,841.9731514,672.927011,1870.275143,0.803802353,0.008581599,0.052042347,Ep300,15,81585351,81652077,+,14273,protein_coding,E1A binding protein p300 [Source:MGI Symbol;Acc:MGI:1276116],-,1.283643129
ENSMUSG00000022797,"NHL,N.A.",1979.655944,2296.538586,2374.726454,2332.601991,1359.215452,824.5725346,2004.433624,0.685450003,0.008626693,0.05225499,Tfrc,16,32608920,32632794,+,6185,protein_coding,transferrin receptor [Source:MGI Symbol;Acc:MGI:98822],-,1.281872231
ENSMUSG00000030541,"glioblastoma,N.A.",760.5014914,671.3571006,734.1885392,802.8689736,1056.69746,1126.810488,809.3639952,-0.42605735,0.008919189,0.053250802,Idh2,7,80094846,80115392,-,2588,protein_coding,"isocitrate dehydrogenase 2 (NADP+), mitochondrial [Source:MGI Symbol;Acc:MGI:96414]",-,1.273673846
ENSMUSG00000049086,"Burkitt lymphoma, amplified in other cancers, B-CLL,N.A.",225.4063699,206.8774473,214.9733192,229.0852805,390.3116744,389.6447481,218.8901535,-0.601997735,0.009339839,0.054618295,Bmyc,2,25706739,25707721,+,983,protein_coding,brain expressed myelocytomatosis oncogene [Source:MGI Symbol;Acc:MGI:88184],-,1.262661864
ENSMUSG00000028820,"papillary renal,N.A.",3238.011505,3991.342288,4208.375994,3943.692399,2340.812291,2572.708432,3455.463513,0.462767476,0.009448282,0.055013659,Sfpq,4,127021324,127037013,+,4743,protein_coding,splicing factor proline/glutamine rich (polypyrimidine tract binding protein associated) [Source:MGI Symbol;Acc:MGI:1918764],-,1.259529465
ENSMUSG00000021068,"MPN,N.A.",1424.960269,1901.68115,2003.988569,1787.721581,689.6564004,610.7944701,1691.985582,0.834524076,0.009487102,0.055095154,Nin,12,70011435,70113717,-,17005,protein_coding,ninein [Source:MGI Symbol;Acc:MGI:105108],-,1.258886599
ENSMUSG00000025626,"ETP ALL,N.A.",680.1392204,813.5853456,717.7922691,723.6525682,350.1169763,296.9724837,693.7405673,0.713633028,0.009510412,0.055135528,Phf6,X,52912266,52956943,+,6946,protein_coding,PHD finger protein 6 [Source:MGI Symbol;Acc:MGI:1918248],-,1.258568461
ENSMUSG00000009863,"N.A.,""paraganglioma, pheochromocytoma""",2176.641511,1954.395115,1979.394163,2221.270827,3074.894411,3418.342845,2149.183564,-0.467644906,0.009591653,0.055472936,Sdhb,4,140961203,140979193,+,2239,protein_coding,"succinate dehydrogenase complex, subunit B, iron sulfur (Ip) [Source:MGI Symbol;Acc:MGI:1914930]",-,1.255918846
ENSMUSG00000003068,"NSCLC, pancreatic,""jejunal hamartoma, ovarian, testicular, pancreatic""",1762.089796,1598.327201,1684.261301,1735.267475,2494.186798,2714.87611,1743.177634,-0.450904563,0.009952674,0.056365034,Stk11,10,80115803,80130682,+,4580,protein_coding,serine/threonine kinase 11 [Source:MGI Symbol;Acc:MGI:1341870],-,1.24899023
ENSMUSG00000070002,"AL,N.A.",492.9539307,527.1396493,481.8681603,467.8049886,667.4435408,652.9182266,564.8778156,-0.350779248,0.010205823,0.057413786,Ell,8,70539457,70592858,+,3108,protein_coding,elongation factor RNA polymerase II [Source:MGI Symbol;Acc:MGI:109377],-,1.240983813
ENSMUSG00000002028,"AML, ALL,N.A.",4082.795378,5695.097419,5377.065691,5111.599132,2319.657187,2055.63932,4822.644351,0.724445952,0.010256705,0.057542026,Kmt2a,9,44803355,44881296,-,16670,protein_coding,lysine (K)-specific methyltransferase 2A [Source:MGI Symbol;Acc:MGI:96995],-,1.240014851
ENSMUSG00000003200,"AL,N.A.",1017.268748,937.9107346,905.4384714,888.5083308,1166.704002,1395.349436,1072.385228,-0.369712998,0.010558076,0.058550596,Sh3gl1,17,56016750,56036635,-,5012,protein_coding,SH3-domain GRB2-like 1 [Source:MGI Symbol;Acc:MGI:700010],-,1.232468678
ENSMUSG00000054263,"salivary adenoma,N.A.",1348.518109,1524.726571,1423.742788,1508.323178,746.775182,606.5820944,1388.363756,0.666394051,0.010715987,0.059076392,Lifr,15,7090614,7197489,+,10776,protein_coding,leukemia inhibitory factor receptor [Source:MGI Symbol;Acc:MGI:96788],-,1.228586035
ENSMUSG00000020817,"CMML,N.A.",3510.459204,3745.67532,4020.729792,3827.008774,2233.979015,1885.038106,3595.800345,0.5538621,0.011569689,0.062017802,Rabep1,11,70844778,70943105,+,6868,protein_coding,"rabaptin, RAB GTPase binding effector protein 1 [Source:MGI Symbol;Acc:MGI:1860236]",-,1.207483628
ENSMUSG00000058835,"AML,N.A.",3721.165159,3778.497222,3587.139538,3557.244799,2543.901293,2337.868489,3420.158649,0.403429387,0.011949634,0.063031982,Abi1,2,22940073,23040241,-,4032,protein_coding,abl-interactor 1 [Source:MGI Symbol;Acc:MGI:104913],-,1.200439037
ENSMUSG00000040592,"DLBCL, WM,N.A.",0.980027695,0,0,0,10.57755215,3.159281742,1.765243174,-4.101364451,0.012257975,1,Cd79b,11,106311341,106314762,-,1431,protein_coding,CD79B antigen [Source:MGI Symbol;Acc:MGI:96431],-,0
ENSMUSG00000027803,"epithelioid haemangioendothelioma,N.A.",503.7342353,513.2152058,462.7391786,518.118111,324.7308511,268.538948,458.9632252,0.507620118,0.012551541,0.064996457,Wwtr1,3,57455649,57575910,-,4779,protein_coding,WW domain containing transcription regulator 1 [Source:MGI Symbol;Acc:MGI:1917649],-,1.187110318
ENSMUSG00000070327,"ALCL,N.A.",209.7259268,276.4996651,339.7671528,322.2180814,137.508178,134.796021,256.8428818,0.699441587,0.013520804,0.068060366,Rnf213,11,119393100,119487418,+,16888,protein_coding,ring finger protein 213 [Source:MGI Symbol;Acc:MGI:1289196],-,1.167105717
ENSMUSG00000034165,"MM,N.A.",483.1536537,368.0031514,450.8974279,439.9721976,655.8082335,642.3872875,478.3809001,-0.442218278,0.013629672,0.068322683,Ccnd3,17,47505051,47599691,+,8775,protein_coding,cyclin D3 [Source:MGI Symbol;Acc:MGI:88315],-,1.165435087
ENSMUSG00000044468,"MM,N.A.",102.902908,89.51428008,99.28852453,154.1508429,76.1583755,70.55729223,65.31399743,0.656504995,0.01369251,0.068461633,Tent5c,3,100451628,100489324,-,6097,protein_coding,terminal nucleotidyltransferase 5C [Source:MGI Symbol;Acc:MGI:1921895],-,1.164552743
ENSMUSG00000013089,"prostate,N.A.",1944.374947,1905.659563,1881.927447,1856.233067,2900.3648,2128.3028,2269.2201,-0.358605548,0.013924973,0.069027968,Etv5,16,22381309,22439719,-,4103,protein_coding,ets variant 5 [Source:MGI Symbol;Acc:MGI:1096867],ETS,1.160974912
ENSMUSG00000031200,"T cell prolymphocytic leukaemia,N.A.",76.44216022,159.1364979,150.2991426,112.4016563,32.79041167,16.84950262,105.9145904,1.257235369,0.014035533,0.069305841,Mtcp1,X,75410444,75416588,-,4478,protein_coding,mature T cell proliferation 1 [Source:MGI Symbol;Acc:MGI:102699],-,1.15923016
ENSMUSG00000042548,"MDS, CMML,N.A.",1257.375533,1371.557691,1206.947661,1435.529725,752.0639581,741.3781154,1258.618383,0.521631854,0.014229077,0.06981154,Asxl1,2,153345829,153404007,+,7444,protein_coding,additional sex combs like 1 [Source:MGI Symbol;Acc:MGI:2684063],-,1.156072782
ENSMUSG00000068036,"AL,N.A.",2426.548573,2903.246484,2698.097336,2580.956127,1638.462828,1395.349436,2527.828225,0.516215312,0.014489714,0.070756444,Afdn,17,13760539,13906150,+,10223,protein_coding,"afadin, adherens junction formation factor [Source:MGI Symbol;Acc:MGI:1314653]",-,1.150233998
ENSMUSG00000055435,"MM,N.A.",527.2549,588.8050423,592.0875316,616.6033718,445.3149456,368.5828699,511.0378988,0.394660733,0.015220357,0.072727158,Maf,8,115682942,115707794,-,8241,protein_coding,avian musculoaponeurotic fibrosarcoma oncogene homolog [Source:MGI Symbol;Acc:MGI:96909],TF_bZIP,1.138303386
ENSMUSG00000047146,"AML,N.A.",245.0069238,341.1488674,329.7472099,287.9623385,98.37123502,69.50419832,288.6172589,0.980470689,0.015411498,0.073225307,Tet1,10,62804570,62908996,-,15457,protein_coding,tet methylcytosine dioxygenase 1 [Source:MGI Symbol;Acc:MGI:1098693],-,1.135338797
ENSMUSG00000059436,"pheochromocytoma, endometrioid carcinoma, colon carcinoma,pheochromocytoma",1169.17304,1081.133583,1193.284102,1193.598541,1765.393454,1644.932694,1187.126034,-0.402086015,0.016728057,0.076723387,Max,12,76937269,76962201,-,3598,protein_coding,Max protein [Source:MGI Symbol;Acc:MGI:96921],bHLH,1.115072236
ENSMUSG00000028453,"N.A.,""AML, leukaemia""",118.5833511,95.48189875,137.5464881,130.6000197,162.8943032,206.4064071,151.8109129,-0.52504996,0.017418689,0.078302792,Fancg,4,43002343,43010506,-,3795,protein_coding,"Fanconi anemia, complementation group G [Source:MGI Symbol;Acc:MGI:1926471]",-,1.10622275
ENSMUSG00000027823,"AML,N.A.",1483.76193,1826.091314,1569.487411,1590.75106,1221.707274,999.3861243,1458.090862,0.398797395,0.017675574,0.079014972,Gmps,3,63976106,64022579,+,8105,protein_coding,guanine monophosphate synthetase [Source:MGI Symbol;Acc:MGI:2448526],-,1.102290607
ENSMUSG00000025575,"prostate,N.A.",1107.431296,1123.901517,1168.689697,1103.677216,1416.334233,1401.667999,1256.85314,-0.270110734,0.017722769,0.07918394,Cant1,11,118406289,118419086,-,4358,protein_coding,calcium activated nucleotidase 1 [Source:MGI Symbol;Acc:MGI:1923275],-,1.101362895
ENSMUSG00000025982,"myelodysplastic syndrome,N.A.",5973.268802,7425.706834,7467.590129,6703.420684,3936.964911,3107.68014,6710.571925,0.587924212,0.017739142,0.079215094,Sf3b1,1,54985169,55027481,-,11370,protein_coding,"splicing factor 3b, subunit 1 [Source:MGI Symbol;Acc:MGI:1932339]",-,1.101192056
ENSMUSG00000033237,"hepatocellular carcinoma,N.A.",1097.631019,1220.378018,1232.45297,1135.791975,611.3825144,432.8215986,1152.703792,0.676992366,0.018027131,0.079993889,Arid2,15,96287518,96404992,+,10737,protein_coding,"AT rich interactive domain 2 (ARID, RFX-like) [Source:MGI Symbol;Acc:MGI:1924294]",ARID,1.09694319
ENSMUSG00000038648,"fibromyxoid sarcoma,N.A.",442.9725182,390.879023,531.9678746,456.029577,344.8282002,268.538948,387.4708766,0.448205712,0.018123092,0.080228126,Creb3l2,6,37327255,37442146,-,7283,protein_coding,cAMP responsive element binding protein 3-like 2 [Source:MGI Symbol;Acc:MGI:2442695],TF_bZIP,1.095673352
ENSMUSG00000021488,"AML,N.A.",3990.672775,4224.079417,4282.159209,4342.985901,2433.89475,2701.185889,4083.007461,0.454008732,0.018253737,0.080596111,Nsd1,13,55209782,55318325,+,17483,protein_coding,nuclear receptor-binding SET-domain protein 1 [Source:MGI Symbol;Acc:MGI:1276545],-,1.093685915
ENSMUSG00000031103,"AML,N.A.",35.28099703,38.78952137,36.43615579,40.67869466,21.15510431,14.74331479,26.47864761,0.851919324,0.018695416,0.081652266,Elf4,X,48411046,48463132,-,6148,protein_coding,E74-like factor 4 (ets domain transcription factor) [Source:MGI Symbol;Acc:MGI:1928377],ETS,1.088031757
ENSMUSG00000040943,"MDS,N.A.",958.4670859,1144.788182,1121.322694,1030.883762,492.9139303,319.0874559,1054.732796,0.772753943,0.01908581,0.082394245,Tet2,3,133463679,133545139,-,16870,protein_coding,tet methylcytosine dioxygenase 2 [Source:MGI Symbol;Acc:MGI:2443298],-,1.084103124
ENSMUSG00000020122,"glioma, NSCLC,NSCLC",294.0083085,318.2729958,344.3216722,429.2672779,160.7787927,200.0878436,320.391636,0.606408945,0.019919114,0.08450668,Egfr,11,16752203,16918158,+,11326,protein_coding,epidermal growth factor receptor [Source:MGI Symbol;Acc:MGI:95294],-,1.07310896
ENSMUSG00000008682,"T-ALL,N.A.",3522.219536,3453.262005,3357.591756,3417.010352,5021.164007,6178.501993,3241.869089,-0.485669607,0.020241017,0.085278732,Rpl10,X,74270812,74273135,+,2053,protein_coding,ribosomal protein L10 [Source:MGI Symbol;Acc:MGI:105943],-,1.069159267
ENSMUSG00000031592,"papillary thyroid, CML, MPN,N.A.",1988.476193,2522.313492,2742.731627,2863.566006,571.1878163,462.3082282,1955.889437,1.343543405,0.020976101,0.086923313,Pcm1,8,41239752,41332344,+,7458,protein_coding,pericentriolar material 1 [Source:MGI Symbol;Acc:MGI:1277958],-,1.060863729
ENSMUSG00000070544,"AML*,N.A.",2107.059545,2024.017333,2040.424724,2079.965888,1387.774842,1102.589328,1992.959543,0.464489379,0.021261325,0.087586681,Top1,2,160645888,160722764,+,10426,protein_coding,topoisomerase (DNA) I [Source:MGI Symbol;Acc:MGI:98788],-,1.057561929
ENSMUSG00000038170,"MPN,N.A.",5195.126812,5593.647902,5769.66527,5712.145124,3629.158144,3417.289751,5416.648679,0.422220692,0.021327019,0.087728644,Pde4dip,3,97689824,97888707,-,16857,protein_coding,phosphodiesterase 4D interacting protein (myomegalin) [Source:MGI Symbol;Acc:MGI:1891434],-,1.056858581
ENSMUSG00000021377,"AML,N.A.",1142.712293,1183.577703,1110.391848,1249.264123,863.1282557,665.5553536,1091.802903,0.422525954,0.022085802,0.089474044,Dek,13,47084775,47106201,-,3185,protein_coding,DEK oncogene (DNA binding) [Source:MGI Symbol;Acc:MGI:1926209],-,1.048302934
ENSMUSG00000020719,"prostate,N.A.",19575.07318,21663.45038,21357.05272,20596.2654,16014.41396,14863.3675,19465.33648,0.309560187,0.022266872,0.089921703,Ddx5,11,106780355,106789185,-,5775,protein_coding,DEAD (Asp-Glu-Ala-Asp) box polypeptide 5 [Source:MGI Symbol;Acc:MGI:105037],-,1.046135479
ENSMUSG00000006335,"pre-B ALL,N.A.",411.611632,420.7171164,396.2431942,388.5885832,587.0541445,699.2543588,396.2970925,-0.470995656,0.022760017,0.091071198,Tfpt,7,3620324,3629929,-,1201,protein_coding,TCF3 (E2A) fusion partner [Source:MGI Symbol;Acc:MGI:1916964],-,1.040618949
ENSMUSG00000063568,"endometrial stromal tumour,N.A.",611.5372818,641.5190072,659.4944198,625.1673075,420.9865757,506.5381726,571.0561667,0.343748277,0.023612716,0.092821093,Jazf1,6,52768797,53068631,-,2536,protein_coding,JAZF zinc finger 1 [Source:MGI Symbol;Acc:MGI:2141450],-,1.032353322
ENSMUSG00000053192,"ALL,N.A.",5328.410579,4653.747961,4773.136409,4723.010549,6909.257066,7200.003089,4874.719024,-0.377814686,0.023857756,0.093375469,Mllt11,3,95219135,95232171,-,2385,protein_coding,"myeloid/lymphoid or mixed-lineage leukemia; translocated to, 11 [Source:MGI Symbol;Acc:MGI:1929671]",-,1.029767204
ENSMUSG00000030172,"papillary thyroid,N.A.",1224.054591,1366.584676,1298.948954,1406.626442,831.3955992,779.2894963,1297.453733,0.448891382,0.024922246,0.09578959,Erc1,6,119570796,119848167,-,16271,protein_coding,ELKS/RAB6-interacting/CAST family member 1 [Source:MGI Symbol;Acc:MGI:2151013],-,1.018681687
ENSMUSG00000037234,"papillary thyroid,N.A.",1763.069824,2621.773803,2405.697186,2123.856058,985.8278607,757.1745241,2278.928937,0.732741317,0.026240523,0.099221794,Hook3,8,26021421,26119224,-,28486,protein_coding,hook microtubule tethering protein 3 [Source:MGI Symbol;Acc:MGI:2443554],-,1.003392926
ENSMUSG00000050379,"AML,N.A.",2126.660098,1755.474493,1972.106932,1826.259292,2709.968862,2515.84136,2022.968677,-0.331205365,0.029687652,0.106793673,6-Sep,X,36911326,36991794,-,9882,protein_coding,septin 6 [Source:MGI Symbol;Acc:MGI:1888939],-,0.971454475
ENSMUSG00000021998,"NHL,N.A.",245.9869515,181.0177664,218.6169347,202.3229814,261.2655382,334.8838646,252.4297739,-0.41463921,0.031653264,0.110988668,Lcp1,14,75131101,75230842,+,9504,protein_coding,lymphocyte cytosolic protein 1 [Source:MGI Symbol;Acc:MGI:104808],-,0.954721359
ENSMUSG00000042594,"MPN, sAML, erythrocytosis, B-ALL,N.A.",455.7128782,506.252984,411.7285604,464.5935127,583.8808788,532.8655204,579.8823826,-0.300040199,0.031658038,0.110988668,Sh2b3,5,121815488,121837646,-,4807,protein_coding,SH2B adaptor protein 3 [Source:MGI Symbol;Acc:MGI:893598],-,0.954721359
ENSMUSG00000002068,"serous ovarian,N.A.",237.1667022,216.8234784,263.2512256,264.4115153,355.4057523,338.0431464,267.4343408,-0.382507259,0.031721003,0.111026803,Ccne1,7,38097984,38107534,-,2662,protein_coding,cyclin E1 [Source:MGI Symbol;Acc:MGI:88316],-,0.954572164
ENSMUSG00000021457,"MDS, peripheral T-cell lymphoma,N.A.",109.7631019,97.47110497,97.46671674,97.4147688,125.8728706,123.2119879,161.5197504,-0.448236774,0.031932523,0.111472233,Syk,13,52583173,52648792,+,9362,protein_coding,spleen tyrosine kinase [Source:MGI Symbol;Acc:MGI:99515],-,0.952833297
ENSMUSG00000050332,"Wilms tumour,N.A.",260.6873669,234.7263344,243.2113399,297.5967662,150.2012406,135.8491149,251.5471523,0.527559525,0.032556121,0.112826745,Amer1,X,95420318,95444872,-,8496,protein_coding,APC membrane recruitment 1 [Source:MGI Symbol;Acc:MGI:1919595],-,0.947587941
ENSMUSG00000024947,"parathyroid tumours, pancreatic neuroendocrine tumour,""parathyroid adenoma, pituitary adenoma, pancreatic islet cell, carcinoid""",1297.556668,1231.318653,1186.907775,1212.867396,1664.906709,1546.99496,1300.984219,-0.287411046,0.033028407,0.113656768,Men1,19,6334979,6340891,+,3458,protein_coding,multiple endocrine neoplasia 1 [Source:MGI Symbol;Acc:MGI:1316736],-,0.944404697
ENSMUSG00000000385,"prostate,N.A.",2.940083085,0.994603112,1.82180779,5.352459824,0,0,0,3.917621721,0.03341799,1,Tmprss2,16,97564682,97611195,-,7302,protein_coding,"transmembrane protease, serine 2 [Source:MGI Symbol;Acc:MGI:1354381]",-,0
ENSMUSG00000027665,"colorectal, gastric, glioblastoma, breast,N.A.",1665.067054,1761.442111,1733.450112,1575.764172,1169.877268,1127.863582,1641.676152,0.358204798,0.033563712,0.114899296,Pik3ca,3,32397671,32468486,+,9088,protein_coding,"phosphatidylinositol-4,5-bisphosphate 3-kinase catalytic subunit alpha [Source:MGI Symbol;Acc:MGI:1206581]",-,0.939682634
ENSMUSG00000044167,"alveolar rhabdomyosarcoma,N.A.",798.7225716,965.7596217,795.2191002,910.9886621,679.0788482,628.6970666,778.4722396,0.318241832,0.033847148,0.11542155,Foxo1,3,52268336,52353221,+,8665,protein_coding,forkhead box O1 [Source:MGI Symbol;Acc:MGI:1890077],Fork,0.937713099
ENSMUSG00000021767,"AML,N.A.",1776.790211,1785.312586,1584.972777,1723.492063,1200.552169,1005.704688,1685.807231,0.404178822,0.034221147,0.116112138,Kat6b,14,21481434,21672478,+,16826,protein_coding,K(lysine) acetyltransferase 6B [Source:MGI Symbol;Acc:MGI:1858746],-,0.935122377
ENSMUSG00000006586,"AML,N.A.",683.0793035,688.2653535,665.8707471,662.6345262,483.3941334,397.0164055,654.0225959,0.398620449,0.034703623,0.117159486,Runx1t1,4,13743436,13893649,+,7959,protein_coding,"runt-related transcription factor 1; translocated to, 1 (cyclin D-related) [Source:MGI Symbol;Acc:MGI:104793]",-,0.931222544
ENSMUSG00000034041,"T-ALL,N.A.",53.90152323,43.76253693,46.45609863,53.52459824,83.56266201,86.35370094,54.72253839,-0.595976737,0.035331427,0.118393352,Lyl1,8,84701457,84704715,+,1800,protein_coding,lymphoblastomic leukemia 1 [Source:MGI Symbol;Acc:MGI:96891],bHLH,0.926672684
ENSMUSG00000000134,"papillary renal, alveolar soft part sarcoma, renal,N.A.",733.060716,719.09805,726.901308,670.12797,939.2866312,864.5901033,779.3548612,-0.272749565,0.03573293,0.119185384,Tfe3,X,7762560,7775202,+,9261,protein_coding,transcription factor E3 [Source:MGI Symbol;Acc:MGI:98511],bHLH,0.923777
ENSMUSG00000027852,"melanoma, MM, AML, thyroid,N.A.",1020.208831,1055.273902,992.8852453,1020.178843,891.6876465,776.1302145,902.0392618,0.254385693,0.035975029,0.119670456,Nras,3,103058285,103067914,+,5331,protein_coding,neuroblastoma ras oncogene [Source:MGI Symbol;Acc:MGI:97376],-,0.922013054
ENSMUSG00000031565,"MPN, NHL,N.A.",2830.319984,3325.952806,3615.377558,3632.179237,2083.777774,2858.096882,2897.64667,0.35861261,0.036216102,0.120123984,Fgfr1,8,25513654,25575718,+,9875,protein_coding,fibroblast growth factor receptor 1 [Source:MGI Symbol;Acc:MGI:95522],-,0.920370273
ENSMUSG00000030265,"pancreatic, colorectal, lung, thyroid, AML, other tumour types,N.A.",2547.09198,2571.049044,2620.670505,2616.282362,2008.677154,1524.879987,2477.518794,0.36923098,0.036377297,0.12046897,Kras,6,145216699,145250239,-,5347,protein_coding,Kirsten rat sarcoma viral oncogene homolog [Source:MGI Symbol;Acc:MGI:96680],-,0.919124801
ENSMUSG00000054387,"glioblastoma, bladder, retinoblastoma,N.A.",2181.541649,2426.831593,2632.512256,2241.610174,1216.418498,1158.403305,2486.34501,0.548477393,0.036688312,0.121094423,Mdm4,1,132959484,133030561,-,14798,protein_coding,transformed mouse 3T3 cell double minute 4 [Source:MGI Symbol;Acc:MGI:107934],-,0.916875857
ENSMUSG00000000489,"DFSP,N.A.",612.5173095,615.6593263,686.8215367,709.7361727,789.0853906,826.6787224,756.4067,-0.26886922,0.037959081,0.123713864,Pdgfb,15,79995874,80014977,-,4161,protein_coding,"platelet derived growth factor, B polypeptide [Source:MGI Symbol;Acc:MGI:97528]",-,0.90758163
ENSMUSG00000029455,"leiomyoma,N.A.",1861.072593,1727.625606,2012.186704,2373.280686,2648.619059,3058.184726,2068.865,-0.378534412,0.039026553,0.12565596,Aldh2,5,121566027,121593824,-,5126,protein_coding,"aldehyde dehydrogenase 2, mitochondrial [Source:MGI Symbol;Acc:MGI:99600]",-,0.900816906
ENSMUSG00000040732,"Ewing sarcoma, prostate, AML,N.A.",105.8429911,117.3631672,81.07044664,73.86394558,126.9306258,136.9022088,133.2758596,-0.485284699,0.039103888,0.12581478,Erg,16,95359169,95586593,-,3466,protein_coding,ETS transcription factor [Source:MGI Symbol;Acc:MGI:95415],ETS,0.900268338
ENSMUSG00000021843,"papillary thyroid,N.A.",2600.993503,2800.802363,2780.989591,2592.731539,1819.33897,1556.472805,2714.06138,0.407834286,0.040042459,0.127930911,Ktn1,14,47648448,47739894,+,12912,protein_coding,kinectin 1 [Source:MGI Symbol;Acc:MGI:109153],-,0.893024509
ENSMUSG00000001729,"breast, colorectal, ovarian, NSCLC,N.A.",4143.557095,3771.535001,3632.684732,3860.194025,5084.62932,5200.177747,3913.544116,-0.296929339,0.04062825,0.129214548,Akt1,12,112653821,112674884,-,4098,protein_coding,thymoma viral proto-oncogene 1 [Source:MGI Symbol;Acc:MGI:87986],-,0.888688587
ENSMUSG00000022314,"AML, endometrium, colorectal, lung,N.A.",3062.586547,2993.755367,3283.808541,3178.290644,2268.884937,1773.410151,3097.119148,0.39481226,0.041493491,0.131124663,Rad21,15,51962240,51991747,-,4232,protein_coding,RAD21 cohesin complex component [Source:MGI Symbol;Acc:MGI:108016],-,0.882315614
ENSMUSG00000039410,"MDS, AML,N.A.",291.0682255,364.024739,445.4320046,638.0132111,251.7457412,354.892649,279.791043,0.556460039,0.041816688,0.131674348,Prdm16,4,154316125,154636873,-,9321,protein_coding,PR domain containing 16 [Source:MGI Symbol;Acc:MGI:1917923],zf-C2H2,0.880498825
ENSMUSG00000016496,"PMBL, Hodgkin lymphoma,N.A.",70.56199405,62.65999605,45.54519474,51.38361431,71.92735464,52.65469569,189.7636412,-0.869414639,0.041990822,0.132003605,Cd274,19,29367455,29388095,+,3622,protein_coding,CD274 antigen [Source:MGI Symbol;Acc:MGI:1926446],-,0.879414208
ENSMUSG00000014313,"uterine leiomyoma,N.A.",3673.143801,3654.171833,3688.24987,3704.97269,5425.226499,5756.211333,3339.840085,-0.395207657,0.043027117,0.134309316,Cox6c,15,35925886,35938246,-,3567,protein_coding,cytochrome c oxidase subunit 6C [Source:MGI Symbol;Acc:MGI:104614],-,0.871893864
ENSMUSG00000013663,"glioma, prostate, endometrial,""harmartoma, glioma, prostate, endometrial""",3934.811196,4073.894347,3621.753886,3999.357981,2333.408005,1567.003744,4086.537947,0.553268894,0.04420774,0.13639868,Pten,19,32757497,32826160,+,11507,protein_coding,phosphatase and tensin homolog [Source:MGI Symbol;Acc:MGI:109583],-,0.865189834
ENSMUSG00000020105,"NSCLC,N.A.",63.70180019,52.71396493,98.37762064,65.30000986,44.42571904,41.07066264,51.19205204,0.619851762,0.045478755,0.138729282,Lrig3,10,125966168,126015359,+,8347,protein_coding,leucine-rich repeats and immunoglobulin-like domains 3 [Source:MGI Symbol;Acc:MGI:2443955],-,0.857831862
ENSMUSG00000033335,"ETP ALL,N.A.",1335.777748,1230.32405,1301.681666,1206.444444,1444.893624,1656.516727,1412.194539,-0.245715004,0.046404123,0.140472413,Dnm2,9,21424908,21507759,+,5330,protein_coding,dynamin 2 [Source:MGI Symbol;Acc:MGI:109547],-,0.852408957
ENSMUSG00000061613,"CLL, MDS,N.A.",861.444344,860.3316919,867.1805078,854.252588,1014.387251,1212.111095,914.395964,-0.28182636,0.046474358,0.140597332,U2af1,17,31647082,31658754,-,974,protein_coding,U2 small nuclear ribonucleoprotein auxiliary factor (U2AF) 1 [Source:MGI Symbol;Acc:MGI:98884],-,0.85202292
ENSMUSG00000001855,"AML, T-ALL,N.A.",792.8424054,914.0402599,851.6951416,847.8296362,703.4072182,651.8651327,774.0591317,0.262060055,0.046548974,0.140715671,Nup214,2,31974436,32053975,+,9659,protein_coding,nucleoporin 214 [Source:MGI Symbol;Acc:MGI:1095411],-,0.851657535
ENSMUSG00000018830,"AML,N.A.",236.1866745,184.0015757,173.07174,170.2082224,218.9553296,289.6008263,246.2514227,-0.398194581,0.047245789,0.142032336,Myh11,16,14194535,14291372,-,7599,protein_coding,"myosin, heavy polypeptide 11, smooth muscle [Source:MGI Symbol;Acc:MGI:102643]",-,0.84761277
ENSMUSG00000004056,"ovarian, pancreatic,N.A.",1903.213784,1979.260193,1779.90621,1856.233067,2644.388038,2379.992245,1900.284277,-0.295999903,0.047765201,0.143210627,Akt2,7,27591552,27640826,+,7131,protein_coding,thymoma viral proto-oncogene 2 [Source:MGI Symbol;Acc:MGI:104874],-,0.844024753
ENSMUSG00000000902,malignant rhabdoid,1312.257084,1323.816742,1364.534034,1222.501824,1740.007329,1956.648492,1265.679356,-0.340574025,0.049043071,0.14536104,Smarcb1,10,75896769,75921617,-,7930,protein_coding,"SWI/SNF related, matrix associated, actin dependent regulator of chromatin, subfamily b, member 1 [Source:MGI Symbol;Acc:MGI:1328366]",-,0.837551978
ENSMUSG00000025337,"N.A.,""AML, MDS""",1366.158607,1201.480559,1359.979515,1322.057577,1818.281215,1903.993796,1267.444599,-0.341252934,0.04906224,0.145392287,Sbds,5,130245731,130255530,-,2033,protein_coding,SBDS ribosome maturation factor [Source:MGI Symbol;Acc:MGI:1913961],-,0.837458632
