#term ID	term description	genes mapped	enrichment score	direction	false discovery rate	method	matching proteins in your input (IDs)	matching proteins in your input (labels)
mmu03010	Ribosome	125	1.25662	bottom	4.71e-38	ks	10090.ENSMUSP00000000756,10090.ENSMUSP00000001485,10090.ENSMUSP00000002844,10090.ENSMUSP00000003386,10090.ENSMUSP00000003521,10090.ENSMUSP00000008036,10090.ENSMUSP00000008812,10090.ENSMUSP00000016977,10090.ENSMUSP00000017548,10090.ENSMUSP00000020820,10090.ENSMUSP00000022098,10090.ENSMUSP00000023269,10090.ENSMUSP00000024734,10090.ENSMUSP00000024763,10090.ENSMUSP00000025014,10090.ENSMUSP00000025278,10090.ENSMUSP00000025745,10090.ENSMUSP00000025836,10090.ENSMUSP00000026420,10090.ENSMUSP00000027256,10090.ENSMUSP00000028852,10090.ENSMUSP00000029722,10090.ENSMUSP00000029786,10090.ENSMUSP00000030675,10090.ENSMUSP00000030942,10090.ENSMUSP00000031024,10090.ENSMUSP00000031617,10090.ENSMUSP00000032124,10090.ENSMUSP00000032597,10090.ENSMUSP00000032840,10090.ENSMUSP00000032998,10090.ENSMUSP00000033683,10090.ENSMUSP00000034738,10090.ENSMUSP00000034966,10090.ENSMUSP00000035105,10090.ENSMUSP00000035177,10090.ENSMUSP00000036725,10090.ENSMUSP00000037631,10090.ENSMUSP00000038352,10090.ENSMUSP00000039784,10090.ENSMUSP00000041652,10090.ENSMUSP00000041794,10090.ENSMUSP00000043111,10090.ENSMUSP00000044417,10090.ENSMUSP00000044497,10090.ENSMUSP00000046506,10090.ENSMUSP00000048469,10090.ENSMUSP00000053033,10090.ENSMUSP00000054490,10090.ENSMUSP00000055619,10090.ENSMUSP00000056855,10090.ENSMUSP00000058368,10090.ENSMUSP00000058432,10090.ENSMUSP00000058919,10090.ENSMUSP00000060523,10090.ENSMUSP00000066493,10090.ENSMUSP00000066990,10090.ENSMUSP00000069004,10090.ENSMUSP00000071616,10090.ENSMUSP00000073880,10090.ENSMUSP00000078123,10090.ENSMUSP00000079163,10090.ENSMUSP00000079180,10090.ENSMUSP00000079340,10090.ENSMUSP00000079628,10090.ENSMUSP00000079672,10090.ENSMUSP00000080354,10090.ENSMUSP00000080854,10090.ENSMUSP00000081474,10090.ENSMUSP00000082055,10090.ENSMUSP00000083705,10090.ENSMUSP00000083722,10090.ENSMUSP00000086614,10090.ENSMUSP00000086852,10090.ENSMUSP00000092502,10090.ENSMUSP00000099435,10090.ENSMUSP00000099541,10090.ENSMUSP00000099595,10090.ENSMUSP00000099757,10090.ENSMUSP00000099878,10090.ENSMUSP00000099909,10090.ENSMUSP00000099962,10090.ENSMUSP00000102209,10090.ENSMUSP00000102870,10090.ENSMUSP00000103940,10090.ENSMUSP00000104068,10090.ENSMUSP00000104179,10090.ENSMUSP00000104265,10090.ENSMUSP00000106014,10090.ENSMUSP00000106249,10090.ENSMUSP00000109399,10090.ENSMUSP00000110532,10090.ENSMUSP00000110728,10090.ENSMUSP00000110886,10090.ENSMUSP00000112779,10090.ENSMUSP00000112977,10090.ENSMUSP00000113343,10090.ENSMUSP00000114111,10090.ENSMUSP00000115512,10090.ENSMUSP00000115722,10090.ENSMUSP00000117461,10090.ENSMUSP00000117834,10090.ENSMUSP00000117971,10090.ENSMUSP00000118787,10090.ENSMUSP00000119975,10090.ENSMUSP00000120075,10090.ENSMUSP00000120528,10090.ENSMUSP00000123410,10090.ENSMUSP00000126294,10090.ENSMUSP00000128915,10090.ENSMUSP00000129072,10090.ENSMUSP00000129325,10090.ENSMUSP00000130722,10090.ENSMUSP00000131489,10090.ENSMUSP00000132443,10090.ENSMUSP00000134615,10090.ENSMUSP00000136358,10090.ENSMUSP00000145350,10090.ENSMUSP00000147816,10090.ENSMUSP00000151305,10090.ENSMUSP00000152345,10090.ENSMUSP00000152944,10090.ENSMUSP00000155657,10090.ENSMUSP00000157556,10090.ENSMUSP00000157948	Rpl13,Mrpl10,Mrpl2,Mrpl4,Rps11,Rplp1,Rps18,Mrps18c,Rpl19,Mrpl22,Mrpl36,Rpl24,Mrpl14,Mrps18a,Mrpl28,Mrpl27,Mrpl21,Mrpl11,Rps26,Mrpl30,Mrps5,Rps3a1,Mrpl9,Mrps15,Mrpl20,Mrpl33,Rpl6,Mrpl19,Rpl28,Mrps11,Rps3,Rps4x,Rsl24d1,Rpl4,Rpsa,Mrpl3,Mrps2,Mrps6,Rps29,Mrpl23,Rpl21,Rpl39l,Rpl22l1,Mrpl12,Mrpl34,Rpl37,Rpl10a,Mrps7,Rps23,Mrps16,Mrps9,Rpl18a,Rps21,Rpl37a,Rps27rt,Mrpl35,Mrps21,Rps15,Rpl7,Rps7,Mrpl18,Rpl15,Rps25,Rpl36,Rps17,Rpl35,Rpl3,Rpl5,Rplp2,Rpl10,Rplp0,Rpl31,Rpl34,Gm11808,Rps2,Rpl23,Rpl23a,Rpl11,Rps8,Rps6,Rps27a,Rpl7a,Rpl38,Rpl27,Rps16,Rps19,Rps5,Rps9,Rpl30,Rpl36al,Rpl9,Rps10,Rpl35a,Rpl39,Mrps17,Mrpl1,Mrps10,Mrpl24,Mrpl15,Rpl13a,Rpl12,Rpl29,Mrpl17,Rpl22,Rps15a,Mrps14,Rps20,Rpl27a,Rps13,Mrpl16,Rpl26,Rpl3l,Mrpl13,Rpl14,Mrps12,Rps28,Fau,Rpl32,Rpl18,Rps12,Mrpl32,Rps24,Rpl8,Rpl17,Rps14
mmu00190	Oxidative phosphorylation	127	0.944078	bottom	1.39e-24	ks	10090.ENSMUSP00000000090,10090.ENSMUSP00000000175,10090.ENSMUSP00000002452,10090.ENSMUSP00000004396,10090.ENSMUSP00000005647,10090.ENSMUSP00000005692,10090.ENSMUSP00000006431,10090.ENSMUSP00000006435,10090.ENSMUSP00000007340,10090.ENSMUSP00000010007,10090.ENSMUSP00000013304,10090.ENSMUSP00000013737,10090.ENSMUSP00000014438,10090.ENSMUSP00000016396,10090.ENSMUSP00000016571,10090.ENSMUSP00000019231,10090.ENSMUSP00000019354,10090.ENSMUSP00000020286,10090.ENSMUSP00000020372,10090.ENSMUSP00000020851,10090.ENSMUSP00000020884,10090.ENSMUSP00000021536,10090.ENSMUSP00000021993,10090.ENSMUSP00000022062,10090.ENSMUSP00000022097,10090.ENSMUSP00000022286,10090.ENSMUSP00000022904,10090.ENSMUSP00000022980,10090.ENSMUSP00000023085,10090.ENSMUSP00000023210,10090.ENSMUSP00000023514,10090.ENSMUSP00000023608,10090.ENSMUSP00000023677,10090.ENSMUSP00000023851,10090.ENSMUSP00000024932,10090.ENSMUSP00000026222,10090.ENSMUSP00000026459,10090.ENSMUSP00000026495,10090.ENSMUSP00000026561,10090.ENSMUSP00000026743,10090.ENSMUSP00000027111,10090.ENSMUSP00000027193,10090.ENSMUSP00000027478,10090.ENSMUSP00000029644,10090.ENSMUSP00000029900,10090.ENSMUSP00000032882,10090.ENSMUSP00000033049,10090.ENSMUSP00000033157,10090.ENSMUSP00000033176,10090.ENSMUSP00000033241,10090.ENSMUSP00000033582,10090.ENSMUSP00000033826,10090.ENSMUSP00000034881,10090.ENSMUSP00000037341,10090.ENSMUSP00000038463,10090.ENSMUSP00000038961,10090.ENSMUSP00000039692,10090.ENSMUSP00000039737,10090.ENSMUSP00000040138,10090.ENSMUSP00000040717,10090.ENSMUSP00000040756,10090.ENSMUSP00000041820,10090.ENSMUSP00000042185,10090.ENSMUSP00000042967,10090.ENSMUSP00000043543,10090.ENSMUSP00000045284,10090.ENSMUSP00000047661,10090.ENSMUSP00000047682,10090.ENSMUSP00000047960,10090.ENSMUSP00000048770,10090.ENSMUSP00000049000,10090.ENSMUSP00000051222,10090.ENSMUSP00000053145,10090.ENSMUSP00000054856,10090.ENSMUSP00000060890,10090.ENSMUSP00000065352,10090.ENSMUSP00000069482,10090.ENSMUSP00000075150,10090.ENSMUSP00000075953,10090.ENSMUSP00000077744,10090.ENSMUSP00000080991,10090.ENSMUSP00000080992,10090.ENSMUSP00000080993,10090.ENSMUSP00000080994,10090.ENSMUSP00000080995,10090.ENSMUSP00000080996,10090.ENSMUSP00000080997,10090.ENSMUSP00000080998,10090.ENSMUSP00000081000,10090.ENSMUSP00000081001,10090.ENSMUSP00000081002,10090.ENSMUSP00000081003,10090.ENSMUSP00000081021,10090.ENSMUSP00000088029,10090.ENSMUSP00000092746,10090.ENSMUSP00000096193,10090.ENSMUSP00000099399,10090.ENSMUSP00000101003,10090.ENSMUSP00000101006,10090.ENSMUSP00000101813,10090.ENSMUSP00000102147,10090.ENSMUSP00000105446,10090.ENSMUSP00000105796,10090.ENSMUSP00000106968,10090.ENSMUSP00000107627,10090.ENSMUSP00000110314,10090.ENSMUSP00000110547,10090.ENSMUSP00000110558,10090.ENSMUSP00000112320,10090.ENSMUSP00000113022,10090.ENSMUSP00000114963,10090.ENSMUSP00000115419,10090.ENSMUSP00000118918,10090.ENSMUSP00000120531,10090.ENSMUSP00000121557,10090.ENSMUSP00000123609,10090.ENSMUSP00000125504,10090.ENSMUSP00000127552,10090.ENSMUSP00000136313,10090.ENSMUSP00000138019,10090.ENSMUSP00000138709,10090.ENSMUSP00000140414,10090.ENSMUSP00000144904,10090.ENSMUSP00000144932,10090.ENSMUSP00000145198,10090.ENSMUSP00000157221,10090.ENSMUSP00000158541	Cox5a,Sdhd,Ndufa11,Atp6v1f,Ndufs3,Atp4a,Atp6v1b1,Atp6v1b2,Atp12a,Sdhb,Atp6v0d1,Ndufs2,Ndufa2,Atp5e,Ndufa1,Atp6ap1,Atp6v1e1,Ppa1,Uqcr11,Cox11,Atp6v1c2,Atp6v1d,Uqcrb,Sdha,Ndufs6,Ndufs4,Atp6v1c1,Ndufb9,Ndufa6,Cyc1,Ndufb4,Atp5j,Atp5o,Ndufa5,Atp6v0c,Ndufb8,Atp5b,Atp5a1,Cox8b,Uqcrc1,Ndufs1,Ndufb3,Ndufa10,Ppa2,Atp6v0d2,Ndufc2,Cox6a2,Ndufab1,Uqcrc2,Lhpp,Cox7b,Atp4b,Cox7a2,Ndufb7,Ndufc1,Gm11273,Ndufa7,Atp6v0a2,Cox10,Cox8a,Atp6v1h,Cox15,Ndufa4l2,Ndufv1,Ndufb10,Uqcrfs1,Cox6a1,Atp6v0b,Atp5l,Atp6v1g1,Ndufv3,Atp5k,Uqcrq,Uqcr10,Cox7b2,Ndufa8,Atp6v1g2,Cox6b1,Ndufa3,Uqcrh,mt-Nd1,mt-Nd2,mt-Co1,mt-Co2,mt-Atp8,mt-Atp6,mt-Co3,mt-Nd3,mt-Nd4,mt-Nd5,mt-Nd6,mt-Cytb,mt-Nd4l,Atp5g1,Ndufb6,Cox7a1,Atp6v0a1,Ndufs7,Atp5d,Ndufs5,Atp5h,Cox4i2,Ndufa13,Sdhc,Atp5g3,Atp6v1a,Atp5c1,Atp6v0a4,Ndufb11,Atp5pb,Ndufb5,Cox7c,Ndufb2,Tcirg1,Ndufv2,Cox6c,Atp5j2,Atp6v0e,Ndufa12,Cox4i1,Cox6b2,Atp5g2,Ndufa9,Ndufa4,Atp6v0e2,Atp6v1e2,Ndufs8
mmu04740	Olfactory transduction	166	1.15688	both ends	1.19e-22	ks	10090.ENSMUSP00000005164,10090.ENSMUSP00000005606,10090.ENSMUSP00000006020,10090.ENSMUSP00000019514,10090.ENSMUSP00000021259,10090.ENSMUSP00000023132,10090.ENSMUSP00000025402,10090.ENSMUSP00000033187,10090.ENSMUSP00000034777,10090.ENSMUSP00000046601,10090.ENSMUSP00000051280,10090.ENSMUSP00000051631,10090.ENSMUSP00000052678,10090.ENSMUSP00000057288,10090.ENSMUSP00000060748,10090.ENSMUSP00000060839,10090.ENSMUSP00000070445,10090.ENSMUSP00000071393,10090.ENSMUSP00000071720,10090.ENSMUSP00000072445,10090.ENSMUSP00000073268,10090.ENSMUSP00000074300,10090.ENSMUSP00000075164,10090.ENSMUSP00000075824,10090.ENSMUSP00000077774,10090.ENSMUSP00000077990,10090.ENSMUSP00000081494,10090.ENSMUSP00000083228,10090.ENSMUSP00000083664,10090.ENSMUSP00000086114,10090.ENSMUSP00000086711,10090.ENSMUSP00000087611,10090.ENSMUSP00000091674,10090.ENSMUSP00000092700,10090.ENSMUSP00000095774,10090.ENSMUSP00000095815,10090.ENSMUSP00000095866,10090.ENSMUSP00000097061,10090.ENSMUSP00000099715,10090.ENSMUSP00000099952,10090.ENSMUSP00000104208,10090.ENSMUSP00000113827,10090.ENSMUSP00000115406,10090.ENSMUSP00000115558,10090.ENSMUSP00000124963,10090.ENSMUSP00000125303,10090.ENSMUSP00000127247,10090.ENSMUSP00000129271,10090.ENSMUSP00000129376,10090.ENSMUSP00000130123,10090.ENSMUSP00000131648,10090.ENSMUSP00000132237,10090.ENSMUSP00000132809,10090.ENSMUSP00000136647,10090.ENSMUSP00000138735,10090.ENSMUSP00000144756,10090.ENSMUSP00000145162,10090.ENSMUSP00000145649,10090.ENSMUSP00000145946,10090.ENSMUSP00000146093,10090.ENSMUSP00000146152,10090.ENSMUSP00000146803,10090.ENSMUSP00000146906,10090.ENSMUSP00000147315,10090.ENSMUSP00000147497,10090.ENSMUSP00000147553,10090.ENSMUSP00000147586,10090.ENSMUSP00000147605,10090.ENSMUSP00000147819,10090.ENSMUSP00000147914,10090.ENSMUSP00000148181,10090.ENSMUSP00000148238,10090.ENSMUSP00000148617,10090.ENSMUSP00000148848,10090.ENSMUSP00000148900,10090.ENSMUSP00000148941,10090.ENSMUSP00000149019,10090.ENSMUSP00000149035,10090.ENSMUSP00000149041,10090.ENSMUSP00000149073,10090.ENSMUSP00000149125,10090.ENSMUSP00000149141,10090.ENSMUSP00000149192,10090.ENSMUSP00000149208,10090.ENSMUSP00000149213,10090.ENSMUSP00000149238,10090.ENSMUSP00000149241,10090.ENSMUSP00000149274,10090.ENSMUSP00000149279,10090.ENSMUSP00000149309,10090.ENSMUSP00000149327,10090.ENSMUSP00000149336,10090.ENSMUSP00000149339,10090.ENSMUSP00000149340,10090.ENSMUSP00000149358,10090.ENSMUSP00000149371,10090.ENSMUSP00000149479,10090.ENSMUSP00000149536,10090.ENSMUSP00000149544,10090.ENSMUSP00000149589,10090.ENSMUSP00000149656,10090.ENSMUSP00000149704,10090.ENSMUSP00000149706,10090.ENSMUSP00000149714,10090.ENSMUSP00000149717,10090.ENSMUSP00000149840,10090.ENSMUSP00000149859,10090.ENSMUSP00000149888,10090.ENSMUSP00000149899,10090.ENSMUSP00000149966,10090.ENSMUSP00000150027,10090.ENSMUSP00000150031,10090.ENSMUSP00000150128,10090.ENSMUSP00000150162,10090.ENSMUSP00000150180,10090.ENSMUSP00000150232,10090.ENSMUSP00000150294,10090.ENSMUSP00000150297,10090.ENSMUSP00000150323,10090.ENSMUSP00000150357,10090.ENSMUSP00000150503,10090.ENSMUSP00000150511,10090.ENSMUSP00000150526,10090.ENSMUSP00000150582,10090.ENSMUSP00000150585,10090.ENSMUSP00000150621,10090.ENSMUSP00000150627,10090.ENSMUSP00000150632,10090.ENSMUSP00000150675,10090.ENSMUSP00000150685,10090.ENSMUSP00000150698,10090.ENSMUSP00000150737,10090.ENSMUSP00000150755,10090.ENSMUSP00000150831,10090.ENSMUSP00000150844,10090.ENSMUSP00000150848,10090.ENSMUSP00000150851,10090.ENSMUSP00000150870,10090.ENSMUSP00000150882,10090.ENSMUSP00000150886,10090.ENSMUSP00000150961,10090.ENSMUSP00000150963,10090.ENSMUSP00000150970,10090.ENSMUSP00000150988,10090.ENSMUSP00000150990,10090.ENSMUSP00000151049,10090.ENSMUSP00000151053,10090.ENSMUSP00000151100,10090.ENSMUSP00000151122,10090.ENSMUSP00000151136,10090.ENSMUSP00000151137,10090.ENSMUSP00000151168,10090.ENSMUSP00000151187,10090.ENSMUSP00000151295,10090.ENSMUSP00000151318,10090.ENSMUSP00000151418,10090.ENSMUSP00000151474,10090.ENSMUSP00000151487,10090.ENSMUSP00000151506,10090.ENSMUSP00000151539,10090.ENSMUSP00000151666,10090.ENSMUSP00000152019,10090.ENSMUSP00000152024,10090.ENSMUSP00000152027,10090.ENSMUSP00000154751,10090.ENSMUSP00000157352	Prkacb,Prkaca,Cnga2,Calm3,Gucy2e,Pde1b,Gnal,Cnga4,Calml4,Pde1c,Olfr544,Olfr250,Olfr523,Olfr522,Olfr70,Olfr456,Grk3,Olfr25,Camk2g,Olfr46,Prkg1,Olfr920,Olfr212,Olfr898,Olfr671,Olfr539,Olfr53,Olfr878,Olfr18,Grk2,Olfr658,Ncald,Olfr558,Olfr275,Olfr656,Olfr574,Arrb1,Gng7,Pde1a,Camk2a,Arrb2,Cngb1,Adcy3,Rgs2,Prkg2,Ano2,Olfr1564,Olfr287,Olfr564,Gnb1,Gng13,Olfr288,Slc8a1,Olfr56,Slc8a3,Olfr1375,Olfr457,Olfr1508,Olfr173,Gucy2d,Olfr1507,Olfr1442,Olfr206,Olfr538,Slc8a2,Pde2a,Olfr5,Olfr374,Olfr61,Olfr65,Olfr570,Olfr541,Olfr857,Olfr1419,Olfr99,Olfr1138,Olfr31,Olfr235,Olfr556,Olfr330,Olfr1377,Olfr1417,Olfr653,Olfr1420,Olfr110,Olfr533,Olfr1351,Olfr78,Olfr183,Olfr45,Olfr129,Olfr157,Olfr272,Olfr535,Olfr1393,Olfr985,Olfr1511,Olfr550,Olfr90,Olfr1535,Olfr91,Olfr672,Olfr1140,Olfr1402,Olfr1512,Olfr49,Olfr153,Olfr677,Olfr266,Olfr1342,Olfr317,Olfr393,Olfr1348,Olfr1336,Olfr750,Olfr545,Olfr1510,Olfr691,Olfr63,Olfr905,Olfr1346,Olfr55,Olfr1392,Olfr551,Olfr111,Olfr557,Olfr749,Olfr461,Olfr221,Olfr60,Olfr877,Olfr214,Olfr482,Olfr690,Olfr921,Olfr267,Olfr279,Olfr311,Olfr239,Olfr1459,Olfr1396,Olfr561,Olfr524,Olfr92,Olfr322,Olfr689,Olfr1042,Olfr559,Olfr994,Olfr316,Olfr323,Olfr1349,Olfr460,Olfr692,Olfr1350,Olfr455,Olfr676,Olfr543,Olfr1366,Olfr1033,Olfr1344,Olfr986,Olfr1347,Olfr652,Olfr1358,Slc24a4
mmu04932	Non-alcoholic fatty liver disease	145	0.763032	bottom	3.15e-11	ks	10090.ENSMUSP00000000090,10090.ENSMUSP00000000175,10090.ENSMUSP00000000834,10090.ENSMUSP00000001059,10090.ENSMUSP00000001780,10090.ENSMUSP00000002452,10090.ENSMUSP00000002678,10090.ENSMUSP00000004156,10090.ENSMUSP00000004560,10090.ENSMUSP00000005507,10090.ENSMUSP00000005647,10090.ENSMUSP00000010007,10090.ENSMUSP00000013737,10090.ENSMUSP00000014438,10090.ENSMUSP00000016571,10090.ENSMUSP00000017945,10090.ENSMUSP00000020372,10090.ENSMUSP00000020846,10090.ENSMUSP00000021674,10090.ENSMUSP00000021993,10090.ENSMUSP00000022062,10090.ENSMUSP00000022097,10090.ENSMUSP00000022286,10090.ENSMUSP00000022504,10090.ENSMUSP00000022980,10090.ENSMUSP00000023085,10090.ENSMUSP00000023210,10090.ENSMUSP00000023514,10090.ENSMUSP00000023593,10090.ENSMUSP00000023851,10090.ENSMUSP00000025263,10090.ENSMUSP00000025691,10090.ENSMUSP00000025867,10090.ENSMUSP00000026062,10090.ENSMUSP00000026222,10090.ENSMUSP00000026475,10090.ENSMUSP00000026552,10090.ENSMUSP00000026561,10090.ENSMUSP00000026743,10090.ENSMUSP00000026845,10090.ENSMUSP00000027111,10090.ENSMUSP00000027193,10090.ENSMUSP00000027478,10090.ENSMUSP00000028430,10090.ENSMUSP00000028881,10090.ENSMUSP00000028882,10090.ENSMUSP00000029201,10090.ENSMUSP00000029559,10090.ENSMUSP00000029812,10090.ENSMUSP00000030243,10090.ENSMUSP00000030464,10090.ENSMUSP00000030784,10090.ENSMUSP00000031486,10090.ENSMUSP00000032272,10090.ENSMUSP00000032491,10090.ENSMUSP00000032882,10090.ENSMUSP00000033049,10090.ENSMUSP00000033093,10090.ENSMUSP00000033157,10090.ENSMUSP00000033176,10090.ENSMUSP00000033582,10090.ENSMUSP00000033939,10090.ENSMUSP00000034093,10090.ENSMUSP00000034296,10090.ENSMUSP00000034881,10090.ENSMUSP00000035037,10090.ENSMUSP00000035417,10090.ENSMUSP00000036410,10090.ENSMUSP00000037341,10090.ENSMUSP00000037385,10090.ENSMUSP00000038463,10090.ENSMUSP00000038514,10090.ENSMUSP00000038961,10090.ENSMUSP00000039692,10090.ENSMUSP00000040717,10090.ENSMUSP00000042185,10090.ENSMUSP00000042967,10090.ENSMUSP00000043543,10090.ENSMUSP00000045284,10090.ENSMUSP00000047661,10090.ENSMUSP00000049000,10090.ENSMUSP00000053145,10090.ENSMUSP00000054634,10090.ENSMUSP00000054852,10090.ENSMUSP00000054856,10090.ENSMUSP00000056774,10090.ENSMUSP00000059129,10090.ENSMUSP00000060890,10090.ENSMUSP00000063166,10090.ENSMUSP00000063795,10090.ENSMUSP00000064943,10090.ENSMUSP00000065352,10090.ENSMUSP00000067046,10090.ENSMUSP00000071214,10090.ENSMUSP00000071654,10090.ENSMUSP00000072829,10090.ENSMUSP00000075150,10090.ENSMUSP00000075953,10090.ENSMUSP00000076491,10090.ENSMUSP00000077744,10090.ENSMUSP00000080993,10090.ENSMUSP00000080994,10090.ENSMUSP00000080997,10090.ENSMUSP00000081003,10090.ENSMUSP00000088837,10090.ENSMUSP00000092746,10090.ENSMUSP00000093485,10090.ENSMUSP00000096129,10090.ENSMUSP00000096193,10090.ENSMUSP00000101003,10090.ENSMUSP00000101315,10090.ENSMUSP00000101813,10090.ENSMUSP00000102711,10090.ENSMUSP00000103981,10090.ENSMUSP00000105049,10090.ENSMUSP00000105234,10090.ENSMUSP00000105307,10090.ENSMUSP00000105446,10090.ENSMUSP00000105796,10090.ENSMUSP00000105970,10090.ENSMUSP00000106789,10090.ENSMUSP00000106968,10090.ENSMUSP00000106988,10090.ENSMUSP00000107856,10090.ENSMUSP00000109872,10090.ENSMUSP00000110398,10090.ENSMUSP00000112320,10090.ENSMUSP00000114963,10090.ENSMUSP00000115419,10090.ENSMUSP00000118918,10090.ENSMUSP00000121557,10090.ENSMUSP00000123609,10090.ENSMUSP00000127193,10090.ENSMUSP00000132499,10090.ENSMUSP00000136313,10090.ENSMUSP00000136977,10090.ENSMUSP00000138019,10090.ENSMUSP00000138709,10090.ENSMUSP00000139909,10090.ENSMUSP00000140546,10090.ENSMUSP00000144904,10090.ENSMUSP00000144932,10090.ENSMUSP00000147425,10090.ENSMUSP00000147767,10090.ENSMUSP00000158541	Cox5a,Sdhd,Fasl,Ern1,Akt1,Ndufa11,Tgfb1,Map3k11,Bid,Mlxipl,Ndufs3,Sdhb,Ndufs2,Ndufa2,Ndufa1,Mlx,Uqcr11,Srebf1,Fos,Uqcrb,Sdha,Ndufs6,Ndufs4,Mapk8,Ndufb9,Ndufa6,Cyc1,Ndufb4,Adipoq,Ndufa5,Tnf,Fas,Rela,Casp7,Ndufb8,Ddit3,Cyp2e1,Cox8b,Uqcrc1,Il6,Ndufs1,Ndufb3,Ndufa10,Cyct,Il1b,Il1a,Pik3ca,Il6ra,Nfkb1,Prkaa2,Pik3r3,Prkag2,Prkab1,Adipor2,Tnfrsf1a,Ndufc2,Cox6a2,Bax,Ndufab1,Uqcrc2,Cox7b,Ikbkb,Eif2ak3,Pik3r2,Cox7a2,Pik3cb,Pklr,Prkab2,Ndufb7,Lepr,Ndufc1,Irs2,Gm11273,Ndufa7,Cox8a,Ndufa4l2,Ndufv1,Ndufb10,Uqcrfs1,Cox6a1,Ndufv3,Uqcrq,Cdc42,Xbp1,Uqcr10,Pik3r1,Socs3,Cox7b2,Prkaa1,Irs1,Mlxip,Ndufa8,Lep,Eif2s1,Gsk3a,Gm10053,Cox6b1,Ndufa3,Rxra,Uqcrh,mt-Co1,mt-Co2,mt-Co3,mt-Cytb,Insr,Ndufb6,Map3k5,Cebpa,Cox7a1,Ndufs7,Pik3cd,Ndufs5,Jun,Akt2,Ppara,Atf4,Itch,Cox4i2,Ndufa13,Bcl2l11,Akt3,Sdhc,Nr1h3,Adipor1,Traf2,Gsk3b,Ndufb11,Ndufb5,Cox7c,Ndufb2,Ndufv2,Cox6c,Mapk10,Prkag1,Ndufa12,Mapk9,Cox4i1,Cox6b2,Prkag3,Casp8,Ndufa9,Ndufa4,Ins2,Casp3,Ndufs8
mmu03050	Proteasome	46	0.869469	bottom	5.32e-07	ks	10090.ENSMUSP00000005923,10090.ENSMUSP00000007212,10090.ENSMUSP00000014913,10090.ENSMUSP00000017365,10090.ENSMUSP00000017572,10090.ENSMUSP00000018430,10090.ENSMUSP00000019470,10090.ENSMUSP00000021049,10090.ENSMUSP00000021063,10090.ENSMUSP00000021412,10090.ENSMUSP00000021595,10090.ENSMUSP00000022256,10090.ENSMUSP00000022380,10090.ENSMUSP00000022803,10090.ENSMUSP00000025196,10090.ENSMUSP00000026560,10090.ENSMUSP00000027432,10090.ENSMUSP00000028083,10090.ENSMUSP00000028278,10090.ENSMUSP00000029082,10090.ENSMUSP00000030642,10090.ENSMUSP00000030769,10090.ENSMUSP00000031654,10090.ENSMUSP00000032824,10090.ENSMUSP00000033008,10090.ENSMUSP00000034369,10090.ENSMUSP00000034848,10090.ENSMUSP00000040741,10090.ENSMUSP00000041184,10090.ENSMUSP00000041968,10090.ENSMUSP00000042590,10090.ENSMUSP00000045460,10090.ENSMUSP00000050076,10090.ENSMUSP00000051657,10090.ENSMUSP00000063800,10090.ENSMUSP00000071054,10090.ENSMUSP00000071589,10090.ENSMUSP00000088057,10090.ENSMUSP00000098295,10090.ENSMUSP00000099436,10090.ENSMUSP00000100564,10090.ENSMUSP00000125548,10090.ENSMUSP00000129767,10090.ENSMUSP00000132140,10090.ENSMUSP00000133499,10090.ENSMUSP00000134735	Psmb4,Psmd2,Psmb1,Psmd3,Psmd11,Psmb6,Psme3,Psmc5,Psmd12,Psma6,Psmc1,Psmd6,Psmc6,Psmb5,Psmb8,Psmd13,Psmd1,Psmb7,Psmd14,Psma7,Psmb2,Psmc2,Pomp,Psmc4,Psma1,Psmb10,Psma4,Sem1,Psmf1,Psmd7,Psma8,Psme4,Adrm1,Psmd8,Ifng,Psmc3,Psmd4,Psma5,Psmd9,Psmb3,Psme2b,Psma3,Psma2,Psmb11,Psmb9,Psme1
mmu04145	Phagosome	151	0.580506	bottom	8.05e-07	ks	10090.ENSMUSP00000000161,10090.ENSMUSP00000000299,10090.ENSMUSP00000000727,10090.ENSMUSP00000001513,10090.ENSMUSP00000001566,10090.ENSMUSP00000003659,10090.ENSMUSP00000003912,10090.ENSMUSP00000004396,10090.ENSMUSP00000006431,10090.ENSMUSP00000006435,10090.ENSMUSP00000011445,10090.ENSMUSP00000012847,10090.ENSMUSP00000013304,10090.ENSMUSP00000015484,10090.ENSMUSP00000015667,10090.ENSMUSP00000016094,10090.ENSMUSP00000016399,10090.ENSMUSP00000017604,10090.ENSMUSP00000017975,10090.ENSMUSP00000018851,10090.ENSMUSP00000019231,10090.ENSMUSP00000019354,10090.ENSMUSP00000020779,10090.ENSMUSP00000020884,10090.ENSMUSP00000021028,10090.ENSMUSP00000021536,10090.ENSMUSP00000021639,10090.ENSMUSP00000022213,10090.ENSMUSP00000022904,10090.ENSMUSP00000023128,10090.ENSMUSP00000023486,10090.ENSMUSP00000023845,10090.ENSMUSP00000024932,10090.ENSMUSP00000024988,10090.ENSMUSP00000025181,10090.ENSMUSP00000025192,10090.ENSMUSP00000025197,10090.ENSMUSP00000025797,10090.ENSMUSP00000026021,10090.ENSMUSP00000027639,10090.ENSMUSP00000028045,10090.ENSMUSP00000028499,10090.ENSMUSP00000029476,10090.ENSMUSP00000029623,10090.ENSMUSP00000029682,10090.ENSMUSP00000029748,10090.ENSMUSP00000029900,10090.ENSMUSP00000030285,10090.ENSMUSP00000030698,10090.ENSMUSP00000030797,10090.ENSMUSP00000032168,10090.ENSMUSP00000032233,10090.ENSMUSP00000032265,10090.ENSMUSP00000033824,10090.ENSMUSP00000035366,10090.ENSMUSP00000035687,10090.ENSMUSP00000037088,10090.ENSMUSP00000037238,10090.ENSMUSP00000039737,10090.ENSMUSP00000039861,10090.ENSMUSP00000040558,10090.ENSMUSP00000040756,10090.ENSMUSP00000041008,10090.ENSMUSP00000042342,10090.ENSMUSP00000043526,10090.ENSMUSP00000044903,10090.ENSMUSP00000045480,10090.ENSMUSP00000045770,10090.ENSMUSP00000046105,10090.ENSMUSP00000047682,10090.ENSMUSP00000048770,10090.ENSMUSP00000049285,10090.ENSMUSP00000051033,10090.ENSMUSP00000053891,10090.ENSMUSP00000056669,10090.ENSMUSP00000056814,10090.ENSMUSP00000060246,10090.ENSMUSP00000061493,10090.ENSMUSP00000062096,10090.ENSMUSP00000063707,10090.ENSMUSP00000065456,10090.ENSMUSP00000067681,10090.ENSMUSP00000068468,10090.ENSMUSP00000069416,10090.ENSMUSP00000069482,10090.ENSMUSP00000071134,10090.ENSMUSP00000071135,10090.ENSMUSP00000071486,10090.ENSMUSP00000071843,10090.ENSMUSP00000072942,10090.ENSMUSP00000075178,10090.ENSMUSP00000076777,10090.ENSMUSP00000077873,10090.ENSMUSP00000078138,10090.ENSMUSP00000078927,10090.ENSMUSP00000080159,10090.ENSMUSP00000081104,10090.ENSMUSP00000083242,10090.ENSMUSP00000084713,10090.ENSMUSP00000087457,10090.ENSMUSP00000092985,10090.ENSMUSP00000094084,10090.ENSMUSP00000094778,10090.ENSMUSP00000095314,10090.ENSMUSP00000097909,10090.ENSMUSP00000098066,10090.ENSMUSP00000099399,10090.ENSMUSP00000099736,10090.ENSMUSP00000099739,10090.ENSMUSP00000100046,10090.ENSMUSP00000101809,10090.ENSMUSP00000101972,10090.ENSMUSP00000107768,10090.ENSMUSP00000108144,10090.ENSMUSP00000108229,10090.ENSMUSP00000109230,10090.ENSMUSP00000109371,10090.ENSMUSP00000109389,10090.ENSMUSP00000109761,10090.ENSMUSP00000109870,10090.ENSMUSP00000110314,10090.ENSMUSP00000110558,10090.ENSMUSP00000111221,10090.ENSMUSP00000111479,10090.ENSMUSP00000116355,10090.ENSMUSP00000116397,10090.ENSMUSP00000120007,10090.ENSMUSP00000120421,10090.ENSMUSP00000120531,10090.ENSMUSP00000127552,10090.ENSMUSP00000128308,10090.ENSMUSP00000128401,10090.ENSMUSP00000131297,10090.ENSMUSP00000131365,10090.ENSMUSP00000131938,10090.ENSMUSP00000132348,10090.ENSMUSP00000133008,10090.ENSMUSP00000134163,10090.ENSMUSP00000134550,10090.ENSMUSP00000134570,10090.ENSMUSP00000137440,10090.ENSMUSP00000139376,10090.ENSMUSP00000140404,10090.ENSMUSP00000140657,10090.ENSMUSP00000145198,10090.ENSMUSP00000151638,10090.ENSMUSP00000152169,10090.ENSMUSP00000153147,10090.ENSMUSP00000157132,10090.ENSMUSP00000157221,10090.ENSMUSP00000158533	Itgb2l,Itgb2,Rab5b,Tubb6,Tubb5,Comp,Calr,Atp6v1f,Atp6v1b1,Atp6v1b2,Cd209d,Cd209a,Atp6v0d1,Cybb,Ctss,Ncf1,Tubb1,Cyba,Rab5a,Dync1h1,Atp6ap1,Atp6v1e1,Mpo,Atp6v1c2,Itgb3,Atp6v1d,Tubal3,Thbs4,Atp6v1c1,Itga5,Tfrc,H2-M10.2,Atp6v0c,C3,H2-K1,H2-Oa,Tap2,Mbl2,Msr1,Marco,Mrc1,Itgav,Sec22b,Tlr2,Thbs3,Fcgr1,Atp6v0d2,Calr4,Stx12,Vamp3,Sec61a1,Tuba8,Olr1,Lamp1,Dync1li1,H2-M3,H2-DMa,Rilp,Atp6v0a2,Cd209c,Gm7030,Atp6v1h,H2-Ab1,Tubb4b,H2-DMb2,Thbs1,Dync1li2,Tlr4,H2-Aa,Atp6v0b,Atp6v1g1,Colec11,Tuba1c,Itga2,Cd14,H2-Eb2,Tubb2a,Eea1,Tlr6,C1ra,Rab7b,Sec61b,Itgam,Itgb5,Atp6v1g2,Tubb3,Tubb4a,Actg1,H2-Q7,H2-Q1,Tubb2b,Tuba1b,Fcgr4,H2-Q2,H2-T22,H2-Q4,Cd209b,Scarb1,Tuba3b,Itgb1,H2-Ob,Ncf4,Tuba1a,Pikfyve,Mrc2,Actb,Atp6v0a1,H2-T3,H2-T23,Sec61a2,Hgs,Coro1a,Dync1i2,Pla2r1,M6pr,Rab7,Gm11127,H2-T24,Stx18,H2-DMb1,Atp6v1a,Atp6v0a4,Dync1i1,Pik3c3,Cd209f,Cd209g,Dync2h1,Nos1,Tcirg1,Atp6v0e,Thbs2,Tap1,H2-M2,H2-M5,Fcgr3,Sec61g,Cd36,H2-Q10,H2-Q6,H2-D1,Canx,C1rb,Ncf2,Tuba4a,Atp6v0e2,Stx7,Ctsl,Mbl1,Colec12,Atp6v1e2,H2-Eb1
mmu05150	Staphylococcus aureus infection	63	0.982522	bottom	8.05e-07	ks	10090.ENSMUSP00000000161,10090.ENSMUSP00000000299,10090.ENSMUSP00000006963,10090.ENSMUSP00000006969,10090.ENSMUSP00000007317,10090.ENSMUSP00000014578,10090.ENSMUSP00000017255,10090.ENSMUSP00000017270,10090.ENSMUSP00000017732,10090.ENSMUSP00000017741,10090.ENSMUSP00000017743,10090.ENSMUSP00000023803,10090.ENSMUSP00000024988,10090.ENSMUSP00000025192,10090.ENSMUSP00000025229,10090.ENSMUSP00000025230,10090.ENSMUSP00000025797,10090.ENSMUSP00000028233,10090.ENSMUSP00000029748,10090.ENSMUSP00000036747,10090.ENSMUSP00000037088,10090.ENSMUSP00000040246,10090.ENSMUSP00000041008,10090.ENSMUSP00000043526,10090.ENSMUSP00000046105,10090.ENSMUSP00000048092,10090.ENSMUSP00000048439,10090.ENSMUSP00000048836,10090.ENSMUSP00000049729,10090.ENSMUSP00000051754,10090.ENSMUSP00000052894,10090.ENSMUSP00000054799,10090.ENSMUSP00000055255,10090.ENSMUSP00000056814,10090.ENSMUSP00000063707,10090.ENSMUSP00000065799,10090.ENSMUSP00000068468,10090.ENSMUSP00000069418,10090.ENSMUSP00000070925,10090.ENSMUSP00000076026,10090.ENSMUSP00000077074,10090.ENSMUSP00000077873,10090.ENSMUSP00000079699,10090.ENSMUSP00000083587,10090.ENSMUSP00000087327,10090.ENSMUSP00000092985,10090.ENSMUSP00000098051,10090.ENSMUSP00000098436,10090.ENSMUSP00000099420,10090.ENSMUSP00000101913,10090.ENSMUSP00000103034,10090.ENSMUSP00000107607,10090.ENSMUSP00000107653,10090.ENSMUSP00000109870,10090.ENSMUSP00000123924,10090.ENSMUSP00000125531,10090.ENSMUSP00000129972,10090.ENSMUSP00000131938,10090.ENSMUSP00000139376,10090.ENSMUSP00000141648,10090.ENSMUSP00000151642,10090.ENSMUSP00000153147,10090.ENSMUSP00000158533	Itgb2l,Itgb2,Krt28,Krt23,Krt19,Plg,Krt24,Krt42,Krt27,Krt12,Krt20,Krt18,C3,H2-Oa,Cfb,C2,Mbl2,Hc,Fcgr1,C1qc,H2-DMa,C1qb,H2-Ab1,H2-DMb2,H2-Aa,C3ar1,Krt25,C1qa,Masp2,Defb1,Fpr1,Dsg1c,Krt9,H2-Eb2,C1ra,Fpr2,Itgam,C4b,Ptafr,Dsg1b,Cfi,Fcgr4,Krt17,Icam1,Masp1,H2-Ob,Krt26,Selplg,Krt10,Itgal,Krt15,Cfh,Camp,H2-DMb1,Selp,C1s1,C5ar1,Fcgr3,C1rb,Fgg,C1s2,Mbl1,H2-Eb1
mmu05310	Asthma	20	2.5515	bottom	1.56e-06	afc	10090.ENSMUSP00000000342,10090.ENSMUSP00000000889,10090.ENSMUSP00000017799,10090.ENSMUSP00000020650,10090.ENSMUSP00000025192,10090.ENSMUSP00000025263,10090.ENSMUSP00000028467,10090.ENSMUSP00000033466,10090.ENSMUSP00000037088,10090.ENSMUSP00000041008,10090.ENSMUSP00000043369,10090.ENSMUSP00000043526,10090.ENSMUSP00000046105,10090.ENSMUSP00000050497,10090.ENSMUSP00000056814,10090.ENSMUSP00000078875,10090.ENSMUSP00000092985,10090.ENSMUSP00000109870,10090.ENSMUSP00000127373,10090.ENSMUSP00000158533	Ccl11,Il4,Cd40,Il13,H2-Oa,Tnf,Prg2,Cd40lg,H2-DMa,H2-Ab1,Il5,H2-DMb2,H2-Aa,Epx,H2-Eb2,Fcer1g,H2-Ob,H2-DMb1,Ms4a2,H2-Eb1
mmu05322	Systemic lupus erythematosus	75	0.803117	both ends	4.34e-05	ks	10090.ENSMUSP00000002551,10090.ENSMUSP00000015583,10090.ENSMUSP00000016081,10090.ENSMUSP00000017799,10090.ENSMUSP00000018246,10090.ENSMUSP00000020283,10090.ENSMUSP00000020397,10090.ENSMUSP00000021554,10090.ENSMUSP00000022749,10090.ENSMUSP00000024988,10090.ENSMUSP00000025192,10090.ENSMUSP00000025230,10090.ENSMUSP00000025263,10090.ENSMUSP00000027165,10090.ENSMUSP00000028233,10090.ENSMUSP00000029748,10090.ENSMUSP00000031663,10090.ENSMUSP00000033264,10090.ENSMUSP00000033466,10090.ENSMUSP00000036747,10090.ENSMUSP00000036907,10090.ENSMUSP00000037088,10090.ENSMUSP00000040246,10090.ENSMUSP00000041008,10090.ENSMUSP00000041855,10090.ENSMUSP00000043526,10090.ENSMUSP00000046105,10090.ENSMUSP00000048836,10090.ENSMUSP00000051432,10090.ENSMUSP00000056814,10090.ENSMUSP00000062284,10090.ENSMUSP00000063707,10090.ENSMUSP00000063800,10090.ENSMUSP00000066068,10090.ENSMUSP00000067541,10090.ENSMUSP00000069418,10090.ENSMUSP00000072858,10090.ENSMUSP00000072989,10090.ENSMUSP00000073605,10090.ENSMUSP00000074142,10090.ENSMUSP00000074310,10090.ENSMUSP00000074994,10090.ENSMUSP00000076397,10090.ENSMUSP00000077477,10090.ENSMUSP00000077873,10090.ENSMUSP00000078870,10090.ENSMUSP00000079670,10090.ENSMUSP00000085006,10090.ENSMUSP00000087047,10090.ENSMUSP00000088287,10090.ENSMUSP00000088288,10090.ENSMUSP00000089301,10090.ENSMUSP00000092985,10090.ENSMUSP00000097294,10090.ENSMUSP00000099488,10090.ENSMUSP00000100618,10090.ENSMUSP00000102062,10090.ENSMUSP00000104445,10090.ENSMUSP00000105359,10090.ENSMUSP00000106085,10090.ENSMUSP00000106099,10090.ENSMUSP00000106317,10090.ENSMUSP00000109870,10090.ENSMUSP00000124417,10090.ENSMUSP00000125531,10090.ENSMUSP00000125623,10090.ENSMUSP00000130313,10090.ENSMUSP00000138211,10090.ENSMUSP00000139376,10090.ENSMUSP00000142900,10090.ENSMUSP00000151642,10090.ENSMUSP00000153277,10090.ENSMUSP00000153457,10090.ENSMUSP00000156031,10090.ENSMUSP00000158533	Snrpd1,Ctsg,Macroh2a1,Cd40,H2bc4,Macroh2a2,Snrpd3,Actn1,C9,C3,H2-Oa,C2,Tnf,Cd28,Hc,Fcgr1,C8b,Trim21,Cd40lg,C1qc,H2az1,H2-DMa,C1qb,H2-Ab1,C8g,H2-DMb2,H2-Aa,C1qa,H2ax,H2-Eb2,Grin2b,C1ra,Ifng,Actn4,C8a,C4b,H2ac21,H2ac10,H2al1m,H2aj,H2ac15,H3c7,H2bu2,H2ac4,Fcgr4,H2al1o,H3c8,H4c11,Cd86,H2bc21,H2ac20,H2bc15,H2-Ob,H2bc3,Snrpb,H2al2a,H3f3b,H2aw,H2az2,H2bc12,Hist1h2bp,C7,H2-DMb1,C6,C1s1,Ro60,Ssb,H2ab3,C1rb,Grin2a,C1s2,H2bc9,H2bc14,Cd80,H2-Eb1
mmu05323	Rheumatoid arthritis	78	1.05677	bottom	4.34e-05	ks	10090.ENSMUSP00000000161,10090.ENSMUSP00000000193,10090.ENSMUSP00000000194,10090.ENSMUSP00000000299,10090.ENSMUSP00000001008,10090.ENSMUSP00000002678,10090.ENSMUSP00000003687,10090.ENSMUSP00000004396,10090.ENSMUSP00000006431,10090.ENSMUSP00000006435,10090.ENSMUSP00000013304,10090.ENSMUSP00000014743,10090.ENSMUSP00000015664,10090.ENSMUSP00000018896,10090.ENSMUSP00000019231,10090.ENSMUSP00000019354,10090.ENSMUSP00000020884,10090.ENSMUSP00000021536,10090.ENSMUSP00000021674,10090.ENSMUSP00000022592,10090.ENSMUSP00000022904,10090.ENSMUSP00000022921,10090.ENSMUSP00000024932,10090.ENSMUSP00000025192,10090.ENSMUSP00000025262,10090.ENSMUSP00000025263,10090.ENSMUSP00000026449,10090.ENSMUSP00000026845,10090.ENSMUSP00000027164,10090.ENSMUSP00000027165,10090.ENSMUSP00000027559,10090.ENSMUSP00000028881,10090.ENSMUSP00000028882,10090.ENSMUSP00000029623,10090.ENSMUSP00000029900,10090.ENSMUSP00000031318,10090.ENSMUSP00000031327,10090.ENSMUSP00000031653,10090.ENSMUSP00000034148,10090.ENSMUSP00000034497,10090.ENSMUSP00000037088,10090.ENSMUSP00000039600,10090.ENSMUSP00000039737,10090.ENSMUSP00000040756,10090.ENSMUSP00000041008,10090.ENSMUSP00000043526,10090.ENSMUSP00000045770,10090.ENSMUSP00000046105,10090.ENSMUSP00000047682,10090.ENSMUSP00000048770,10090.ENSMUSP00000056814,10090.ENSMUSP00000063800,10090.ENSMUSP00000069482,10090.ENSMUSP00000072800,10090.ENSMUSP00000074885,10090.ENSMUSP00000083587,10090.ENSMUSP00000087047,10090.ENSMUSP00000092492,10090.ENSMUSP00000092985,10090.ENSMUSP00000099399,10090.ENSMUSP00000099862,10090.ENSMUSP00000101913,10090.ENSMUSP00000102711,10090.ENSMUSP00000109064,10090.ENSMUSP00000109870,10090.ENSMUSP00000110314,10090.ENSMUSP00000110558,10090.ENSMUSP00000115883,10090.ENSMUSP00000120531,10090.ENSMUSP00000127552,10090.ENSMUSP00000145198,10090.ENSMUSP00000146694,10090.ENSMUSP00000150903,10090.ENSMUSP00000151002,10090.ENSMUSP00000152169,10090.ENSMUSP00000156031,10090.ENSMUSP00000157221,10090.ENSMUSP00000158533	Itgb2l,Ccl2,Ccl12,Itgb2,Ccl3,Tgfb1,Tgfb3,Atp6v1f,Atp6v1b1,Atp6v1b2,Atp6v0d1,Csf1,Ctsk,Tnfsf13,Atp6ap1,Atp6v1e1,Atp6v1c2,Atp6v1d,Fos,Tnfsf11,Atp6v1c1,Angpt1,Atp6v0c,H2-Oa,Ltb,Tnf,Il23a,Il6,Ctla4,Cd28,Tnfrsf11a,Il1b,Il1a,Tlr2,Atp6v0d2,Cxcl5,Cxcl1,Flt1,Il15,Mmp3,H2-DMa,Ccl5,Atp6v0a2,Atp6v1h,H2-Ab1,H2-DMb2,Tlr4,H2-Aa,Atp6v0b,Atp6v1g1,H2-Eb2,Ifng,Atp6v1g2,Cxcl12,Cxcl2,Icam1,Cd86,Il11,H2-Ob,Atp6v0a1,Tek,Itgal,Jun,Ccl20,H2-DMb1,Atp6v1a,Atp6v0a4,Vegfa,Tcirg1,Atp6v0e,Atp6v0e2,Tnfsf13b,Acp5,Il18,Ctsl,Cd80,Atp6v1e2,H2-Eb1
mmu01200	Carbon metabolism	118	0.455691	bottom	7.15e-05	ks	10090.ENSMUSP00000000175,10090.ENSMUSP00000000642,10090.ENSMUSP00000004327,10090.ENSMUSP00000004378,10090.ENSMUSP00000005826,10090.ENSMUSP00000005964,10090.ENSMUSP00000007005,10090.ENSMUSP00000010007,10090.ENSMUSP00000010127,10090.ENSMUSP00000011896,10090.ENSMUSP00000017534,10090.ENSMUSP00000018744,10090.ENSMUSP00000019323,10090.ENSMUSP00000020277,10090.ENSMUSP00000020522,10090.ENSMUSP00000020768,10090.ENSMUSP00000021907,10090.ENSMUSP00000022062,10090.ENSMUSP00000022268,10090.ENSMUSP00000022322,10090.ENSMUSP00000022480,10090.ENSMUSP00000022529,10090.ENSMUSP00000023116,10090.ENSMUSP00000023203,10090.ENSMUSP00000023559,10090.ENSMUSP00000023832,10090.ENSMUSP00000025439,10090.ENSMUSP00000025542,10090.ENSMUSP00000025778,10090.ENSMUSP00000026196,10090.ENSMUSP00000026470,10090.ENSMUSP00000026538,10090.ENSMUSP00000026576,10090.ENSMUSP00000026839,10090.ENSMUSP00000027144,10090.ENSMUSP00000027491,10090.ENSMUSP00000027810,10090.ENSMUSP00000028610,10090.ENSMUSP00000028704,10090.ENSMUSP00000028892,10090.ENSMUSP00000028944,10090.ENSMUSP00000029135,10090.ENSMUSP00000029464,10090.ENSMUSP00000029987,10090.ENSMUSP00000030830,10090.ENSMUSP00000031399,10090.ENSMUSP00000031524,10090.ENSMUSP00000031594,10090.ENSMUSP00000032856,10090.ENSMUSP00000033662,10090.ENSMUSP00000033809,10090.ENSMUSP00000034097,10090.ENSMUSP00000034136,10090.ENSMUSP00000034264,10090.ENSMUSP00000034547,10090.ENSMUSP00000034567,10090.ENSMUSP00000034834,10090.ENSMUSP00000034989,10090.ENSMUSP00000035116,10090.ENSMUSP00000035230,10090.ENSMUSP00000035417,10090.ENSMUSP00000037131,10090.ENSMUSP00000038763,10090.ENSMUSP00000041337,10090.ENSMUSP00000045606,10090.ENSMUSP00000047761,10090.ENSMUSP00000047855,10090.ENSMUSP00000049355,10090.ENSMUSP00000051215,10090.ENSMUSP00000052373,10090.ENSMUSP00000052866,10090.ENSMUSP00000056502,10090.ENSMUSP00000059801,10090.ENSMUSP00000060218,10090.ENSMUSP00000060346,10090.ENSMUSP00000063325,10090.ENSMUSP00000063412,10090.ENSMUSP00000063825,10090.ENSMUSP00000064158,10090.ENSMUSP00000064755,10090.ENSMUSP00000065113,10090.ENSMUSP00000069774,10090.ENSMUSP00000075513,10090.ENSMUSP00000079022,10090.ENSMUSP00000080302,10090.ENSMUSP00000081141,10090.ENSMUSP00000082288,10090.ENSMUSP00000084846,10090.ENSMUSP00000090564,10090.ENSMUSP00000091041,10090.ENSMUSP00000095316,10090.ENSMUSP00000099938,10090.ENSMUSP00000099984,10090.ENSMUSP00000100038,10090.ENSMUSP00000103007,10090.ENSMUSP00000104188,10090.ENSMUSP00000106481,10090.ENSMUSP00000106968,10090.ENSMUSP00000109628,10090.ENSMUSP00000111946,10090.ENSMUSP00000113942,10090.ENSMUSP00000117030,10090.ENSMUSP00000120976,10090.ENSMUSP00000123765,10090.ENSMUSP00000125454,10090.ENSMUSP00000127526,10090.ENSMUSP00000130858,10090.ENSMUSP00000130941,10090.ENSMUSP00000133736,10090.ENSMUSP00000133931,10090.ENSMUSP00000135394,10090.ENSMUSP00000138215,10090.ENSMUSP00000138388,10090.ENSMUSP00000143838,10090.ENSMUSP00000144272,10090.ENSMUSP00000144827,10090.ENSMUSP00000149882,10090.ENSMUSP00000157520	Sdhd,Hk2,G6pdx,Eno2,Cs,Adh5,Acat2,Sdhb,Tktl1,Pgam1,Aldoc,Shmt1,Mdh2,Hkdc1,Pfkl,Pgam2,Fbp2,Sdha,Pdhb,Glud1,Ogdhl,Tkt,Aco2,Gpt,Ehhadh,Rgn,Me2,Psat1,Gldc,Got1,Shmt2,Echs1,Taldo1,Prps2,Cps1,Agxt,Fh1,Cat,Hao1,Idh3b,Acss1,Acss2,Hao2,Aldob,H6pd,Psph,Acads,Sdsl,Me3,Pdha1,Prps1,Got2,Gpt2,Pgls,Acat1,Dlat,Pkm,Me1,Pccb,Amt,Pklr,Gcsh,Pcca,Got1l1,Hibch,Glyctk,Mcee,Gpi1,Hk3,Csl,Pgp,Idh3g,Pfkm,Idnk,Dlst,Acox1,Acox3,Pcx,Rpia,Phgdh,Suclg1,Mthfr,Eno1b,Aldoart2,Pgk1,Pgd,Aldh6a1,Aldoa,Fbp1,Ogdh,Idh1,Mdh1,Gck,Aco1,Idh2,Eno3,Dld,Sdhc,Rpe,Hk1,Gapdh,Pfkp,Hadha,Sucla2,Acat3,Idh3a,Tpi1,Mmut,Prps1l3,Prps1l1,Esd,4933405O20Rik,Tktl2,Sds,Eno4,Suclg2,Adpgk,Tkfc
mmu05140	Leishmaniasis	65	0.915277	bottom	0.00015	ks	10090.ENSMUSP00000000161,10090.ENSMUSP00000000299,10090.ENSMUSP00000000889,10090.ENSMUSP00000002678,10090.ENSMUSP00000003687,10090.ENSMUSP00000004377,10090.ENSMUSP00000004949,10090.ENSMUSP00000004990,10090.ENSMUSP00000009550,10090.ENSMUSP00000015484,10090.ENSMUSP00000016094,10090.ENSMUSP00000017604,10090.ENSMUSP00000018610,10090.ENSMUSP00000020188,10090.ENSMUSP00000021413,10090.ENSMUSP00000021674,10090.ENSMUSP00000023050,10090.ENSMUSP00000023687,10090.ENSMUSP00000024988,10090.ENSMUSP00000025192,10090.ENSMUSP00000025263,10090.ENSMUSP00000025867,10090.ENSMUSP00000028881,10090.ENSMUSP00000028882,10090.ENSMUSP00000029623,10090.ENSMUSP00000029748,10090.ENSMUSP00000029812,10090.ENSMUSP00000032815,10090.ENSMUSP00000035065,10090.ENSMUSP00000035092,10090.ENSMUSP00000037088,10090.ENSMUSP00000040307,10090.ENSMUSP00000041008,10090.ENSMUSP00000042457,10090.ENSMUSP00000043526,10090.ENSMUSP00000045770,10090.ENSMUSP00000046105,10090.ENSMUSP00000051619,10090.ENSMUSP00000054556,10090.ENSMUSP00000055637,10090.ENSMUSP00000056814,10090.ENSMUSP00000063800,10090.ENSMUSP00000064394,10090.ENSMUSP00000065983,10090.ENSMUSP00000068468,10090.ENSMUSP00000070019,10090.ENSMUSP00000074471,10090.ENSMUSP00000074902,10090.ENSMUSP00000077873,10090.ENSMUSP00000086204,10090.ENSMUSP00000086207,10090.ENSMUSP00000087457,10090.ENSMUSP00000092985,10090.ENSMUSP00000094084,10090.ENSMUSP00000099718,10090.ENSMUSP00000102711,10090.ENSMUSP00000103446,10090.ENSMUSP00000109870,10090.ENSMUSP00000121266,10090.ENSMUSP00000125867,10090.ENSMUSP00000131938,10090.ENSMUSP00000140404,10090.ENSMUSP00000141132,10090.ENSMUSP00000156387,10090.ENSMUSP00000158533	Itgb2l,Itgb2,Il4,Tgfb1,Tgfb3,Ptpn6,Traf6,Mapk14,Elk1,Cybb,Ncf1,Cyba,Nos2,Ifngr1,Nfkbia,Fos,Tab1,Ifngr2,C3,H2-Oa,Tnf,Rela,Il1b,Il1a,Tlr2,Fcgr1,Nfkb1,Nfkbib,Ptgs2,Myd88,H2-DMa,Map3k7,H2-Ab1,Eef1a1,H2-DMb2,Tlr4,H2-Aa,Mapk3,Eef1a2,Marcksl1,H2-Eb2,Ifng,Jak2,Mapk1,Itgam,Prkcb,Irak4,Cr1l,Fcgr4,Mapk11,Mapk12,Itgb1,H2-Ob,Ncf4,Itga4,Jun,Il12a,H2-DMb1,Tab2,Il12b,Fcgr3,Ncf2,Stat1,Mapk13,H2-Eb1
mmu05332	Graft-versus-host disease	43	1.06425	bottom	0.00023	ks	10090.ENSMUSP00000000834,10090.ENSMUSP00000015581,10090.ENSMUSP00000023845,10090.ENSMUSP00000025181,10090.ENSMUSP00000025192,10090.ENSMUSP00000025263,10090.ENSMUSP00000025691,10090.ENSMUSP00000026845,10090.ENSMUSP00000027165,10090.ENSMUSP00000028881,10090.ENSMUSP00000028882,10090.ENSMUSP00000029275,10090.ENSMUSP00000032270,10090.ENSMUSP00000035687,10090.ENSMUSP00000037088,10090.ENSMUSP00000040558,10090.ENSMUSP00000041008,10090.ENSMUSP00000043526,10090.ENSMUSP00000046105,10090.ENSMUSP00000056814,10090.ENSMUSP00000063800,10090.ENSMUSP00000071843,10090.ENSMUSP00000072942,10090.ENSMUSP00000078138,10090.ENSMUSP00000078927,10090.ENSMUSP00000080159,10090.ENSMUSP00000087047,10090.ENSMUSP00000092985,10090.ENSMUSP00000099736,10090.ENSMUSP00000099739,10090.ENSMUSP00000107694,10090.ENSMUSP00000108732,10090.ENSMUSP00000109371,10090.ENSMUSP00000109389,10090.ENSMUSP00000109870,10090.ENSMUSP00000131297,10090.ENSMUSP00000131365,10090.ENSMUSP00000134163,10090.ENSMUSP00000134550,10090.ENSMUSP00000134570,10090.ENSMUSP00000151354,10090.ENSMUSP00000156031,10090.ENSMUSP00000158533	Fasl,Gzmb,H2-M10.2,H2-K1,H2-Oa,Tnf,Fas,Il6,Cd28,Il1b,Il1a,Il2,Klrc1,H2-M3,H2-DMa,Gm7030,H2-Ab1,H2-DMb2,H2-Aa,H2-Eb2,Ifng,H2-Q7,H2-Q1,H2-Q2,H2-T22,H2-Q4,Cd86,H2-Ob,H2-T3,H2-T23,Klrd1,Kir3dl2,Gm11127,H2-T24,H2-DMb1,H2-M2,H2-M5,H2-Q10,H2-Q6,H2-D1,Prf1,Cd80,H2-Eb1
mmu04070	Phosphatidylinositol signaling system	91	0.443462	top	0.00039	ks	10090.ENSMUSP00000001202,10090.ENSMUSP00000003850,10090.ENSMUSP00000006912,10090.ENSMUSP00000010804,10090.ENSMUSP00000013807,10090.ENSMUSP00000013970,10090.ENSMUSP00000015358,10090.ENSMUSP00000018691,10090.ENSMUSP00000019514,10090.ENSMUSP00000022563,10090.ENSMUSP00000025046,10090.ENSMUSP00000025403,10090.ENSMUSP00000025800,10090.ENSMUSP00000025912,10090.ENSMUSP00000026270,10090.ENSMUSP00000026414,10090.ENSMUSP00000026550,10090.ENSMUSP00000027271,10090.ENSMUSP00000027362,10090.ENSMUSP00000027517,10090.ENSMUSP00000028758,10090.ENSMUSP00000029201,10090.ENSMUSP00000029875,10090.ENSMUSP00000030464,10090.ENSMUSP00000031081,10090.ENSMUSP00000031273,10090.ENSMUSP00000032192,10090.ENSMUSP00000032356,10090.ENSMUSP00000032920,10090.ENSMUSP00000034296,10090.ENSMUSP00000034396,10090.ENSMUSP00000034777,10090.ENSMUSP00000035037,10090.ENSMUSP00000035214,10090.ENSMUSP00000037900,10090.ENSMUSP00000038150,10090.ENSMUSP00000038225,10090.ENSMUSP00000043401,10090.ENSMUSP00000043851,10090.ENSMUSP00000045910,10090.ENSMUSP00000046027,10090.ENSMUSP00000048057,10090.ENSMUSP00000049584,10090.ENSMUSP00000056774,10090.ENSMUSP00000057632,10090.ENSMUSP00000057859,10090.ENSMUSP00000062392,10090.ENSMUSP00000067591,10090.ENSMUSP00000068174,10090.ENSMUSP00000069284,10090.ENSMUSP00000069851,10090.ENSMUSP00000070019,10090.ENSMUSP00000074290,10090.ENSMUSP00000076911,10090.ENSMUSP00000079991,10090.ENSMUSP00000082013,10090.ENSMUSP00000082091,10090.ENSMUSP00000087371,10090.ENSMUSP00000092375,10090.ENSMUSP00000095314,10090.ENSMUSP00000097874,10090.ENSMUSP00000099071,10090.ENSMUSP00000099366,10090.ENSMUSP00000099404,10090.ENSMUSP00000099468,10090.ENSMUSP00000099470,10090.ENSMUSP00000099583,10090.ENSMUSP00000101315,10090.ENSMUSP00000102852,10090.ENSMUSP00000102872,10090.ENSMUSP00000103526,10090.ENSMUSP00000105569,10090.ENSMUSP00000105736,10090.ENSMUSP00000105743,10090.ENSMUSP00000106934,10090.ENSMUSP00000107499,10090.ENSMUSP00000108771,10090.ENSMUSP00000111457,10090.ENSMUSP00000111479,10090.ENSMUSP00000112568,10090.ENSMUSP00000113308,10090.ENSMUSP00000119485,10090.ENSMUSP00000121803,10090.ENSMUSP00000124782,10090.ENSMUSP00000125798,10090.ENSMUSP00000126092,10090.ENSMUSP00000127941,10090.ENSMUSP00000130604,10090.ENSMUSP00000150541,10090.ENSMUSP00000152331,10090.ENSMUSP00000156049	Ocrl,Itpkc,Pip4k2a,Plcd1,Pten,Pip4k2c,Mtmr1,Pip4k2b,Calm3,Mtmr6,Ip6k3,Impa2,Pip5k1b,Plcb3,Sacm1l,Dgka,Inpp5a,Inpp1,Plcd4,Dgkd,Itpka,Pik3ca,Pip4p2,Pik3r3,Pi4k2b,Cds1,Itpr1,Plcz1,Cdipt,Pik3r2,Mtmr2,Calml4,Pik3cb,Ip6k1,Dgkb,Itpr3,Pip5k1c,Ppip5k2,Mtmr7,Inpp5f,Itpk1,Inppl1,Itpr2,Pik3r1,Ppip5k1,Dgkq,Prkca,Dgkk,Impa1,Pi4k2a,Itpkb,Prkcb,Dgkh,Pik3c2b,Plcg2,Impad1,Ip6k2,Dgkg,Inpp5b,Pikfyve,Prkcg,Dgki,Plcd3,Plcg1,Mtmr4,Cds2,Plcb2,Pik3cd,Pip5k1a,Pi4kb,Dgke,Mtmr3,Plcb4,Plcb1,Dgkz,Pik3c2g,Mtmr14,Synj2,Pik3c3,Ipmk,Synj1,Inpp5e,Inpp4a,Pip4p1,Mtm1,Pik3c2a,Inpp5d,Plce1,Inpp4b,Ippk,Pi4ka
mmu00480	Glutathione metabolism	66	0.566108	bottom	0.00063	ks	10090.ENSMUSP00000001713,10090.ENSMUSP00000001715,10090.ENSMUSP00000004134,10090.ENSMUSP00000004136,10090.ENSMUSP00000004137,10090.ENSMUSP00000004140,10090.ENSMUSP00000004327,10090.ENSMUSP00000004453,10090.ENSMUSP00000006508,10090.ENSMUSP00000006611,10090.ENSMUSP00000012348,10090.ENSMUSP00000020980,10090.ENSMUSP00000022282,10090.ENSMUSP00000022901,10090.ENSMUSP00000023884,10090.ENSMUSP00000026050,10090.ENSMUSP00000027067,10090.ENSMUSP00000028005,10090.ENSMUSP00000028780,10090.ENSMUSP00000029131,10090.ENSMUSP00000029489,10090.ENSMUSP00000029769,10090.ENSMUSP00000030296,10090.ENSMUSP00000030332,10090.ENSMUSP00000031897,10090.ENSMUSP00000031982,10090.ENSMUSP00000032073,10090.ENSMUSP00000032074,10090.ENSMUSP00000033283,10090.ENSMUSP00000033992,10090.ENSMUSP00000034902,10090.ENSMUSP00000034903,10090.ENSMUSP00000034905,10090.ENSMUSP00000038931,10090.ENSMUSP00000040222,10090.ENSMUSP00000044587,10090.ENSMUSP00000052592,10090.ENSMUSP00000071636,10090.ENSMUSP00000072074,10090.ENSMUSP00000075773,10090.ENSMUSP00000078630,10090.ENSMUSP00000081010,10090.ENSMUSP00000081011,10090.ENSMUSP00000081012,10090.ENSMUSP00000081141,10090.ENSMUSP00000093431,10090.ENSMUSP00000094863,10090.ENSMUSP00000095316,10090.ENSMUSP00000096705,10090.ENSMUSP00000098942,10090.ENSMUSP00000102296,10090.ENSMUSP00000103007,10090.ENSMUSP00000103015,10090.ENSMUSP00000108148,10090.ENSMUSP00000112923,10090.ENSMUSP00000113211,10090.ENSMUSP00000120154,10090.ENSMUSP00000123947,10090.ENSMUSP00000125604,10090.ENSMUSP00000128661,10090.ENSMUSP00000129100,10090.ENSMUSP00000129565,10090.ENSMUSP00000133846,10090.ENSMUSP00000140159,10090.ENSMUSP00000151239,10090.ENSMUSP00000158936	Gstt1,Gstt3,Gstm5,Gstm3,Gstm7,Gstm1,G6pdx,Gpx6,Ggt1,Srm,Gstm2,Rrm2,Gpx8,Rrm2b,Ldc1,Gsto1,Gsta3,Mgst3,Chac1,Ggt7,Gstm4,Gclm,Txndc12,Gpx7,Gstk1,Hpgds,Nat8,Nat8f5,Rrm1,Gsr,Gsta2,Gsta4,Gclc,Gstp2,Lap3,Nat8f2,Gsto2,Prdx6,Ggt5,Ggt6,Gss,Gpx1,Gpx3,Gpx2,Pgd,Nat8f3,Gpx4,Idh1,Mgst2,Chac2,Gstm6,Idh2,Anpep,Sms,Mgst1,Gm10639,Ggct,Nat8f7,Gstt4,Odc1,Oplah,Gstp1,Nat8f6,Gstp3,Gstt2,Nat8f1
mmu05330	Allograft rejection	43	0.944375	bottom	0.00097	ks	10090.ENSMUSP00000000834,10090.ENSMUSP00000000889,10090.ENSMUSP00000015581,10090.ENSMUSP00000017799,10090.ENSMUSP00000023845,10090.ENSMUSP00000025181,10090.ENSMUSP00000025192,10090.ENSMUSP00000025263,10090.ENSMUSP00000025691,10090.ENSMUSP00000027165,10090.ENSMUSP00000029275,10090.ENSMUSP00000033466,10090.ENSMUSP00000035687,10090.ENSMUSP00000037088,10090.ENSMUSP00000040558,10090.ENSMUSP00000041008,10090.ENSMUSP00000043369,10090.ENSMUSP00000043526,10090.ENSMUSP00000046105,10090.ENSMUSP00000056814,10090.ENSMUSP00000063800,10090.ENSMUSP00000071843,10090.ENSMUSP00000072942,10090.ENSMUSP00000078138,10090.ENSMUSP00000078927,10090.ENSMUSP00000080159,10090.ENSMUSP00000087047,10090.ENSMUSP00000092985,10090.ENSMUSP00000099736,10090.ENSMUSP00000099739,10090.ENSMUSP00000103446,10090.ENSMUSP00000109371,10090.ENSMUSP00000109389,10090.ENSMUSP00000109870,10090.ENSMUSP00000125867,10090.ENSMUSP00000131297,10090.ENSMUSP00000131365,10090.ENSMUSP00000134163,10090.ENSMUSP00000134550,10090.ENSMUSP00000134570,10090.ENSMUSP00000151354,10090.ENSMUSP00000156031,10090.ENSMUSP00000158533	Fasl,Il4,Gzmb,Cd40,H2-M10.2,H2-K1,H2-Oa,Tnf,Fas,Cd28,Il2,Cd40lg,H2-M3,H2-DMa,Gm7030,H2-Ab1,Il5,H2-DMb2,H2-Aa,H2-Eb2,Ifng,H2-Q7,H2-Q1,H2-Q2,H2-T22,H2-Q4,Cd86,H2-Ob,H2-T3,H2-T23,Il12a,Gm11127,H2-T24,H2-DMb1,Il12b,H2-M2,H2-M5,H2-Q10,H2-Q6,H2-D1,Prf1,Cd80,H2-Eb1
mmu04610	Complement and coagulation cascades	88	0.422516	bottom	0.0014	ks	10090.ENSMUSP00000000161,10090.ENSMUSP00000000299,10090.ENSMUSP00000001652,10090.ENSMUSP00000002284,10090.ENSMUSP00000014578,10090.ENSMUSP00000017488,10090.ENSMUSP00000021948,10090.ENSMUSP00000022182,10090.ENSMUSP00000022368,10090.ENSMUSP00000022576,10090.ENSMUSP00000022616,10090.ENSMUSP00000022749,10090.ENSMUSP00000023450,10090.ENSMUSP00000023589,10090.ENSMUSP00000023629,10090.ENSMUSP00000023965,10090.ENSMUSP00000023994,10090.ENSMUSP00000024988,10090.ENSMUSP00000025229,10090.ENSMUSP00000025230,10090.ENSMUSP00000025797,10090.ENSMUSP00000026907,10090.ENSMUSP00000027615,10090.ENSMUSP00000027650,10090.ENSMUSP00000027657,10090.ENSMUSP00000028233,10090.ENSMUSP00000028681,10090.ENSMUSP00000029140,10090.ENSMUSP00000029771,10090.ENSMUSP00000031663,10090.ENSMUSP00000032203,10090.ENSMUSP00000033053,10090.ENSMUSP00000033477,10090.ENSMUSP00000033539,10090.ENSMUSP00000033820,10090.ENSMUSP00000033821,10090.ENSMUSP00000033941,10090.ENSMUSP00000034064,10090.ENSMUSP00000036747,10090.ENSMUSP00000039472,10090.ENSMUSP00000039586,10090.ENSMUSP00000040246,10090.ENSMUSP00000041855,10090.ENSMUSP00000045335,10090.ENSMUSP00000045443,10090.ENSMUSP00000048092,10090.ENSMUSP00000048667,10090.ENSMUSP00000048704,10090.ENSMUSP00000048836,10090.ENSMUSP00000049729,10090.ENSMUSP00000051521,10090.ENSMUSP00000054426,10090.ENSMUSP00000061754,10090.ENSMUSP00000063707,10090.ENSMUSP00000067541,10090.ENSMUSP00000068468,10090.ENSMUSP00000068971,10090.ENSMUSP00000069418,10090.ENSMUSP00000072652,10090.ENSMUSP00000073695,10090.ENSMUSP00000074902,10090.ENSMUSP00000077074,10090.ENSMUSP00000077909,10090.ENSMUSP00000080938,10090.ENSMUSP00000083204,10090.ENSMUSP00000087327,10090.ENSMUSP00000087912,10090.ENSMUSP00000092065,10090.ENSMUSP00000096877,10090.ENSMUSP00000097623,10090.ENSMUSP00000106317,10090.ENSMUSP00000107347,10090.ENSMUSP00000107607,10090.ENSMUSP00000107873,10090.ENSMUSP00000108107,10090.ENSMUSP00000113606,10090.ENSMUSP00000123931,10090.ENSMUSP00000124417,10090.ENSMUSP00000125531,10090.ENSMUSP00000129972,10090.ENSMUSP00000132774,10090.ENSMUSP00000133117,10090.ENSMUSP00000139376,10090.ENSMUSP00000139941,10090.ENSMUSP00000141648,10090.ENSMUSP00000151642,10090.ENSMUSP00000153147,10090.ENSMUSP00000157269	Itgb2l,Itgb2,Bdkrb2,Plaur,Plg,Vtn,F12,F2rl2,Plau,Cpb2,Clu,C9,Serpind1,Kng1,Pros1,Cfhr1,Serping1,C3,Cfb,C2,Mbl2,Klkb1,F13b,Cd55,C4bp,Hc,F2,Procr,F3,C8b,A2m,Itgax,F9,F8,F7,F10,Plat,F11,C1qc,Fgb,Serpine1,C1qb,C8g,Bdkrb1,Zp3r,C3ar1,F13a1,Serpinf2,C1qa,Masp2,Vsig4,F2rl3,F2r,C1ra,C8a,Itgam,Serpinc1,C4b,Serpina1a,Serpina1c,Cr1l,Cfi,Serpina1d,Cr2,F5,Masp1,Cd59b,Cfhr2,Thbd,Kng2,C7,Tfpi,Cfh,Vwf,Cd55b,Serpina1e,Cd46,C6,C1s1,C5ar1,Cd59a,Fga,C1rb,Serpina1b,Fgg,C1s2,Mbl1,Proc
mmu00980	Metabolism of xenobiotics by cytochrome P450	57	0.425339	bottom	0.0020	ks	10090.ENSMUSP00000001713,10090.ENSMUSP00000001715,10090.ENSMUSP00000003100,10090.ENSMUSP00000004134,10090.ENSMUSP00000004136,10090.ENSMUSP00000004137,10090.ENSMUSP00000004140,10090.ENSMUSP00000004232,10090.ENSMUSP00000005964,10090.ENSMUSP00000011526,10090.ENSMUSP00000012348,10090.ENSMUSP00000013458,10090.ENSMUSP00000016338,10090.ENSMUSP00000019246,10090.ENSMUSP00000024894,10090.ENSMUSP00000026050,10090.ENSMUSP00000026148,10090.ENSMUSP00000026552,10090.ENSMUSP00000027067,10090.ENSMUSP00000028005,10090.ENSMUSP00000029489,10090.ENSMUSP00000031181,10090.ENSMUSP00000031183,10090.ENSMUSP00000031186,10090.ENSMUSP00000031195,10090.ENSMUSP00000031897,10090.ENSMUSP00000031982,10090.ENSMUSP00000034860,10090.ENSMUSP00000034902,10090.ENSMUSP00000034903,10090.ENSMUSP00000038931,10090.ENSMUSP00000041175,10090.ENSMUSP00000047551,10090.ENSMUSP00000047712,10090.ENSMUSP00000049394,10090.ENSMUSP00000052592,10090.ENSMUSP00000056276,10090.ENSMUSP00000066897,10090.ENSMUSP00000068282,10090.ENSMUSP00000073444,10090.ENSMUSP00000073459,10090.ENSMUSP00000087633,10090.ENSMUSP00000092233,10090.ENSMUSP00000096705,10090.ENSMUSP00000102296,10090.ENSMUSP00000104165,10090.ENSMUSP00000108759,10090.ENSMUSP00000108763,10090.ENSMUSP00000112923,10090.ENSMUSP00000113211,10090.ENSMUSP00000115356,10090.ENSMUSP00000125604,10090.ENSMUSP00000129565,10090.ENSMUSP00000136334,10090.ENSMUSP00000140159,10090.ENSMUSP00000150277,10090.ENSMUSP00000151239	Gstt1,Gstt3,Cyp2f2,Gstm5,Gstm3,Gstm7,Gstm1,Adh1,Adh5,Dhdh,Gstm2,Adh4,Hsd11b1,Aldh3a1,Cyp1b1,Gsto1,Cbr2,Cyp2e1,Gsta3,Mgst3,Gstm4,Ugt2b34,Ugt2b1,Ugt2b35,Ugt2a3,Gstk1,Hpgds,Cyp1a2,Gsta2,Gsta4,Gstp2,Cyp2s1,Ephx1,Cbr3,Cbr1,Gsto2,Aldh3b1,Sult2a8,Ugt2b5,Ugt1a9,Akr7a5,Adh7,Ugt2b36,Mgst2,Gstm6,Sult2a5,Ugt1a6a,Ugt1a6b,Mgst1,Gm10639,Aldh3b2,Gstt4,Gstp1,Aldh3b3,Gstp3,Cyp1a1,Gstt2
mmu00562	Inositol phosphate metabolism	71	0.326633	top	0.0026	ks	10090.ENSMUSP00000001202,10090.ENSMUSP00000003850,10090.ENSMUSP00000006286,10090.ENSMUSP00000006912,10090.ENSMUSP00000010804,10090.ENSMUSP00000013807,10090.ENSMUSP00000013970,10090.ENSMUSP00000015358,10090.ENSMUSP00000018691,10090.ENSMUSP00000022563,10090.ENSMUSP00000025403,10090.ENSMUSP00000025800,10090.ENSMUSP00000025827,10090.ENSMUSP00000025912,10090.ENSMUSP00000026270,10090.ENSMUSP00000026550,10090.ENSMUSP00000027271,10090.ENSMUSP00000027362,10090.ENSMUSP00000028758,10090.ENSMUSP00000029201,10090.ENSMUSP00000031081,10090.ENSMUSP00000032356,10090.ENSMUSP00000032920,10090.ENSMUSP00000034396,10090.ENSMUSP00000035037,10090.ENSMUSP00000038225,10090.ENSMUSP00000039598,10090.ENSMUSP00000043851,10090.ENSMUSP00000045910,10090.ENSMUSP00000046027,10090.ENSMUSP00000046625,10090.ENSMUSP00000048057,10090.ENSMUSP00000051282,10090.ENSMUSP00000062864,10090.ENSMUSP00000068174,10090.ENSMUSP00000069284,10090.ENSMUSP00000069851,10090.ENSMUSP00000076911,10090.ENSMUSP00000079991,10090.ENSMUSP00000081122,10090.ENSMUSP00000082288,10090.ENSMUSP00000092375,10090.ENSMUSP00000095314,10090.ENSMUSP00000099366,10090.ENSMUSP00000099404,10090.ENSMUSP00000099468,10090.ENSMUSP00000099583,10090.ENSMUSP00000101256,10090.ENSMUSP00000101315,10090.ENSMUSP00000102852,10090.ENSMUSP00000102872,10090.ENSMUSP00000105569,10090.ENSMUSP00000105736,10090.ENSMUSP00000105743,10090.ENSMUSP00000107499,10090.ENSMUSP00000108771,10090.ENSMUSP00000111457,10090.ENSMUSP00000111479,10090.ENSMUSP00000112568,10090.ENSMUSP00000113308,10090.ENSMUSP00000119485,10090.ENSMUSP00000121803,10090.ENSMUSP00000125798,10090.ENSMUSP00000126092,10090.ENSMUSP00000127941,10090.ENSMUSP00000130604,10090.ENSMUSP00000130858,10090.ENSMUSP00000148077,10090.ENSMUSP00000150541,10090.ENSMUSP00000152331,10090.ENSMUSP00000156049	Ocrl,Itpkc,Inpp5k,Pip4k2a,Plcd1,Pten,Pip4k2c,Mtmr1,Pip4k2b,Mtmr6,Impa2,Pip5k1b,Minpp1,Plcb3,Sacm1l,Inpp5a,Inpp1,Plcd4,Itpka,Pik3ca,Pi4k2b,Plcz1,Cdipt,Mtmr2,Pik3cb,Pip5k1c,Fig4,Mtmr7,Inpp5f,Itpk1,Inpp5j,Inppl1,Pip5kl1,Pik3cg,Impa1,Pi4k2a,Itpkb,Pik3c2b,Plcg2,Plch1,Aldh6a1,Inpp5b,Pikfyve,Plcd3,Plcg1,Mtmr4,Plcb2,Plch2,Pik3cd,Pip5k1a,Pi4kb,Mtmr3,Plcb4,Plcb1,Pik3c2g,Mtmr14,Synj2,Pik3c3,Ipmk,Synj1,Inpp5e,Inpp4a,Mtm1,Pik3c2a,Inpp5d,Plce1,Tpi1,Isyna1,Inpp4b,Ippk,Pi4ka
mmu00983	Drug metabolism - other enzymes	76	0.595076	bottom	0.0031	ks	10090.ENSMUSP00000001713,10090.ENSMUSP00000001715,10090.ENSMUSP00000002625,10090.ENSMUSP00000004134,10090.ENSMUSP00000004136,10090.ENSMUSP00000004137,10090.ENSMUSP00000004140,10090.ENSMUSP00000012348,10090.ENSMUSP00000020677,10090.ENSMUSP00000020779,10090.ENSMUSP00000020980,10090.ENSMUSP00000021217,10090.ENSMUSP00000021806,10090.ENSMUSP00000022901,10090.ENSMUSP00000022915,10090.ENSMUSP00000023285,10090.ENSMUSP00000023510,10090.ENSMUSP00000024866,10090.ENSMUSP00000025007,10090.ENSMUSP00000026050,10090.ENSMUSP00000026552,10090.ENSMUSP00000026613,10090.ENSMUSP00000026661,10090.ENSMUSP00000026677,10090.ENSMUSP00000026723,10090.ENSMUSP00000027067,10090.ENSMUSP00000028005,10090.ENSMUSP00000029405,10090.ENSMUSP00000029489,10090.ENSMUSP00000030491,10090.ENSMUSP00000030535,10090.ENSMUSP00000031181,10090.ENSMUSP00000031183,10090.ENSMUSP00000031186,10090.ENSMUSP00000031195,10090.ENSMUSP00000033283,10090.ENSMUSP00000034172,10090.ENSMUSP00000034173,10090.ENSMUSP00000034178,10090.ENSMUSP00000034189,10090.ENSMUSP00000034346,10090.ENSMUSP00000034355,10090.ENSMUSP00000034902,10090.ENSMUSP00000034903,10090.ENSMUSP00000035053,10090.ENSMUSP00000038931,10090.ENSMUSP00000039429,10090.ENSMUSP00000049315,10090.ENSMUSP00000049342,10090.ENSMUSP00000050398,10090.ENSMUSP00000052592,10090.ENSMUSP00000053616,10090.ENSMUSP00000058567,10090.ENSMUSP00000060202,10090.ENSMUSP00000063005,10090.ENSMUSP00000068282,10090.ENSMUSP00000069359,10090.ENSMUSP00000073444,10090.ENSMUSP00000079888,10090.ENSMUSP00000080767,10090.ENSMUSP00000092233,10090.ENSMUSP00000096705,10090.ENSMUSP00000099482,10090.ENSMUSP00000102296,10090.ENSMUSP00000108759,10090.ENSMUSP00000108763,10090.ENSMUSP00000112923,10090.ENSMUSP00000113211,10090.ENSMUSP00000117022,10090.ENSMUSP00000124931,10090.ENSMUSP00000125604,10090.ENSMUSP00000129565,10090.ENSMUSP00000130065,10090.ENSMUSP00000140159,10090.ENSMUSP00000141963,10090.ENSMUSP00000151239	Gstt1,Gstt3,Uck1,Gstm5,Gstm3,Gstm7,Gstm1,Gstm2,Upp1,Mpo,Rrm2,Nme2,Tpmt,Rrm2b,Dpys,Tymp,Umps,Xdh,Nme4,Gsto1,Cyp2e1,Gusb,Tk1,Nat1,Hprt,Gsta3,Mgst3,Gmps,Gstm4,Cmpk1,Cda,Ugt2b34,Ugt2b1,Ugt2b35,Ugt2a3,Rrm1,Ces1d,Ces1e,Ces1f,Ces1c,Ces2a,Ces2e,Gsta2,Gsta4,Nme6,Gstp2,Dpyd,Ces2g,Upb1,Uckl1,Gsto2,Tk2,Ces2c,Uck2,Ces2b,Ugt2b5,Nat3,Ugt1a9,Impdh2,Dut,Ugt2b36,Mgst2,Itpa,Gstm6,Ugt1a6a,Ugt1a6b,Mgst1,Gm10639,Nme1,Impdh1,Gstt4,Gstp1,Nat2,Gstp3,Nme7,Gstt2
mmu04940	Type I diabetes mellitus	50	0.787266	bottom	0.0044	ks	10090.ENSMUSP00000000834,10090.ENSMUSP00000015581,10090.ENSMUSP00000023845,10090.ENSMUSP00000025181,10090.ENSMUSP00000025192,10090.ENSMUSP00000025263,10090.ENSMUSP00000025266,10090.ENSMUSP00000025691,10090.ENSMUSP00000027123,10090.ENSMUSP00000027165,10090.ENSMUSP00000027404,10090.ENSMUSP00000028123,10090.ENSMUSP00000028881,10090.ENSMUSP00000028882,10090.ENSMUSP00000029275,10090.ENSMUSP00000035687,10090.ENSMUSP00000037088,10090.ENSMUSP00000040062,10090.ENSMUSP00000040558,10090.ENSMUSP00000041008,10090.ENSMUSP00000043526,10090.ENSMUSP00000046105,10090.ENSMUSP00000048555,10090.ENSMUSP00000056814,10090.ENSMUSP00000063800,10090.ENSMUSP00000064046,10090.ENSMUSP00000071843,10090.ENSMUSP00000072942,10090.ENSMUSP00000078138,10090.ENSMUSP00000078927,10090.ENSMUSP00000080159,10090.ENSMUSP00000087047,10090.ENSMUSP00000092539,10090.ENSMUSP00000092985,10090.ENSMUSP00000099736,10090.ENSMUSP00000099739,10090.ENSMUSP00000103446,10090.ENSMUSP00000109371,10090.ENSMUSP00000109389,10090.ENSMUSP00000109870,10090.ENSMUSP00000125867,10090.ENSMUSP00000131297,10090.ENSMUSP00000131365,10090.ENSMUSP00000134163,10090.ENSMUSP00000134550,10090.ENSMUSP00000134570,10090.ENSMUSP00000147425,10090.ENSMUSP00000151354,10090.ENSMUSP00000156031,10090.ENSMUSP00000158533	Fasl,Gzmb,H2-M10.2,H2-K1,H2-Oa,Tnf,Lta,Fas,Hspd1,Cd28,Ptprn,Gad2,Il1b,Il1a,Il2,H2-M3,H2-DMa,Ica1,Gm7030,H2-Ab1,H2-DMb2,H2-Aa,Cpe,H2-Eb2,Ifng,Ptprn2,H2-Q7,H2-Q1,H2-Q2,H2-T22,H2-Q4,Cd86,Gad1,H2-Ob,H2-T3,H2-T23,Il12a,Gm11127,H2-T24,H2-DMb1,Il12b,H2-M2,H2-M5,H2-Q10,H2-Q6,H2-D1,Ins2,Prf1,Cd80,H2-Eb1
mmu00010	Glycolysis / Gluconeogenesis	59	0.4022	bottom	0.0068	ks	10090.ENSMUSP00000000642,10090.ENSMUSP00000004232,10090.ENSMUSP00000004378,10090.ENSMUSP00000005964,10090.ENSMUSP00000011896,10090.ENSMUSP00000013458,10090.ENSMUSP00000017534,10090.ENSMUSP00000019246,10090.ENSMUSP00000019469,10090.ENSMUSP00000020277,10090.ENSMUSP00000020522,10090.ENSMUSP00000020768,10090.ENSMUSP00000021907,10090.ENSMUSP00000022268,10090.ENSMUSP00000025827,10090.ENSMUSP00000028004,10090.ENSMUSP00000028944,10090.ENSMUSP00000029017,10090.ENSMUSP00000029135,10090.ENSMUSP00000029987,10090.ENSMUSP00000030455,10090.ENSMUSP00000031411,10090.ENSMUSP00000032373,10090.ENSMUSP00000033662,10090.ENSMUSP00000034567,10090.ENSMUSP00000034834,10090.ENSMUSP00000035417,10090.ENSMUSP00000038555,10090.ENSMUSP00000040580,10090.ENSMUSP00000041260,10090.ENSMUSP00000047393,10090.ENSMUSP00000049355,10090.ENSMUSP00000051215,10090.ENSMUSP00000056276,10090.ENSMUSP00000059801,10090.ENSMUSP00000061227,10090.ENSMUSP00000065089,10090.ENSMUSP00000073764,10090.ENSMUSP00000075513,10090.ENSMUSP00000077995,10090.ENSMUSP00000079022,10090.ENSMUSP00000080302,10090.ENSMUSP00000084582,10090.ENSMUSP00000084846,10090.ENSMUSP00000087633,10090.ENSMUSP00000090564,10090.ENSMUSP00000099984,10090.ENSMUSP00000104188,10090.ENSMUSP00000106481,10090.ENSMUSP00000111946,10090.ENSMUSP00000113942,10090.ENSMUSP00000115356,10090.ENSMUSP00000117030,10090.ENSMUSP00000130858,10090.ENSMUSP00000136334,10090.ENSMUSP00000138634,10090.ENSMUSP00000144272,10090.ENSMUSP00000148107,10090.ENSMUSP00000149882	Hk2,Adh1,Eno2,Adh5,Pgam1,Adh4,Aldoc,Aldh3a1,G6pc,Hkdc1,Pfkl,Pgam2,Fbp2,Pdhb,Minpp1,Aldh9a1,Acss1,Pck1,Acss2,Aldob,Akr1a1,Aldh2,Ldhb,Pdha1,Dlat,Pkm,Pklr,Pck2,Galm,Aldh1b1,Bpgm,Gpi1,Hk3,Aldh3b1,Pfkm,Pgm1,Aldh7a1,Aldh3a2,Eno1b,G6pc3,Aldoart2,Pgk1,Pgm2,Aldoa,Adh7,Fbp1,Gck,Eno3,Dld,Hk1,Gapdh,Aldh3b2,Pfkp,Tpi1,Aldh3b3,Gapdhs,Eno4,Ldha,Adpgk
mmu05133	Pertussis	67	0.631392	bottom	0.0068	ks	10090.ENSMUSP00000000001,10090.ENSMUSP00000000161,10090.ENSMUSP00000000299,10090.ENSMUSP00000003284,10090.ENSMUSP00000004949,10090.ENSMUSP00000004990,10090.ENSMUSP00000007959,10090.ENSMUSP00000018610,10090.ENSMUSP00000019514,10090.ENSMUSP00000021674,10090.ENSMUSP00000022504,10090.ENSMUSP00000023128,10090.ENSMUSP00000023994,10090.ENSMUSP00000024988,10090.ENSMUSP00000025230,10090.ENSMUSP00000025263,10090.ENSMUSP00000025867,10090.ENSMUSP00000026062,10090.ENSMUSP00000026449,10090.ENSMUSP00000026845,10090.ENSMUSP00000026881,10090.ENSMUSP00000027015,10090.ENSMUSP00000027657,10090.ENSMUSP00000028233,10090.ENSMUSP00000028881,10090.ENSMUSP00000028882,10090.ENSMUSP00000029812,10090.ENSMUSP00000031318,10090.ENSMUSP00000033056,10090.ENSMUSP00000034777,10090.ENSMUSP00000035092,10090.ENSMUSP00000036747,10090.ENSMUSP00000040245,10090.ENSMUSP00000040246,10090.ENSMUSP00000045443,10090.ENSMUSP00000045770,10090.ENSMUSP00000048836,10090.ENSMUSP00000051619,10090.ENSMUSP00000055104,10090.ENSMUSP00000055747,10090.ENSMUSP00000056669,10090.ENSMUSP00000057543,10090.ENSMUSP00000063707,10090.ENSMUSP00000065983,10090.ENSMUSP00000066239,10090.ENSMUSP00000068468,10090.ENSMUSP00000069418,10090.ENSMUSP00000074259,10090.ENSMUSP00000074471,10090.ENSMUSP00000077262,10090.ENSMUSP00000086204,10090.ENSMUSP00000086207,10090.ENSMUSP00000087457,10090.ENSMUSP00000098707,10090.ENSMUSP00000102711,10090.ENSMUSP00000103446,10090.ENSMUSP00000104548,10090.ENSMUSP00000125531,10090.ENSMUSP00000125867,10090.ENSMUSP00000127193,10090.ENSMUSP00000135435,10090.ENSMUSP00000136977,10090.ENSMUSP00000139376,10090.ENSMUSP00000147514,10090.ENSMUSP00000147767,10090.ENSMUSP00000151642,10090.ENSMUSP00000156387	Gnai3,Itgb2l,Itgb2,Irf3,Traf6,Mapk14,Rhoa,Nos2,Calm3,Fos,Mapk8,Itga5,Serping1,C3,C2,Tnf,Rela,Casp7,Il23a,Il6,Ly96,Casp1,C4bp,Hc,Il1b,Il1a,Nfkb1,Cxcl5,Pycard,Calml4,Myd88,C1qc,Irf8,C1qb,Zp3r,Tlr4,C1qa,Mapk3,Ticam1,Nod1,Cd14,Gnai2,C1ra,Mapk1,Ticam2,Itgam,C4b,Gnai1,Irak4,Cfl2,Mapk11,Mapk12,Itgb1,Nlrp3,Jun,Il12a,Irf1,C1s1,Il12b,Mapk10,Tirap,Mapk9,C1rb,Cfl1,Casp3,C1s2,Mapk13
mmu01230	Biosynthesis of amino acids	75	0.52246	bottom	0.0070	ks	10090.ENSMUSP00000004378,10090.ENSMUSP00000005826,10090.ENSMUSP00000010127,10090.ENSMUSP00000011896,10090.ENSMUSP00000017534,10090.ENSMUSP00000018744,10090.ENSMUSP00000020161,10090.ENSMUSP00000020241,10090.ENSMUSP00000020522,10090.ENSMUSP00000020768,10090.ENSMUSP00000021550,10090.ENSMUSP00000022529,10090.ENSMUSP00000023116,10090.ENSMUSP00000023203,10090.ENSMUSP00000024031,10090.ENSMUSP00000025542,10090.ENSMUSP00000025979,10090.ENSMUSP00000026196,10090.ENSMUSP00000026470,10090.ENSMUSP00000026576,10090.ENSMUSP00000026839,10090.ENSMUSP00000027144,10090.ENSMUSP00000027802,10090.ENSMUSP00000028892,10090.ENSMUSP00000029987,10090.ENSMUSP00000031399,10090.ENSMUSP00000031594,10090.ENSMUSP00000032402,10090.ENSMUSP00000033098,10090.ENSMUSP00000033230,10090.ENSMUSP00000033809,10090.ENSMUSP00000034097,10090.ENSMUSP00000034136,10090.ENSMUSP00000034834,10090.ENSMUSP00000035417,10090.ENSMUSP00000041337,10090.ENSMUSP00000048222,10090.ENSMUSP00000049605,10090.ENSMUSP00000050258,10090.ENSMUSP00000052373,10090.ENSMUSP00000056152,10090.ENSMUSP00000056502,10090.ENSMUSP00000059801,10090.ENSMUSP00000063825,10090.ENSMUSP00000064158,10090.ENSMUSP00000064755,10090.ENSMUSP00000075513,10090.ENSMUSP00000079022,10090.ENSMUSP00000080302,10090.ENSMUSP00000083375,10090.ENSMUSP00000084846,10090.ENSMUSP00000087118,10090.ENSMUSP00000095316,10090.ENSMUSP00000097442,10090.ENSMUSP00000099904,10090.ENSMUSP00000100038,10090.ENSMUSP00000103007,10090.ENSMUSP00000104188,10090.ENSMUSP00000109628,10090.ENSMUSP00000111204,10090.ENSMUSP00000113672,10090.ENSMUSP00000113942,10090.ENSMUSP00000117030,10090.ENSMUSP00000124579,10090.ENSMUSP00000127526,10090.ENSMUSP00000130858,10090.ENSMUSP00000131199,10090.ENSMUSP00000133736,10090.ENSMUSP00000133931,10090.ENSMUSP00000138215,10090.ENSMUSP00000138388,10090.ENSMUSP00000143838,10090.ENSMUSP00000144272,10090.ENSMUSP00000153488,10090.ENSMUSP00000158269	Eno2,Cs,Tktl1,Pgam1,Aldoc,Shmt1,Arg1,Pah,Pfkl,Pgam2,Arg2,Tkt,Aco2,Gpt,Acy1,Psat1,Aldh18a1,Got1,Shmt2,Taldo1,Prps2,Cps1,Pycr2,Idh3b,Aldob,Psph,Sdsl,Bcat1,Bcat2,Tha1,Prps1,Got2,Gpt2,Pkm,Pklr,Got1l1,Mat2b,Pycrl,Nags,Csl,Otc,Idh3g,Pfkm,Pcx,Rpia,Phgdh,Eno1b,Aldoart2,Pgk1,Glul,Aldoa,Mat2a,Idh1,Mtr,Ass1,Aco1,Idh2,Eno3,Rpe,Asns,Cth,Gapdh,Pfkp,Asl,Idh3a,Tpi1,Pycr1,Prps1l3,Prps1l1,4933405O20Rik,Tktl2,Sds,Eno4,Mat1a,Cbs
mmu04012	ErbB signaling pathway	80	0.216652	top	0.0090	ks	10090.ENSMUSP00000000451,10090.ENSMUSP00000001155,10090.ENSMUSP00000001780,10090.ENSMUSP00000002487,10090.ENSMUSP00000003027,10090.ENSMUSP00000005066,10090.ENSMUSP00000006293,10090.ENSMUSP00000009550,10090.ENSMUSP00000017920,10090.ENSMUSP00000020329,10090.ENSMUSP00000020564,10090.ENSMUSP00000021090,10090.ENSMUSP00000021898,10090.ENSMUSP00000022504,10090.ENSMUSP00000022971,10090.ENSMUSP00000023467,10090.ENSMUSP00000025363,10090.ENSMUSP00000025749,10090.ENSMUSP00000025910,10090.ENSMUSP00000026572,10090.ENSMUSP00000029201,10090.ENSMUSP00000029445,10090.ENSMUSP00000029653,10090.ENSMUSP00000030464,10090.ENSMUSP00000031325,10090.ENSMUSP00000032066,10090.ENSMUSP00000032399,10090.ENSMUSP00000033040,10090.ENSMUSP00000033880,10090.ENSMUSP00000034296,10090.ENSMUSP00000035037,10090.ENSMUSP00000041282,10090.ENSMUSP00000043146,10090.ENSMUSP00000044866,10090.ENSMUSP00000047285,10090.ENSMUSP00000051619,10090.ENSMUSP00000053897,10090.ENSMUSP00000056774,10090.ENSMUSP00000062392,10090.ENSMUSP00000065832,10090.ENSMUSP00000065983,10090.ENSMUSP00000067786,10090.ENSMUSP00000070019,10090.ENSMUSP00000071720,10090.ENSMUSP00000073546,10090.ENSMUSP00000075167,10090.ENSMUSP00000079991,10090.ENSMUSP00000080716,10090.ENSMUSP00000083611,10090.ENSMUSP00000090237,10090.ENSMUSP00000091940,10090.ENSMUSP00000097153,10090.ENSMUSP00000097874,10090.ENSMUSP00000099404,10090.ENSMUSP00000099510,10090.ENSMUSP00000099952,10090.ENSMUSP00000101315,10090.ENSMUSP00000102711,10090.ENSMUSP00000102980,10090.ENSMUSP00000102981,10090.ENSMUSP00000103918,10090.ENSMUSP00000103981,10090.ENSMUSP00000105663,10090.ENSMUSP00000106789,10090.ENSMUSP00000108484,10090.ENSMUSP00000110115,10090.ENSMUSP00000110398,10090.ENSMUSP00000111378,10090.ENSMUSP00000112221,10090.ENSMUSP00000112765,10090.ENSMUSP00000114123,10090.ENSMUSP00000119715,10090.ENSMUSP00000121111,10090.ENSMUSP00000127193,10090.ENSMUSP00000130929,10090.ENSMUSP00000136884,10090.ENSMUSP00000136977,10090.ENSMUSP00000146244,10090.ENSMUSP00000147784,10090.ENSMUSP00000156559	Raf1,Araf,Akt1,Braf,Map2k7,Map2k1,Crkl,Elk1,Crk,Egfr,Shc2,Grb2,Shc3,Mapk8,Myc,Pak2,Hbegf,Rps6kb2,Bad,Hras,Pik3ca,Nras,Egf,Pik3r3,Areg,Tgfa,Kras,Pak1,Eif4ebp1,Pik3r2,Pik3cb,Map2k4,Shc4,Sos2,Pak7,Mapk3,Erbb2,Pik3r1,Prkca,Cdkn1b,Mapk1,Sos1,Prkcb,Camk2g,Nrg1,Abl1,Plcg2,Erbb3,Nck2,Src,Shc1,Pak6,Prkcg,Plcg1,Mtor,Camk2a,Pik3cd,Jun,Stat5a,Stat5b,Pak4,Akt2,Ptk2,Akt3,Pak3,Cblb,Gsk3b,Nrg2,Nck1,Btc,Erbb4,Rps6kb1,Map2k2,Mapk10,Nrg4,Nrg3,Mapk9,Cbl,Gab1,Cdkn1a
mmu04340	Hedgehog signaling pathway	45	0.335886	top	0.0093	ks	10090.ENSMUSP00000000188,10090.ENSMUSP00000001812,10090.ENSMUSP00000002708,10090.ENSMUSP00000005164,10090.ENSMUSP00000005606,10090.ENSMUSP00000018274,10090.ENSMUSP00000021921,10090.ENSMUSP00000023737,10090.ENSMUSP00000026474,10090.ENSMUSP00000030443,10090.ENSMUSP00000031005,10090.ENSMUSP00000031697,10090.ENSMUSP00000034949,10090.ENSMUSP00000054837,10090.ENSMUSP00000055130,10090.ENSMUSP00000055934,10090.ENSMUSP00000070259,10090.ENSMUSP00000070445,10090.ENSMUSP00000070728,10090.ENSMUSP00000075721,10090.ENSMUSP00000078047,10090.ENSMUSP00000079752,10090.ENSMUSP00000082827,10090.ENSMUSP00000086114,10090.ENSMUSP00000090177,10090.ENSMUSP00000091495,10090.ENSMUSP00000095866,10090.ENSMUSP00000103350,10090.ENSMUSP00000104208,10090.ENSMUSP00000106137,10090.ENSMUSP00000107498,10090.ENSMUSP00000108371,10090.ENSMUSP00000110281,10090.ENSMUSP00000110398,10090.ENSMUSP00000112782,10090.ENSMUSP00000113341,10090.ENSMUSP00000113977,10090.ENSMUSP00000114974,10090.ENSMUSP00000122192,10090.ENSMUSP00000128056,10090.ENSMUSP00000130738,10090.ENSMUSP00000136621,10090.ENSMUSP00000139359,10090.ENSMUSP00000153311,10090.ENSMUSP00000155034	Ccnd2,Smo,Shh,Prkacb,Prkaca,Csnk1d,Ptch1,Dhh,Gli1,Ptch2,Evc,Cul1,Csnk1g1,Gli2,Evc2,Mosmo,Csnk1g3,Grk3,Btrc,Fbxw11,Hhip,Lrp2,Smurf1,Grk2,Smurf2,Ccnd1,Arrb1,Spop,Arrb2,Gli3,Sufu,Bcl2,Boc,Gsk3b,Kif3a,Csnk1e,Cdon,Spopl,Megf8,Ihh,Cul3,Gpr161,Kif7,Gas1,Mgrn1
