gene_id,tumour_type,SHEF16,SHEF18,SHEF20,SHEF1,SHEF2,SHEF3,SHEF4,SHEF5,log2FoldChange,pvalue,padj,gene_name,gene_chr,gene_start,gene_end,gene_strand,gene_length,gene_biotype,gene_description,tf_family,-log10(padj)
ENSMUSG00000024610,"NSCLC,N.A.",179.6901066,124.7339189,302.3921115,39.30165767,40.73545623,78.32376001,79.11350019,100.1793715,1.585237809,0.00012816,0.093202519,Cd74,18,60803848,60812646,+,1410,protein_coding,"CD74 antigen (invariant polypeptide of major histocompatibility complex, class II antigen-associated) [Source:MGI Symbol;Acc:MGI:96534]",-,3.892246818
ENSMUSG00000006740,"NSCLC,N.A.",2493.464479,2097.02238,5182.983159,9916.522805,6342.122578,8457.86293,6109.765375,7222.277305,-1.223774942,0.000180167,0.105740392,Kif5b,18,6201002,6242174,-,7395,protein_coding,kinesin family member 5B [Source:MGI Symbol;Acc:MGI:1098268],-,3.744325581
ENSMUSG00000030180,"AML,N.A.",527.4433128,437.1017671,970.6522296,1868.615178,942.7348442,1632.664293,1303.870598,1464.304084,-1.160289439,0.000336342,0.121604425,Kdm5a,6,120364124,120444574,+,14158,protein_coding,lysine (K)-specific demethylase 5A [Source:MGI Symbol;Acc:MGI:2136980],ARID,3.473218374
ENSMUSG00000025862,"bladder carcinoma, glioblastoma, melanoma, Ewing's sarcoma, myeloid neoplasms,N.A.",675.4234006,773.9899583,1370.903013,1673.893329,1489.753828,2048.552427,1674.402181,1872.511616,-0.897267289,0.000872224,0.146032216,Stag2,X,42149317,42277185,+,8273,protein_coding,stromal antigen 2 [Source:MGI Symbol;Acc:MGI:1098583],-,3.059371736
ENSMUSG00000070327,"ALCL,N.A.",137.4100815,136.4610395,256.5484095,372.4725283,247.3224128,309.9855854,331.4755514,484.0442529,-0.979202714,0.001955454,0.175258802,Rnf213,11,119393100,119487418,+,16888,protein_coding,ring finger protein 213 [Source:MGI Symbol;Acc:MGI:1289196],-,2.708752314
ENSMUSG00000026923,"T-ALL,N.A.",226.1981342,218.5508835,580.9807623,1050.426123,524.7114719,783.2376001,594.8534065,746.1958792,-1.112401559,0.003150806,0.194291941,Notch1,2,26457903,26516663,-,14232,protein_coding,notch 1 [Source:MGI Symbol;Acc:MGI:97363],-,2.501578322
ENSMUSG00000032228,"extraskeletal myxoid chondrosarcoma,N.A.",567.6093366,528.786528,1021.78559,1432.724066,904.9090634,1446.231681,1280.837554,1239.60269,-0.83575659,0.003198246,0.194326331,Tcf12,9,71842688,72111871,-,15529,protein_coding,transcription factor 12 [Source:MGI Symbol;Acc:MGI:101877],bHLH,2.495088086
ENSMUSG00000031592,"papillary thyroid, CML, MPN,N.A.",570.7803385,468.0187213,1953.646994,3023.547982,1588.682793,2796.489178,2222.188062,2566.27717,-1.289711937,0.003395944,0.197523744,Pcm1,8,41239752,41332344,+,7458,protein_coding,pericentriolar material 1 [Source:MGI Symbol;Acc:MGI:1277958],-,2.469039425
ENSMUSG00000003282,"salivary adenoma,N.A.",11.6270069,7.462713096,50.25175031,104.5066806,36.85588897,92.66473016,56.08045583,89.88055759,-1.703866386,0.003853902,0.200336825,Plag1,4,3900996,3938423,-,8487,protein_coding,pleiomorphic adenoma gene 1 [Source:MGI Symbol;Acc:MGI:1891916],zf-C2H2,2.414099359
ENSMUSG00000005871,"colorectal, pancreatic, desmoid, hepatoblastoma, glioma, other CNS",3710.0722,3028.795415,7461.944116,7961.265336,7858.063485,9009.438704,8256.845684,10276.34375,-0.873361615,0.003914764,0.200683691,Apc,18,34220924,34322189,+,15753,protein_coding,adenomatosis polyposis coli [Source:MGI Symbol;Acc:MGI:88039],-,2.407294461
ENSMUSG00000021188,"AML,N.A.",708.19042,531.9848336,1236.898345,1727.486498,1210.424985,1538.896412,1366.961111,1543.885828,-0.838853284,0.003928606,0.200683691,Trip11,12,101834043,101913267,-,10150,protein_coding,thyroid hormone receptor interactor 11 [Source:MGI Symbol;Acc:MGI:1924393],-,2.405761515
ENSMUSG00000029231,"GIST, idiopathic hypereosinophilic syndrome, paediatric glioblastoma,N.A.",802.2634758,706.8255404,1240.424784,1275.517435,1577.044091,1266.417979,1580.26713,1754.543385,-0.701267462,0.004496759,0.200683691,Pdgfra,5,75152292,75198215,+,10024,protein_coding,"platelet derived growth factor receptor, alpha polypeptide [Source:MGI Symbol;Acc:MGI:97530]",-,2.347100413
ENSMUSG00000031103,"AML,N.A.",21.14001254,14.92542619,26.44828964,103.6134611,27.15697082,40.81660733,42.06034187,55.23909269,-1.365733545,0.005646129,0.207152868,Elf4,X,48411046,48463132,-,6148,protein_coding,E74-like factor 4 (ets domain transcription factor) [Source:MGI Symbol;Acc:MGI:1928377],ETS,2.248249172
ENSMUSG00000005886,"AML, chondrosarcoma,N.A.",1276.856757,931.7730352,2227.827597,2576.938236,2111.454481,2978.509184,2649.801538,2600.918635,-0.804472701,0.00574863,0.207152868,Ncoa2,1,13139105,13374083,-,15642,protein_coding,nuclear receptor coactivator 2 [Source:MGI Symbol;Acc:MGI:1276533],-,2.240435646
ENSMUSG00000038056,"medulloblastoma,N.A.",670.1383974,634.3306132,2121.152829,2482.256969,1745.805267,2914.526394,2364.392075,2685.181658,-1.094078832,0.005948602,0.207152868,Kmt2c,5,25271798,25498783,-,20291,protein_coding,lysine (K)-specific methyltransferase 2C [Source:MGI Symbol;Acc:MGI:2444959],-,2.225585052
ENSMUSG00000021796,"N.A.,gastrointestinal polyps",664.8533943,627.934002,1290.676534,1895.411763,1270.558278,1512.420774,1294.857668,1506.435595,-0.796104427,0.006063247,0.207152868,Bmpr1a,14,34410734,34503341,-,6351,protein_coding,"bone morphogenetic protein receptor, type 1A [Source:MGI Symbol;Acc:MGI:1338938]",-,2.217294762
ENSMUSG00000045482,"melanoma,N.A.",1963.907165,2107.683399,3605.783487,4203.490931,3304.421414,4528.437111,4185.004016,4453.76888,-0.691995344,0.006178173,0.207152868,Trrap,5,144767732,144859778,+,20859,protein_coding,transformation/transcription domain-associated protein [Source:MGI Symbol;Acc:MGI:2153272],-,2.209139951
ENSMUSG00000026361,"parathyroid adenoma,""parathyroid adenoma, multiple ossifying jaw fibroma""",707.1334194,608.7441683,1227.200639,1798.944058,1077.549806,1559.856291,1352.940997,1492.391758,-0.780139632,0.006379851,0.207871387,Cdc73,1,143598800,143702893,-,17613,protein_coding,"cell division cycle 73, Paf1/RNA polymerase II complex component [Source:MGI Symbol;Acc:MGI:2384876]",-,2.195189497
ENSMUSG00000027823,"AML,N.A.",1220.835724,1011.730675,1456.419149,2727.89233,1511.091448,1852.191452,1844.646422,1845.360198,-0.669676962,0.00641618,0.207871387,Gmps,3,63976106,64022579,+,8105,protein_coding,guanine monophosphate synthetase [Source:MGI Symbol;Acc:MGI:2448526],-,2.192723491
ENSMUSG00000024420,"ALL,N.A.",132.1250784,162.0474844,173.6771019,768.1687635,217.2557666,343.0801319,213.3060195,235.9364637,-1.189071725,0.006981278,0.2108129,Zfp521,18,13687013,13972733,-,6152,protein_coding,zinc finger protein 521 [Source:MGI Symbol;Acc:MGI:95459],zf-C2H2,2.156065057
ENSMUSG00000042323,"clear cell renal carcinoma, breast,N.A.",541.184321,599.1492515,1286.268486,1996.345566,997.0487858,1656.933627,1471.110529,1504.563084,-0.91444443,0.007150488,0.211807678,Pbrm1,14,31019138,31121592,+,8846,protein_coding,polybromo 1 [Source:MGI Symbol;Acc:MGI:1923998],HMG,2.145664305
ENSMUSG00000068036,"AL,N.A.",1637.293971,1412.584979,2524.930051,3140.559735,2622.587468,2813.036451,2799.015608,2832.17382,-0.612342024,0.007223839,0.211872152,Afdn,17,13760539,13906150,+,10223,protein_coding,"afadin, adherens junction formation factor [Source:MGI Symbol;Acc:MGI:1314653]",-,2.141231922
ENSMUSG00000040407,"papillary thyroid,N.A.",952.3575648,949.896767,1625.688203,2316.118144,1310.323842,2401.560923,1716.462523,2181.476033,-0.755024752,0.00908447,0.226387511,Akap9,5,3928054,4081310,+,21350,protein_coding,A kinase (PRKA) anchor protein (yotiao) 9 [Source:MGI Symbol;Acc:MGI:2178217],-,2.041700417
ENSMUSG00000006005,"papillary thyroid,N.A.",1545.334917,1509.600249,2401.504699,3085.180127,2146.370587,3227.821434,2667.827399,2876.177843,-0.622461236,0.009217605,0.227242686,Tpr,1,150392838,150449935,+,10496,protein_coding,"translocated promoter region, nuclear basket protein [Source:MGI Symbol;Acc:MGI:1922066]",-,2.035381915
ENSMUSG00000049470,"ALL,N.A.",2301.090365,2185.508835,5440.413178,5846.121578,4352.874466,7091.05816,6358.12168,6533.19303,-0.867082014,0.009354366,0.227788271,Aff4,11,53350833,53421830,+,13450,protein_coding,"AF4/FMR2 family, member 4 [Source:MGI Symbol;Acc:MGI:2136171]",AF-4,2.028985645
ENSMUSG00000031229,"Pancreatic neuroendocrine tumours, paediatric GBM,N.A.",2023.0992,1620.474844,4675.175998,4706.373506,3836.89202,6322.16153,5249.53124,5992.973429,-0.912877134,0.009580936,0.229016577,Atrx,X,105797615,105929403,-,21757,protein_coding,"ATRX, chromatin remodeler [Source:MGI Symbol;Acc:MGI:103067]",-,2.018592065
ENSMUSG00000033306,"lipoma, leukaemia,N.A.",107.8140639,141.7915488,258.3116288,321.5590173,225.0149011,302.2635246,289.4152096,350.1596723,-0.81131857,0.010025991,0.230027951,Lpp,16,24393507,24992578,+,22046,protein_coding,LIM domain containing preferred translocation partner in lipoma [Source:MGI Symbol;Acc:MGI:2441849],-,1.998872708
ENSMUSG00000014592,"epithelioid haemangioendothelioma,N.A.",4768.129828,5538.399219,8138.138721,11843.19725,6979.341501,9888.650489,9451.559681,9568.53436,-0.634695366,0.012119336,0.243551128,Camta1,4,150917322,151861876,-,14570,protein_coding,calmodulin binding transcription activator 1 [Source:MGI Symbol;Acc:MGI:2140230],CG-1,1.916521176
ENSMUSG00000021466,"skin basal cell, medulloblastoma",925.9325492,733.4780872,1418.509934,3658.627041,1620.689223,1457.263197,1472.111966,1554.184642,-0.928245661,0.012970525,0.247413813,Ptch1,13,63508328,63573598,-,14185,protein_coding,patched 1 [Source:MGI Symbol;Acc:MGI:105373],-,1.887042458
ENSMUSG00000020716,"neurofibroma, glioma",1698.600007,1552.244324,2251.631058,3143.239394,2144.430803,2830.686876,2497.583158,2601.854891,-0.527113745,0.012988049,0.247413813,Nf1,11,79339693,79581612,+,15850,protein_coding,neurofibromin 1 [Source:MGI Symbol;Acc:MGI:97306],-,1.886456072
ENSMUSG00000020105,"NSCLC,N.A.",44.39402633,41.57797297,51.13335996,162.5659476,88.26015516,86.04582086,56.08045583,60.85662754,-0.989880245,0.01361218,0.249259068,Lrig3,10,125966168,126015359,+,8347,protein_coding,leucine-rich repeats and immunoglobulin-like domains 3 [Source:MGI Symbol;Acc:MGI:2443955],-,1.866072328
ENSMUSG00000000804,"aneurysmal bone cyst,N.A.",1771.533051,1426.444303,3508.806425,3931.952206,3105.593592,4114.75528,3688.291408,3796.517302,-0.737239527,0.014205146,0.250502909,Usp32,11,84984442,85140161,-,7680,protein_coding,ubiquitin specific peptidase 32 [Source:MGI Symbol;Acc:MGI:2144475],-,1.847554289
ENSMUSG00000017548,"endometrial stromal tumour,N.A.",553.8683285,433.9034615,975.0602779,1293.381825,877.7520926,1126.317732,1011.451078,1043.925226,-0.709569934,0.014212466,0.250502909,Suz12,11,79993106,80034123,+,4945,protein_coding,SUZ12 polycomb repressive complex 2 subunit [Source:MGI Symbol;Acc:MGI:1261758],-,1.847330556
ENSMUSG00000022797,"NHL,N.A.",1358.245806,834.7577649,2002.135525,2701.988965,1835.035314,2153.351825,2301.301562,2480.141636,-0.71402206,0.014228254,0.250502909,Tfrc,16,32608920,32632794,+,6185,protein_coding,transferrin receptor [Source:MGI Symbol;Acc:MGI:98822],-,1.846848398
ENSMUSG00000027878,"marginal zone lymphoma, DLBCL,N.A.",308.6441831,312.3678482,612.7187099,489.4842818,558.6576854,914.5126345,708.0157549,968.0885057,-0.82225772,0.014360838,0.250849979,Notch2,3,98013527,98150361,+,10782,protein_coding,notch 2 [Source:MGI Symbol;Acc:MGI:97364],-,1.842820219
ENSMUSG00000033014,"papillary thyroid,N.A.",914.3055423,773.9899583,1754.403212,2028.501467,1505.272097,2183.136916,1812.600447,1916.515639,-0.718663701,0.014652179,0.252196575,Trim33,3,103279293,103358775,+,9805,protein_coding,tripartite motif-containing 33 [Source:MGI Symbol;Acc:MGI:2137357],-,1.834097791
ENSMUSG00000029313,"AL,N.A.",269.5351599,300.6407276,526.3209637,1125.45656,488.8254747,569.2261995,529.7600203,600.1399731,-0.857820395,0.014795213,0.252196575,Aff1,5,103692374,103855322,+,9458,protein_coding,"AF4/FMR2 family, member 1 [Source:MGI Symbol;Acc:MGI:1100819]",AF-4,1.829878789
ENSMUSG00000055471,"ALCL, NSCLC, neuroblastoma,neuroblastoma",120.4980715,111.9406964,157.8081282,351.92848,165.8515004,157.7506716,216.3103296,225.6376498,-0.780499564,0.014799693,0.252196575,Alk,17,71868972,72604627,-,7755,protein_coding,anaplastic lymphoma kinase [Source:MGI Symbol;Acc:MGI:103305],-,1.829747288
ENSMUSG00000003119,"serous ovarian,N.A.",321.3281906,344.3509043,624.1796354,694.9247651,541.1996328,735.8020835,715.0258118,693.7655539,-0.65170294,0.015609945,0.254299622,Cdk12,11,98203059,98278504,+,11730,protein_coding,cyclin-dependent kinase 12 [Source:MGI Symbol;Acc:MGI:1098802],-,1.806598626
ENSMUSG00000057406,"MM,N.A.",1156.358686,1045.845935,2268.381641,2498.33492,2240.450093,2457.821652,2175.120537,2463.289031,-0.667126508,0.016045171,0.254554849,Nsd2,5,33820725,33897975,+,16803,protein_coding,nuclear receptor binding SET domain protein 2 [Source:MGI Symbol;Acc:MGI:1276574],HMG,1.794655661
ENSMUSG00000041415,"sex cord-stromal tumour, TGCT, embryonal rhabdomyosarcoma,pleuropulmonary blastoma",898.4505329,772.9238564,1716.493997,3212.017295,1481.024801,1767.248782,1862.672283,1710.539362,-0.829119929,0.016759844,0.254714803,Dicer1,12,104687742,104751952,-,16750,protein_coding,"dicer 1, ribonuclease type III [Source:MGI Symbol;Acc:MGI:2177178]",-,1.775730039
ENSMUSG00000027803,"epithelioid haemangioendothelioma,N.A.",324.4991925,271.8559771,458.4370203,508.2418912,575.1458463,463.3236508,508.7298493,495.2793226,-0.535454621,0.016835063,0.254714803,Wwtr1,3,57455649,57575910,-,4779,protein_coding,WW domain containing transcription regulator 1 [Source:MGI Symbol;Acc:MGI:1917649],-,1.773785249
ENSMUSG00000021756,"hepatocellular carcinoma,N.A.",1628.837966,1517.062962,2040.92635,2548.355212,2120.183508,2613.366021,1983.846125,2689.862937,-0.467550051,0.018547534,0.259886018,Il6st,13,112464070,112510086,+,11099,protein_coding,interleukin 6 signal transducer [Source:MGI Symbol;Acc:MGI:96560],-,1.731713826
ENSMUSG00000037487,"mantle cell lymphoma,N.A.",1992.446182,1980.817276,4367.494228,5271.781444,3445.055727,4732.520147,4551.529853,4919.088016,-0.721188504,0.018882522,0.26158365,Ubr5,15,37967328,38078854,-,15388,protein_coding,ubiquitin protein ligase E3 component n-recognin 5 [Source:MGI Symbol;Acc:MGI:1918040],-,1.723939992
ENSMUSG00000047146,"AML,N.A.",98.3010583,70.36272348,288.286357,383.1911623,232.7740356,326.5328586,278.3994057,295.8568354,-0.990852907,0.01922798,0.262441015,Tet1,10,62804570,62908996,-,15457,protein_coding,tet methylcytosine dioxygenase 1 [Source:MGI Symbol;Acc:MGI:1098693],-,1.716066332
ENSMUSG00000015968,"adrenal aldosterone producing adenoma,N.A.",687.0504075,635.3967151,1325.059311,1420.218993,1188.117473,1324.885011,1485.130643,1486.774223,-0.645373971,0.019274924,0.26268761,Cacna1d,14,30039939,30491455,-,12621,protein_coding,"calcium channel, voltage-dependent, L type, alpha 1D subunit [Source:MGI Symbol;Acc:MGI:88293]",-,1.715007335
ENSMUSG00000054263,"salivary adenoma,N.A.",746.2424426,614.0746776,1386.771987,1830.20674,1096.947643,1405.415074,1519.179491,1640.320176,-0.709976999,0.0199484,0.263268708,Lifr,15,7090614,7197489,+,10776,protein_coding,leukemia inhibitory factor receptor [Source:MGI Symbol;Acc:MGI:96788],-,1.700091925
ENSMUSG00000042548,"MDS, CMML,N.A.",751.5274457,750.5357171,1257.175367,1783.759326,1125.074505,1342.535436,1319.893585,1370.678503,-0.593619085,0.020680251,0.265854553,Asxl1,2,153345829,153404007,+,7444,protein_coding,additional sex combs like 1 [Source:MGI Symbol;Acc:MGI:2684063],-,1.684444204
ENSMUSG00000057110,"MPN, NHL,N.A.",243.1101442,234.5424116,410.830099,869.1025661,440.330884,382.7935877,419.601982,452.2115554,-0.791446092,0.020682311,0.265854553,Cntrl,2,35109492,35178822,+,10194,protein_coding,centriolin [Source:MGI Symbol;Acc:MGI:1889576],-,1.68440093
ENSMUSG00000031200,"T cell prolymphocytic leukaemia,N.A.",32.76701943,17.05762993,105.7931585,174.177801,80.50102064,138.9970952,92.13217744,112.350697,-1.198719961,0.021192739,0.266727897,Mtcp1,X,75410444,75416588,-,4478,protein_coding,mature T cell proliferation 1 [Source:MGI Symbol;Acc:MGI:102699],-,1.673812913
ENSMUSG00000039410,"MDS, AML,N.A.",251.5661492,359.2763305,279.4702605,375.1521868,385.0470505,479.870924,373.5358933,587.0323918,-0.568840177,0.021320369,0.267713832,Prdm16,4,154316125,154636873,-,9321,protein_coding,PR domain containing 16 [Source:MGI Symbol;Acc:MGI:1917923],zf-C2H2,1.671205291
ENSMUSG00000024515,"colorectal, pancreatic, small intestine,gastrointestinal polyp",570.7803385,507.4644906,1019.140761,1255.866606,939.8251687,1252.077009,958.3749327,1020.518831,-0.633651596,0.02148759,0.268322043,Smad4,18,73639009,73703780,-,3712,protein_coding,SMAD family member 4 [Source:MGI Symbol;Acc:MGI:894293],MH1,1.667812287
ENSMUSG00000020290,"CLL,N.A.",921.7045466,812.3696256,1889.28949,1652.456061,1925.235253,1900.73012,2148.081746,2051.336476,-0.67985677,0.021558537,0.268637507,Xpo1,11,23256041,23298249,+,7181,protein_coding,exportin 1 [Source:MGI Symbol;Acc:MGI:2144013],-,1.666380721
ENSMUSG00000001847,"melanoma, carcinoma,N.A.",4138.157454,3598.093814,4626.687467,5446.852465,5094.841704,6068.436674,4910.044195,5281.419014,-0.379193376,0.021905774,0.269680769,Rac1,5,143503634,143528036,-,4496,protein_coding,Rac family small GTPase 1 [Source:MGI Symbol;Acc:MGI:97845],-,1.659441403
ENSMUSG00000059495,"AML,N.A.",3085.38483,2727.088586,6182.728507,5751.440312,5510.925293,7456.201323,6356.118806,6748.531866,-0.670487441,0.022176023,0.270021493,Arhgef12,9,42963842,43107239,-,13620,protein_coding,Rho guanine nucleotide exchange factor (GEF) 12 [Source:MGI Symbol;Acc:MGI:1916882],-,1.65411634
ENSMUSG00000002413,"melanoma, colorectal, papillary thyroid, borderline ovarian, NSCLC, cholangiocarcinoma, pilocytic astrocytoma,N.A.",2182.706295,2014.932536,3727.445619,4615.265117,2926.163606,4408.193592,3956.676446,4329.246857,-0.615223875,0.022371127,0.270377543,Braf,6,39603237,39725463,-,13862,protein_coding,Braf transforming gene [Source:MGI Symbol;Acc:MGI:88190],-,1.650312139
ENSMUSG00000036712,cylindroma,1910.000133,2037.320675,2952.510733,3255.78505,2545.966014,4145.643523,3307.745457,3469.764025,-0.540133965,0.022478721,0.270487997,Cyld,8,88697028,88751945,+,12576,protein_coding,CYLD lysine 63 deubiquitinase [Source:MGI Symbol;Acc:MGI:1921506],-,1.648228401
ENSMUSG00000021945,"MPN, NHL,N.A.",995.6945905,978.6815175,2028.583815,2248.233462,1599.351603,2329.856072,2137.065942,2266.675312,-0.664944814,0.022602574,0.270696678,Zmym2,14,56886653,56962701,+,7860,protein_coding,"zinc finger, MYM-type 2 [Source:MGI Symbol;Acc:MGI:1923257]",-,1.645842092
ENSMUSG00000021270,"NHL,N.A.",17806.23256,16997.92823,22554.21979,25810.47045,21660.5939,26334.43379,26284.70936,25526.07836,-0.393949436,0.022824053,0.270973047,Hsp90aa1,12,110690605,110702728,-,3931,protein_coding,"heat shock protein 90, alpha (cytosolic), class A member 1 [Source:MGI Symbol;Acc:MGI:96250]",-,1.641607232
ENSMUSG00000044791,"clear cell renal carcinoma,N.A.",1179.6127,992.5408418,1787.02277,2146.40644,1598.381711,2141.217158,1785.561656,1993.288616,-0.550133774,0.023300892,0.272584665,Setd2,9,110532597,110618633,+,10754,protein_coding,SET domain containing 2 [Source:MGI Symbol;Acc:MGI:1918177],-,1.632627454
ENSMUSG00000030528,"N.A.,""leukaemia, lymphoma, skin squamous cell, other tumour types""",77.16104576,73.56102909,81.98969787,401.0555521,109.5977751,91.56157861,109.1566015,123.5857667,-1.107269856,0.024465164,0.274208187,Blm,7,80454733,80535119,-,8777,protein_coding,"Bloom syndrome, RecQ like helicase [Source:MGI Symbol;Acc:MGI:1328362]",-,1.611451868
ENSMUSG00000071669,"PMBL, Hodgkin lymphoma,N.A.",112.0420665,120.4695114,213.3495364,194.7218493,197.8579303,284.6130998,220.3160765,287.4305331,-0.669570214,0.024581076,0.274208187,Snx29,16,11322908,11755472,+,6435,protein_coding,sorting nexin 29 [Source:MGI Symbol;Acc:MGI:1921728],-,1.609399109
ENSMUSG00000006932,"colorectal, ovarian,  hepatoblastoma, pleomorphic salivary gland adenoma, other tumour types,N.A.",5775.451425,5911.534874,7285.622185,7269.913449,7673.78404,8665.255421,8525.230723,9018.952201,-0.380019899,0.024851621,0.27432922,Ctnnb1,9,120929216,120960507,+,5192,protein_coding,"catenin (cadherin associated protein), beta 1 [Source:MGI Symbol;Acc:MGI:88276]",-,1.604645279
ENSMUSG00000034165,"MM,N.A.",655.3403887,650.3221413,477.8324327,412.6674055,485.9157993,439.0543167,430.6177858,451.2752996,0.420558879,0.024964942,0.27444843,Ccnd3,17,47505051,47599691,+,8775,protein_coding,cyclin D3 [Source:MGI Symbol;Acc:MGI:88315],-,1.602669441
ENSMUSG00000031376,"adrenal aldosterone producing adenoma,N.A.",1841.295092,1843.290135,3671.904211,3372.796803,2669.142275,4473.279533,4297.164928,5452.753827,-0.724746625,0.025023178,0.274756611,Atp2b3,X,73503086,73571005,+,4820,protein_coding,"ATPase, Ca++ transporting, plasma membrane 3 [Source:MGI Symbol;Acc:MGI:1347353]",-,1.601657532
ENSMUSG00000048109,"acute megakaryocytic leukaemia,N.A.",223.0271323,233.4763097,300.6288922,423.3860394,251.2019801,399.3408609,366.5258363,401.6537417,-0.544621143,0.02568648,0.275966161,Rbm15,3,107325421,107333673,-,7423,protein_coding,RNA binding motif protein 15 [Source:MGI Symbol;Acc:MGI:2443205],-,1.590295414
ENSMUSG00000041147,"breast, ovarian, pancreatic,""breast, ovarian, pancreatic, leukaemia  (FANCB, FANCD1)""",147.9800878,125.8000208,205.4150495,367.1132114,198.8278221,211.8050975,228.3275702,248.1077892,-0.649967802,0.025952154,0.276584325,Brca2,5,150522630,150570329,+,13643,protein_coding,"breast cancer 2, early onset [Source:MGI Symbol;Acc:MGI:109337]",-,1.585826583
ENSMUSG00000028484,"AML,N.A.",3140.348862,2813.442837,3746.841032,4046.284301,3772.87916,4729.210693,4330.212339,4216.89616,-0.383606127,0.026320477,0.277556994,Psip1,4,83455680,83486459,-,5082,protein_coding,PC4 and SFRS1 interacting protein 1 [Source:MGI Symbol;Acc:MGI:2142116],-,1.579706251
ENSMUSG00000055024,"colorectal, breast, pancreatic, AML, ALL, DLBCL,N.A.",841.372499,681.2390955,1868.130858,2041.89976,1528.5495,2072.821761,1769.538669,1951.157104,-0.728032525,0.02693118,0.278366675,Ep300,15,81585351,81652077,+,14273,protein_coding,E1A binding protein p300 [Source:MGI Symbol;Acc:MGI:1276116],-,1.569744614
ENSMUSG00000053192,"ALL,N.A.",6904.328095,7288.938491,4869.130122,4032.886008,4325.717495,4767.820997,5324.638994,4819.844901,0.44910906,0.027038747,0.278366675,Mllt11,3,95219135,95232171,-,2385,protein_coding,"myeloid/lymphoid or mixed-lineage leukemia; translocated to, 11 [Source:MGI Symbol;Acc:MGI:1929671]",-,1.568013432
ENSMUSG00000049086,"Burkitt lymphoma, amplified in other cancers, B-CLL,N.A.",390.0332313,394.4576922,218.6391943,204.5472638,236.6536029,250.4154017,231.3318803,210.6575569,0.559510809,0.027041369,0.278366675,Bmyc,2,25706739,25707721,+,983,protein_coding,brain expressed myelocytomatosis oncogene [Source:MGI Symbol;Acc:MGI:88184],-,1.567971324
ENSMUSG00000040943,"MDS,N.A.",492.5622921,323.0288669,1053.523537,1647.989964,1027.115432,822.9510559,1038.48987,1051.415273,-0.842406959,0.027321669,0.278366675,Tet2,3,133463679,133545139,-,16870,protein_coding,tet methylcytosine dioxygenase 2 [Source:MGI Symbol;Acc:MGI:2443298],-,1.563492779
ENSMUSG00000047126,"ALCL, renal,N.A.",8295.34092,7119.428294,12558.52953,13339.3399,10721.18412,14693.97864,13722.68725,14536.30768,-0.523367425,0.02742897,0.278794793,Cltc,11,86694351,86757565,-,8499,protein_coding,"clathrin, heavy polypeptide (Hc) [Source:MGI Symbol;Acc:MGI:2388633]",-,1.5617905
ENSMUSG00000030265,"pancreatic, colorectal, lung, thyroid, AML, other tumour types,N.A.",2007.24419,1543.715509,2474.6783,3195.939344,2495.53164,2897.97912,2539.6435,2711.396821,-0.46250531,0.027450899,0.278861896,Kras,6,145216699,145250239,-,5347,protein_coding,Kirsten rat sarcoma viral oncogene homolog [Source:MGI Symbol;Acc:MGI:96680],-,1.561443429
ENSMUSG00000034342,"AML, JMML, MDS,N.A.",852.9995059,976.5493138,2184.628724,1746.244108,1762.293428,2418.108196,2518.613329,2834.982587,-0.753243416,0.027602726,0.278876539,Cbl,9,44142976,44234049,-,12345,protein_coding,Casitas B-lineage lymphoma [Source:MGI Symbol;Acc:MGI:88279],-,1.559048021
ENSMUSG00000033237,"hepatocellular carcinoma,N.A.",610.9463623,438.1678689,1151.382209,1560.454453,968.9219232,1256.489615,1134.627794,1068.267877,-0.706790247,0.029824206,0.284157878,Arid2,15,96287518,96404992,+,10737,protein_coding,"AT rich interactive domain 2 (ARID, RFX-like) [Source:MGI Symbol;Acc:MGI:1924294]",ARID,1.525431103
ENSMUSG00000050379,"AML,N.A.",2708.035606,2546.91737,2020.649328,1416.646115,2117.273832,2052.965034,1284.843301,1584.144828,0.520080815,0.030172222,0.284874625,6-Sep,X,36911326,36991794,-,9882,protein_coding,septin 6 [Source:MGI Symbol;Acc:MGI:1888939],-,1.520392709
ENSMUSG00000028820,"papillary renal,N.A.",2339.142387,2604.486871,3451.501797,4061.469032,3160.877425,4159.984493,3867.548579,3638.290071,-0.432675183,0.030917468,0.287361406,Sfpq,4,127021324,127037013,+,4743,protein_coding,splicing factor proline/glutamine rich (polypyrimidine tract binding protein associated) [Source:MGI Symbol;Acc:MGI:1918764],-,1.509796083
ENSMUSG00000037234,"papillary thyroid,N.A.",985.1245843,766.5272452,2276.316128,2564.433163,1814.667586,2300.070981,2183.132031,2340.639521,-0.738375993,0.031360865,0.288053466,Hook3,8,26021421,26119224,-,28486,protein_coding,hook microtubule tethering protein 3 [Source:MGI Symbol;Acc:MGI:2443554],-,1.503611972
ENSMUSG00000032097,"B-NHL,N.A.",2951.14575,3073.571694,4695.45302,5634.428558,3861.139315,5838.981151,4773.848803,5418.112362,-0.514548886,0.03171005,0.288903057,Ddx6,9,44604892,44640731,+,8035,protein_coding,DEAD (Asp-Glu-Ala-Asp) box polypeptide 6 [Source:MGI Symbol;Acc:MGI:104976],-,1.498803074
ENSMUSG00000002028,"AML, ALL,N.A.",2318.002375,2081.030852,4817.115152,4619.731215,4263.644419,5068.98137,4691.730992,5067.95269,-0.626202751,0.031779392,0.288903057,Kmt2a,9,44803355,44881296,-,16670,protein_coding,lysine (K)-specific methyltransferase 2A [Source:MGI Symbol;Acc:MGI:96995],-,1.497854419
ENSMUSG00000022314,"AML, endometrium, colorectal, lung,N.A.",2267.266345,1795.315551,3093.568278,3949.816596,3449.905186,3758.437329,2752.949519,3047.512656,-0.507583888,0.032544592,0.290264471,Rad21,15,51962240,51991747,-,4232,protein_coding,RAD21 cohesin complex component [Source:MGI Symbol;Acc:MGI:108016],-,1.48752117
ENSMUSG00000020122,"glioma, NSCLC,NSCLC",160.6640953,202.5593555,320.0243046,230.450629,372.438457,357.421102,394.5660642,432.5501834,-0.648391465,0.032985075,0.291490134,Egfr,11,16752203,16918158,+,11326,protein_coding,epidermal growth factor receptor [Source:MGI Symbol;Acc:MGI:95294],-,1.481682523
ENSMUSG00000021068,"MPN,N.A.",689.1644087,618.3390851,1690.045708,1833.779618,1292.865789,1607.291808,1768.537232,1704.921827,-0.715618355,0.035279645,0.294989457,Nin,12,70011435,70113717,-,17005,protein_coding,ninein [Source:MGI Symbol;Acc:MGI:105108],-,1.45247579
ENSMUSG00000024789,"ALL, AML, MPN,  CML,N.A.",669.0813968,526.6543242,976.8234972,1316.605532,998.9885694,1127.420884,929.333268,897.8693201,-0.540832361,0.035307527,0.294989457,Jak2,19,29251828,29313080,+,5030,protein_coding,Janus kinase 2 [Source:MGI Symbol;Acc:MGI:96629],-,1.452132697
ENSMUSG00000031540,"AML,N.A.",980.8965818,799.5764032,1923.672266,1781.079668,1628.448357,2246.016555,1881.69958,2038.228895,-0.632708314,0.035461766,0.294989457,Kat6a,8,22859535,22943259,+,9180,protein_coding,K(lysine) acetyltransferase 6A [Source:MGI Symbol;Acc:MGI:2442415],-,1.45023964
ENSMUSG00000072214,"AML,N.A.",3693.16019,3421.120904,2368.003532,1226.390363,2645.864871,2338.681285,2150.084619,2101.894289,0.594984095,0.035824908,0.294989457,5-Sep,16,18620502,18629954,-,3915,protein_coding,septin 5 [Source:MGI Symbol;Acc:MGI:1195461],-,1.445814914
ENSMUSG00000005371,"DLBCL,N.A.",2287.349357,2084.229158,3187.900511,3561.266116,2867.970097,3704.382903,3336.787122,3503.469234,-0.42973526,0.036304173,0.294989457,Fbxo11,17,87990859,88065291,-,4144,protein_coding,F-box protein 11 [Source:MGI Symbol;Acc:MGI:2147134],-,1.440043452
ENSMUSG00000019861,"glioblastoma,N.A.",950.2435636,897.6577753,1355.915649,1684.611963,1249.220658,1549.927927,1377.976915,1399.702433,-0.442981696,0.037750405,0.297587033,Gopc,10,52335850,52382124,-,10958,protein_coding,golgi associated PDZ and coiled-coil motif containing [Source:MGI Symbol;Acc:MGI:2149946],-,1.423078382
ENSMUSG00000033813,"salivary adenoma,N.A.",1124.648667,934.9713408,1153.145428,1907.023616,1140.592774,1525.658593,1369.965421,1372.551015,-0.450161018,0.039069923,0.300597847,Tcea1,1,4857814,4897909,+,3017,protein_coding,transcription elongation factor A (SII) 1 [Source:MGI Symbol;Acc:MGI:1196624],-,1.408157441
ENSMUSG00000028034,"oligodendroglioma,N.A.",1368.815812,1444.568035,2336.265584,2018.676053,2154.129721,2675.142507,2655.810158,2630.878821,-0.499216483,0.039286377,0.301466189,Fubp1,3,152210422,152236826,+,15500,protein_coding,far upstream element (FUSE) binding protein 1 [Source:MGI Symbol;Acc:MGI:1196294],-,1.405758025
ENSMUSG00000069135,"MPN, NHL,N.A.",228.3121354,246.2695322,375.5657128,1088.834561,421.9029395,356.3179505,370.5315832,346.414649,-0.866676702,0.039476083,0.301903259,Fgfr1op,17,8165501,8196804,+,4008,protein_coding,Fgfr1 oncogene partner [Source:MGI Symbol;Acc:MGI:1922546],-,1.403665947
ENSMUSG00000021377,"AML,N.A.",862.5125115,673.7763824,1090.551143,1599.756111,1066.880996,1284.068404,1043.497053,1169.383504,-0.493094556,0.040624504,0.304658105,Dek,13,47084775,47106201,-,3185,protein_coding,DEK oncogene (DNA binding) [Source:MGI Symbol;Acc:MGI:1926209],-,1.391211934
ENSMUSG00000032000,"CLL, MALT, MCL, MM,N.A.",35.93802131,21.32203742,35.26438618,218.8387756,31.03653808,34.19769803,48.06896214,50.55781364,-1.312453058,0.041332471,0.306190136,Birc3,9,7848699,7873186,-,5009,protein_coding,baculoviral IAP repeat-containing 3 [Source:MGI Symbol;Acc:MGI:1197007],-,1.383708632
ENSMUSG00000059552,"breast, colorectal, lung, sarcoma, adrenocortical, glioma, multiple other tumour types,""breast, sarcoma, adrenocortical carcinoma, glioma, multiple other tumour types""",624.6873705,617.2729833,551.8876437,489.4842818,421.9029395,479.870924,525.7542734,456.8928344,0.332390664,0.043178248,0.307252323,Trp53,11,69580359,69591873,+,4045,protein_coding,transformation related protein 53 [Source:MGI Symbol;Acc:MGI:98834],P53,1.364734982
ENSMUSG00000009863,"N.A.,""paraganglioma, pheochromocytoma""",3072.700822,3460.566673,2146.719509,2437.595995,2105.63513,2173.208552,2077.981176,2095.340499,0.409514816,0.044674945,0.309055491,Sdhb,4,140961203,140979193,+,2239,protein_coding,"succinate dehydrogenase complex, subunit B, iron sulfur (Ip) [Source:MGI Symbol;Acc:MGI:1914930]",-,1.349935977
ENSMUSG00000025626,"ETP ALL,N.A.",349.8672075,300.6407276,692.9451885,693.1383261,587.7544399,772.2060846,637.9151851,689.0842749,-0.592729477,0.044995878,0.310214095,Phf6,X,52912266,52956943,+,6946,protein_coding,PHD finger protein 6 [Source:MGI Symbol;Acc:MGI:1918248],-,1.346827274
ENSMUSG00000003200,"AL,N.A.",1165.871691,1412.584979,1071.15573,738.6925202,1127.014289,925.54415,962.3806795,763.0484837,0.4294202,0.047142648,0.316804051,Sh3gl1,17,56016750,56036635,-,5012,protein_coding,SH3-domain GRB2-like 1 [Source:MGI Symbol;Acc:MGI:700010],-,1.326586031
ENSMUSG00000029556,"hepatic adenoma, hepatocellular,""hepatic adenoma, hepatocellular carcinoma""",1.057000627,2.132203742,0.881609655,34.8355602,1.93978363,2.206303099,0,7.490046466,-2.795386021,0.047813473,1,Hnf1a,5,114948980,114971094,-,5032,protein_coding,HNF1 homeobox A [Source:MGI Symbol;Acc:MGI:98504],Homeobox,1.320449707
ENSMUSG00000050332,"Wilms tumour,N.A.",150.094089,137.5271413,251.2587515,421.5996004,209.496632,287.9225544,204.2930891,288.3667889,-0.650923373,0.04810113,0.31825716,Amer1,X,95420318,95444872,-,8496,protein_coding,APC membrane recruitment 1 [Source:MGI Symbol;Acc:MGI:1919595],-,1.317844721
ENSMUSG00000059146,"congenital fibrosarcoma, secretory breast,N.A.",2418.417434,2813.442837,4103.892942,3614.859286,3000.845276,6114.769039,4957.111721,5917.136708,-0.601130024,0.048150614,0.318448662,Ntrk3,7,78175959,78738012,-,30170,protein_coding,"neurotrophic tyrosine kinase, receptor, type 3 [Source:MGI Symbol;Acc:MGI:97385]",-,1.317398171
