#node1	node2	node1_string_id	node2_string_id	neighborhood_on_chromosome	gene_fusion	phylogenetic_cooccurrence	homology	coexpression	experimentally_determined_interaction	database_annotated	automated_textmining	combined_score
4930432K21Rik	Sycp3	10090.ENSMUSP00000113651	10090.ENSMUSP00000020252	0	0	0	0	0	0	0	0.459	0.459
4930432K21Rik	Meiob	10090.ENSMUSP00000113651	10090.ENSMUSP00000024972	0	0	0	0	0.057	0	0	0.646	0.651
4930432K21Rik	Hormad1	10090.ENSMUSP00000113651	10090.ENSMUSP00000029754	0	0	0	0	0.071	0	0	0.395	0.413
4930432K21Rik	4930447C04Rik	10090.ENSMUSP00000113651	10090.ENSMUSP00000035376	0	0	0	0	0.051	0	0	0.443	0.448
4930432K21Rik	Spo11	10090.ENSMUSP00000113651	10090.ENSMUSP00000059056	0	0	0	0	0.042	0	0	0.410	0.410
4930432K21Rik	Spata22	10090.ENSMUSP00000113651	10090.ENSMUSP00000090602	0	0	0	0	0	0	0	0.652	0.652
4930432K21Rik	Hormad2	10090.ENSMUSP00000113651	10090.ENSMUSP00000105574	0	0	0	0	0.064	0	0	0.518	0.529
4930432K21Rik	Rnf212	10090.ENSMUSP00000113651	10090.ENSMUSP00000148758	0	0	0	0	0	0	0	0.411	0.410
4930432K21Rik	Hsf2bp	10090.ENSMUSP00000113651	10090.ENSMUSP00000157466	0	0	0	0	0.043	0.061	0	0.741	0.746
4930447C04Rik	Msh4	10090.ENSMUSP00000035376	10090.ENSMUSP00000005630	0	0	0	0	0	0	0	0.495	0.495
4930447C04Rik	Tex11	10090.ENSMUSP00000035376	10090.ENSMUSP00000009814	0	0	0	0	0.115	0	0	0.464	0.506
4930447C04Rik	Sycp3	10090.ENSMUSP00000035376	10090.ENSMUSP00000020252	0	0	0	0	0.060	0	0	0.789	0.793
4930447C04Rik	Meiob	10090.ENSMUSP00000035376	10090.ENSMUSP00000024972	0	0	0	0	0	0	0	0.497	0.497
4930447C04Rik	Syce1	10090.ENSMUSP00000035376	10090.ENSMUSP00000026553	0	0	0	0	0.154	0	0	0.871	0.886
4930447C04Rik	Terb2	10090.ENSMUSP00000035376	10090.ENSMUSP00000028661	0	0	0	0	0.096	0	0	0.619	0.641
4930447C04Rik	Sycp1	10090.ENSMUSP00000035376	10090.ENSMUSP00000029448	0	0	0	0	0.068	0	0	0.851	0.855
4930447C04Rik	Hormad1	10090.ENSMUSP00000035376	10090.ENSMUSP00000029754	0	0	0	0	0.091	0	0	0.623	0.642
4930447C04Rik	Ccdc36	10090.ENSMUSP00000035376	10090.ENSMUSP00000075898	0	0	0	0	0	0	0	0.410	0.410
4930447C04Rik	Mei1	10090.ENSMUSP00000035376	10090.ENSMUSP00000140479	0	0	0	0	0.060	0	0	0.431	0.442
4930447C04Rik	4930432K21Rik	10090.ENSMUSP00000035376	10090.ENSMUSP00000113651	0	0	0	0	0.051	0	0	0.443	0.448
4930447C04Rik	Spata22	10090.ENSMUSP00000035376	10090.ENSMUSP00000090602	0	0	0	0	0	0	0	0.464	0.464
4930447C04Rik	Hormad2	10090.ENSMUSP00000035376	10090.ENSMUSP00000105574	0	0	0	0	0.067	0	0	0.517	0.530
4930447C04Rik	Hfm1	10090.ENSMUSP00000035376	10090.ENSMUSP00000108310	0	0	0	0	0.121	0	0	0.494	0.536
4930447C04Rik	Terb1	10090.ENSMUSP00000035376	10090.ENSMUSP00000067324	0	0	0	0	0.089	0	0	0.519	0.543
4930447C04Rik	Hsf2bp	10090.ENSMUSP00000035376	10090.ENSMUSP00000157466	0	0	0	0	0.054	0	0	0.544	0.550
4930447C04Rik	Gm960	10090.ENSMUSP00000035376	10090.ENSMUSP00000136515	0	0	0	0	0	0	0	0.552	0.552
4930447C04Rik	Spo11	10090.ENSMUSP00000035376	10090.ENSMUSP00000059056	0	0	0	0	0	0	0	0.580	0.580
4930447C04Rik	Majin	10090.ENSMUSP00000035376	10090.ENSMUSP00000109156	0	0	0	0	0	0	0	0.590	0.590
4930447C04Rik	Shoc1	10090.ENSMUSP00000035376	10090.ENSMUSP00000103171	0	0	0	0	0	0	0	0.602	0.602
4930447C04Rik	Rnf212	10090.ENSMUSP00000035376	10090.ENSMUSP00000148758	0	0	0	0	0.042	0	0	0.634	0.635
4930447C04Rik	Sycp2	10090.ENSMUSP00000035376	10090.ENSMUSP00000079909	0	0	0	0	0.064	0	0	0.778	0.783
4930447C04Rik	Syce3	10090.ENSMUSP00000035376	10090.ENSMUSP00000131766	0	0	0	0	0.053	0	0	0.873	0.875
4930447C04Rik	Tex12	10090.ENSMUSP00000035376	10090.ENSMUSP00000149921	0	0	0	0	0.049	0	0	0.905	0.905
4930447C04Rik	Syce2	10090.ENSMUSP00000035376	10090.ENSMUSP00000131438	0	0	0	0	0	0	0	0.930	0.930
Ankrd31	Msh4	10090.ENSMUSP00000146720	10090.ENSMUSP00000005630	0	0	0	0	0	0.060	0	0.416	0.428
Ankrd31	Tex15	10090.ENSMUSP00000146720	10090.ENSMUSP00000009772	0	0	0	0	0	0.098	0	0.413	0.448
Ankrd31	Sycp3	10090.ENSMUSP00000146720	10090.ENSMUSP00000020252	0	0	0	0	0	0.085	0	0.448	0.474
Ankrd31	Syce1	10090.ENSMUSP00000146720	10090.ENSMUSP00000026553	0	0	0	0	0	0	0	0.578	0.578
Ankrd31	Sycp1	10090.ENSMUSP00000146720	10090.ENSMUSP00000029448	0	0	0	0	0.065	0.097	0	0.573	0.608
Ankrd31	Hormad1	10090.ENSMUSP00000146720	10090.ENSMUSP00000029754	0	0	0	0	0	0	0	0.655	0.655
Ankrd31	Spo11	10090.ENSMUSP00000146720	10090.ENSMUSP00000059056	0	0	0	0	0	0	0	0.641	0.641
Ankrd31	Ccdc36	10090.ENSMUSP00000146720	10090.ENSMUSP00000075898	0	0	0	0	0	0	0	0.897	0.897
Ankrd31	Sycp2	10090.ENSMUSP00000146720	10090.ENSMUSP00000079909	0	0	0	0	0	0	0	0.410	0.410
Ankrd31	Rec114	10090.ENSMUSP00000146720	10090.ENSMUSP00000096271	0	0	0	0	0.055	0.900	0	0.968	0.996
Ankrd31	Hormad2	10090.ENSMUSP00000146720	10090.ENSMUSP00000105574	0	0	0	0	0	0	0	0.551	0.551
Ankrd31	Syce2	10090.ENSMUSP00000146720	10090.ENSMUSP00000131438	0	0	0	0	0.087	0	0	0.454	0.480
Ankrd31	Gm960	10090.ENSMUSP00000146720	10090.ENSMUSP00000136515	0	0	0	0	0	0	0	0.716	0.716
Ankrd31	Mei1	10090.ENSMUSP00000146720	10090.ENSMUSP00000140479	0	0	0	0	0	0.041	0	0.809	0.809
Ankrd31	Hsf2bp	10090.ENSMUSP00000146720	10090.ENSMUSP00000157466	0	0	0	0	0	0	0	0.459	0.459
Ankrd31	Prdm9	10090.ENSMUSP00000146720	10090.ENSMUSP00000156841	0	0	0	0	0.066	0.095	0	0.577	0.612
Ccdc36	Sycp3	10090.ENSMUSP00000075898	10090.ENSMUSP00000020252	0	0	0	0	0	0	0	0.606	0.606
Ccdc36	Meiob	10090.ENSMUSP00000075898	10090.ENSMUSP00000024972	0	0	0	0	0	0	0	0.415	0.415
Ccdc36	Syce1	10090.ENSMUSP00000075898	10090.ENSMUSP00000026553	0	0	0	0	0	0	0	0.491	0.491
Ccdc36	Terb2	10090.ENSMUSP00000075898	10090.ENSMUSP00000028661	0	0	0	0	0	0	0	0.406	0.406
Ccdc36	Sycp1	10090.ENSMUSP00000075898	10090.ENSMUSP00000029448	0	0	0	0	0.061	0	0	0.607	0.615
Ccdc36	Hormad1	10090.ENSMUSP00000075898	10090.ENSMUSP00000029754	0	0	0	0	0	0	0	0.954	0.954
Ccdc36	4930447C04Rik	10090.ENSMUSP00000075898	10090.ENSMUSP00000035376	0	0	0	0	0	0	0	0.410	0.410
Ccdc36	Spo11	10090.ENSMUSP00000075898	10090.ENSMUSP00000059056	0	0	0	0	0	0	0	0.830	0.830
Ccdc36	Spata22	10090.ENSMUSP00000075898	10090.ENSMUSP00000090602	0	0	0	0	0	0	0	0.428	0.428
Ccdc36	Tex12	10090.ENSMUSP00000075898	10090.ENSMUSP00000149921	0	0	0	0	0	0	0	0.438	0.438
Ccdc36	Syce2	10090.ENSMUSP00000075898	10090.ENSMUSP00000131438	0	0	0	0	0	0	0	0.455	0.455
Ccdc36	Shoc1	10090.ENSMUSP00000075898	10090.ENSMUSP00000103171	0	0	0	0	0	0	0	0.467	0.467
Ccdc36	Ccnb1ip1	10090.ENSMUSP00000075898	10090.ENSMUSP00000093622	0	0	0	0	0	0	0	0.490	0.489
Ccdc36	Rnf212	10090.ENSMUSP00000075898	10090.ENSMUSP00000148758	0	0	0	0	0	0	0	0.490	0.489
Ccdc36	Sycp2	10090.ENSMUSP00000075898	10090.ENSMUSP00000079909	0	0	0	0	0	0	0	0.551	0.551
Ccdc36	Hormad2	10090.ENSMUSP00000075898	10090.ENSMUSP00000105574	0	0	0	0	0	0	0	0.607	0.607
Ccdc36	Prdm9	10090.ENSMUSP00000075898	10090.ENSMUSP00000156841	0	0	0	0	0	0	0	0.814	0.814
Ccdc36	Mei1	10090.ENSMUSP00000075898	10090.ENSMUSP00000140479	0	0	0	0	0	0	0	0.842	0.842
Ccdc36	Gm960	10090.ENSMUSP00000075898	10090.ENSMUSP00000136515	0	0	0	0	0	0	0	0.863	0.863
Ccdc36	Ankrd31	10090.ENSMUSP00000075898	10090.ENSMUSP00000146720	0	0	0	0	0	0	0	0.897	0.897
Ccdc36	Rec114	10090.ENSMUSP00000075898	10090.ENSMUSP00000096271	0	0	0	0	0	0	0	0.944	0.944
Ccnb1ip1	Msh4	10090.ENSMUSP00000093622	10090.ENSMUSP00000005630	0	0	0	0	0	0	0	0.841	0.841
Ccnb1ip1	Tex11	10090.ENSMUSP00000093622	10090.ENSMUSP00000009814	0	0	0	0	0.061	0	0	0.622	0.630
Ccnb1ip1	Sycp3	10090.ENSMUSP00000093622	10090.ENSMUSP00000020252	0	0	0	0	0.073	0	0	0.431	0.449
Ccnb1ip1	Sycp1	10090.ENSMUSP00000093622	10090.ENSMUSP00000029448	0	0	0	0	0.104	0	0	0.486	0.519
Ccnb1ip1	Hormad1	10090.ENSMUSP00000093622	10090.ENSMUSP00000029754	0	0	0	0	0.101	0	0	0.574	0.600
Ccnb1ip1	Spo11	10090.ENSMUSP00000093622	10090.ENSMUSP00000059056	0	0	0	0	0	0	0	0.687	0.687
Ccnb1ip1	Ccdc36	10090.ENSMUSP00000093622	10090.ENSMUSP00000075898	0	0	0	0	0	0	0	0.490	0.489
Ccnb1ip1	Sycp2	10090.ENSMUSP00000093622	10090.ENSMUSP00000079909	0	0	0	0	0	0	0	0.439	0.439
Ccnb1ip1	Hsf2bp	10090.ENSMUSP00000093622	10090.ENSMUSP00000157466	0	0	0	0	0.066	0	0	0.410	0.425
Ccnb1ip1	Hormad2	10090.ENSMUSP00000093622	10090.ENSMUSP00000105574	0	0	0	0	0.067	0	0	0.418	0.434
Ccnb1ip1	Shoc1	10090.ENSMUSP00000093622	10090.ENSMUSP00000103171	0	0	0	0	0.081	0	0	0.517	0.537
Ccnb1ip1	Hfm1	10090.ENSMUSP00000093622	10090.ENSMUSP00000108310	0	0	0	0	0	0	0	0.748	0.748
Ccnb1ip1	Rnf212b	10090.ENSMUSP00000093622	10090.ENSMUSP00000151344	0	0	0	0	0.079	0	0	0.747	0.757
Ccnb1ip1	Rnf212	10090.ENSMUSP00000093622	10090.ENSMUSP00000148758	0	0	0	0	0.083	0	0	0.843	0.849
Gm960	Tex11	10090.ENSMUSP00000136515	10090.ENSMUSP00000009814	0	0	0	0	0	0	0	0.481	0.481
Gm960	Sycp3	10090.ENSMUSP00000136515	10090.ENSMUSP00000020252	0	0	0	0	0	0	0	0.519	0.519
Gm960	Meiob	10090.ENSMUSP00000136515	10090.ENSMUSP00000024972	0	0	0	0	0.043	0	0	0.491	0.492
Gm960	Syce1	10090.ENSMUSP00000136515	10090.ENSMUSP00000026553	0	0	0	0	0	0	0	0.412	0.412
Gm960	Sycp1	10090.ENSMUSP00000136515	10090.ENSMUSP00000029448	0	0	0	0	0	0	0	0.517	0.517
Gm960	Hormad1	10090.ENSMUSP00000136515	10090.ENSMUSP00000029754	0	0	0	0	0	0	0	0.645	0.645
Gm960	4930447C04Rik	10090.ENSMUSP00000136515	10090.ENSMUSP00000035376	0	0	0	0	0	0	0	0.552	0.552
Gm960	Spo11	10090.ENSMUSP00000136515	10090.ENSMUSP00000059056	0	0	0	0	0	0.345	0	0.991	0.993
Gm960	Terb1	10090.ENSMUSP00000136515	10090.ENSMUSP00000067324	0	0	0	0	0	0	0	0.450	0.450
Gm960	Ccdc36	10090.ENSMUSP00000136515	10090.ENSMUSP00000075898	0	0	0	0	0	0	0	0.863	0.863
Gm960	Sycp2	10090.ENSMUSP00000136515	10090.ENSMUSP00000079909	0	0	0	0	0	0	0	0.553	0.553
Gm960	Rec114	10090.ENSMUSP00000136515	10090.ENSMUSP00000096271	0	0	0	0	0	0	0	0.842	0.842
Gm960	Syce2	10090.ENSMUSP00000136515	10090.ENSMUSP00000131438	0	0	0	0	0	0	0	0.517	0.517
Gm960	Syce3	10090.ENSMUSP00000136515	10090.ENSMUSP00000131766	0	0	0	0	0	0	0	0.458	0.457
Gm960	Hsf2bp	10090.ENSMUSP00000136515	10090.ENSMUSP00000157466	0	0	0	0	0	0	0	0.433	0.433
Gm960	Prdm9	10090.ENSMUSP00000136515	10090.ENSMUSP00000156841	0	0	0	0	0	0	0	0.692	0.692
Gm960	Ankrd31	10090.ENSMUSP00000136515	10090.ENSMUSP00000146720	0	0	0	0	0	0	0	0.716	0.716
Gm960	Mei1	10090.ENSMUSP00000136515	10090.ENSMUSP00000140479	0	0	0	0	0	0	0	0.717	0.717
Hfm1	Msh4	10090.ENSMUSP00000108310	10090.ENSMUSP00000005630	0	0	0	0	0	0.073	0	0.985	0.985
Hfm1	Msh5	10090.ENSMUSP00000108310	10090.ENSMUSP00000007250	0	0	0	0	0.087	0.050	0	0.617	0.639
Hfm1	Tex11	10090.ENSMUSP00000108310	10090.ENSMUSP00000009814	0	0	0	0	0.084	0.066	0	0.744	0.762
Hfm1	Sycp3	10090.ENSMUSP00000108310	10090.ENSMUSP00000020252	0	0	0	0	0	0	0	0.494	0.494
Hfm1	Meiob	10090.ENSMUSP00000108310	10090.ENSMUSP00000024972	0	0	0	0	0	0	0	0.661	0.661
Hfm1	Syce1	10090.ENSMUSP00000108310	10090.ENSMUSP00000026553	0	0	0	0	0.050	0	0	0.695	0.698
Hfm1	Sycp1	10090.ENSMUSP00000108310	10090.ENSMUSP00000029448	0	0	0	0	0	0.069	0	0.556	0.569
Hfm1	Hormad1	10090.ENSMUSP00000108310	10090.ENSMUSP00000029754	0	0	0	0	0.082	0	0	0.603	0.620
Hfm1	4930447C04Rik	10090.ENSMUSP00000108310	10090.ENSMUSP00000035376	0	0	0	0	0.121	0	0	0.494	0.536
Hfm1	Spo11	10090.ENSMUSP00000108310	10090.ENSMUSP00000059056	0	0	0	0	0.050	0	0	0.855	0.857
Hfm1	Spata22	10090.ENSMUSP00000108310	10090.ENSMUSP00000090602	0	0	0	0	0	0	0	0.534	0.534
Hfm1	Ccnb1ip1	10090.ENSMUSP00000108310	10090.ENSMUSP00000093622	0	0	0	0	0	0	0	0.748	0.748
Hfm1	Rec114	10090.ENSMUSP00000108310	10090.ENSMUSP00000096271	0	0	0	0	0	0	0	0.586	0.586
Hfm1	Shoc1	10090.ENSMUSP00000108310	10090.ENSMUSP00000103171	0	0	0	0	0	0	0	0.685	0.685
Hfm1	Hormad2	10090.ENSMUSP00000108310	10090.ENSMUSP00000105574	0	0	0	0	0.082	0	0	0.479	0.502
Hfm1	Mei1	10090.ENSMUSP00000108310	10090.ENSMUSP00000140479	0	0	0	0	0.042	0	0	0.406	0.407
Hfm1	Prdm9	10090.ENSMUSP00000108310	10090.ENSMUSP00000156841	0	0	0	0	0	0	0	0.446	0.446
Hfm1	Hsf2bp	10090.ENSMUSP00000108310	10090.ENSMUSP00000157466	0	0	0	0	0	0	0	0.533	0.533
Hfm1	Rnf212b	10090.ENSMUSP00000108310	10090.ENSMUSP00000151344	0	0	0	0	0	0	0	0.667	0.667
Hfm1	Rnf212	10090.ENSMUSP00000108310	10090.ENSMUSP00000148758	0	0	0	0	0.044	0	0	0.738	0.738
Hormad1	Msh4	10090.ENSMUSP00000029754	10090.ENSMUSP00000005630	0	0	0	0	0.124	0	0	0.767	0.787
Hormad1	Msh5	10090.ENSMUSP00000029754	10090.ENSMUSP00000007250	0	0	0	0	0.051	0	0	0.408	0.414
Hormad1	Tex15	10090.ENSMUSP00000029754	10090.ENSMUSP00000009772	0	0	0	0	0.086	0	0	0.455	0.480
Hormad1	Tex11	10090.ENSMUSP00000029754	10090.ENSMUSP00000009814	0	0	0	0	0.172	0.088	0	0.716	0.767
Hormad1	Sycp3	10090.ENSMUSP00000029754	10090.ENSMUSP00000020252	0	0	0	0	0.132	0.042	0	0.879	0.890
Hormad1	Meiob	10090.ENSMUSP00000029754	10090.ENSMUSP00000024972	0	0	0	0	0.054	0	0	0.677	0.681
Hormad1	Syce1	10090.ENSMUSP00000029754	10090.ENSMUSP00000026553	0	0	0	0	0.148	0	0	0.885	0.898
Hormad1	Terb2	10090.ENSMUSP00000029754	10090.ENSMUSP00000028661	0	0	0	0	0.168	0	0	0.644	0.691
Hormad1	Sycp1	10090.ENSMUSP00000029754	10090.ENSMUSP00000029448	0	0	0	0	0.280	0.051	0	0.899	0.925
Hormad1	Shoc1	10090.ENSMUSP00000029754	10090.ENSMUSP00000103171	0	0	0	0	0.096	0	0	0.368	0.404
Hormad1	4930432K21Rik	10090.ENSMUSP00000029754	10090.ENSMUSP00000113651	0	0	0	0	0.071	0	0	0.395	0.413
Hormad1	Hormad2	10090.ENSMUSP00000029754	10090.ENSMUSP00000105574	0	0	0.077	0.927	0.102	0	0	0.400	0.459
Hormad1	Hsf2bp	10090.ENSMUSP00000029754	10090.ENSMUSP00000157466	0	0	0	0	0.115	0	0	0.450	0.492
Hormad1	Terb1	10090.ENSMUSP00000029754	10090.ENSMUSP00000067324	0	0	0	0	0.077	0	0	0.575	0.591
Hormad1	Ccnb1ip1	10090.ENSMUSP00000029754	10090.ENSMUSP00000093622	0	0	0	0	0.101	0	0	0.574	0.600
Hormad1	Majin	10090.ENSMUSP00000029754	10090.ENSMUSP00000109156	0	0	0	0	0.081	0	0	0.603	0.619
Hormad1	Hfm1	10090.ENSMUSP00000029754	10090.ENSMUSP00000108310	0	0	0	0	0.082	0	0	0.603	0.620
Hormad1	4930447C04Rik	10090.ENSMUSP00000029754	10090.ENSMUSP00000035376	0	0	0	0	0.091	0	0	0.623	0.642
Hormad1	Gm960	10090.ENSMUSP00000029754	10090.ENSMUSP00000136515	0	0	0	0	0	0	0	0.645	0.645
Hormad1	Spata22	10090.ENSMUSP00000029754	10090.ENSMUSP00000090602	0	0	0	0	0	0	0	0.645	0.645
Hormad1	Ankrd31	10090.ENSMUSP00000029754	10090.ENSMUSP00000146720	0	0	0	0	0	0	0	0.655	0.655
Hormad1	Rnf212	10090.ENSMUSP00000029754	10090.ENSMUSP00000148758	0	0	0	0	0.056	0	0	0.666	0.671
Hormad1	Prdm9	10090.ENSMUSP00000029754	10090.ENSMUSP00000156841	0	0	0	0	0	0.042	0	0.684	0.684
Hormad1	Rec114	10090.ENSMUSP00000029754	10090.ENSMUSP00000096271	0	0	0	0	0.074	0	0	0.742	0.751
Hormad1	Mei1	10090.ENSMUSP00000029754	10090.ENSMUSP00000140479	0	0	0	0	0.041	0	0	0.767	0.767
Hormad1	Syce3	10090.ENSMUSP00000029754	10090.ENSMUSP00000131766	0	0	0	0	0.115	0	0	0.783	0.800
Hormad1	Tex12	10090.ENSMUSP00000029754	10090.ENSMUSP00000149921	0	0	0	0	0.154	0	0	0.787	0.812
Hormad1	Sycp2	10090.ENSMUSP00000029754	10090.ENSMUSP00000079909	0	0	0	0	0.096	0	0	0.809	0.819
Hormad1	Syce2	10090.ENSMUSP00000029754	10090.ENSMUSP00000131438	0	0	0	0	0.066	0	0	0.821	0.825
Hormad1	Spo11	10090.ENSMUSP00000029754	10090.ENSMUSP00000059056	0	0	0	0	0.074	0	0	0.934	0.937
Hormad1	Ccdc36	10090.ENSMUSP00000029754	10090.ENSMUSP00000075898	0	0	0	0	0	0	0	0.954	0.954
Hormad2	Msh4	10090.ENSMUSP00000105574	10090.ENSMUSP00000005630	0	0	0	0	0.106	0	0	0.710	0.730
Hormad2	Msh5	10090.ENSMUSP00000105574	10090.ENSMUSP00000007250	0	0	0	0	0.056	0	0	0.420	0.429
Hormad2	Tex15	10090.ENSMUSP00000105574	10090.ENSMUSP00000009772	0	0	0	0	0	0	0	0.549	0.549
Hormad2	Tex11	10090.ENSMUSP00000105574	10090.ENSMUSP00000009814	0	0	0	0	0.116	0.088	0	0.716	0.751
Hormad2	Sycp3	10090.ENSMUSP00000105574	10090.ENSMUSP00000020252	0	0	0	0	0.070	0.042	0	0.912	0.915
Hormad2	Meiob	10090.ENSMUSP00000105574	10090.ENSMUSP00000024972	0	0	0	0	0.057	0	0	0.658	0.664
Hormad2	Syce1	10090.ENSMUSP00000105574	10090.ENSMUSP00000026553	0	0	0	0	0.087	0	0	0.779	0.789
Hormad2	Terb2	10090.ENSMUSP00000105574	10090.ENSMUSP00000028661	0	0	0	0	0.134	0	0	0.598	0.637
Hormad2	Sycp1	10090.ENSMUSP00000105574	10090.ENSMUSP00000029448	0	0	0	0	0.044	0.051	0	0.800	0.802
Hormad2	Hormad1	10090.ENSMUSP00000105574	10090.ENSMUSP00000029754	0	0	0.077	0.927	0.102	0	0	0.400	0.459
Hormad2	4930447C04Rik	10090.ENSMUSP00000105574	10090.ENSMUSP00000035376	0	0	0	0	0.067	0	0	0.517	0.530
Hormad2	Spo11	10090.ENSMUSP00000105574	10090.ENSMUSP00000059056	0	0	0	0	0.071	0	0	0.881	0.885
Hormad2	Terb1	10090.ENSMUSP00000105574	10090.ENSMUSP00000067324	0	0	0	0	0.042	0	0	0.786	0.786
Hormad2	Ccdc36	10090.ENSMUSP00000105574	10090.ENSMUSP00000075898	0	0	0	0	0	0	0	0.607	0.607
Hormad2	Sycp2	10090.ENSMUSP00000105574	10090.ENSMUSP00000079909	0	0	0	0	0.061	0	0	0.799	0.803
Hormad2	Spata22	10090.ENSMUSP00000105574	10090.ENSMUSP00000090602	0	0	0	0	0	0	0	0.607	0.607
Hormad2	Ccnb1ip1	10090.ENSMUSP00000105574	10090.ENSMUSP00000093622	0	0	0	0	0.067	0	0	0.418	0.434
Hormad2	Rec114	10090.ENSMUSP00000105574	10090.ENSMUSP00000096271	0	0	0	0	0.089	0	0	0.682	0.698
Hormad2	Hfm1	10090.ENSMUSP00000105574	10090.ENSMUSP00000108310	0	0	0	0	0.082	0	0	0.479	0.502
Hormad2	4930432K21Rik	10090.ENSMUSP00000105574	10090.ENSMUSP00000113651	0	0	0	0	0.064	0	0	0.518	0.529
Hormad2	Ankrd31	10090.ENSMUSP00000105574	10090.ENSMUSP00000146720	0	0	0	0	0	0	0	0.551	0.551
Hormad2	Rnf212	10090.ENSMUSP00000105574	10090.ENSMUSP00000148758	0	0	0	0	0.056	0	0	0.597	0.604
Hormad2	Mei1	10090.ENSMUSP00000105574	10090.ENSMUSP00000140479	0	0	0	0	0.042	0	0	0.633	0.633
Hormad2	Syce3	10090.ENSMUSP00000105574	10090.ENSMUSP00000131766	0	0	0	0	0.089	0	0	0.618	0.637
Hormad2	Tex12	10090.ENSMUSP00000105574	10090.ENSMUSP00000149921	0	0	0	0	0.079	0	0	0.645	0.659
Hormad2	Prdm9	10090.ENSMUSP00000105574	10090.ENSMUSP00000156841	0	0	0	0	0.051	0.042	0	0.670	0.674
Hormad2	Majin	10090.ENSMUSP00000105574	10090.ENSMUSP00000109156	0	0	0	0	0	0	0	0.684	0.684
Hormad2	Syce2	10090.ENSMUSP00000105574	10090.ENSMUSP00000131438	0	0	0	0	0.061	0	0	0.741	0.747
Hsf2bp	Msh4	10090.ENSMUSP00000157466	10090.ENSMUSP00000005630	0	0	0	0	0.046	0	0	0.423	0.426
Hsf2bp	Tex15	10090.ENSMUSP00000157466	10090.ENSMUSP00000009772	0	0	0	0	0.044	0	0	0.554	0.555
Hsf2bp	Sycp3	10090.ENSMUSP00000157466	10090.ENSMUSP00000020252	0	0	0	0	0.061	0	0	0.440	0.451
Hsf2bp	Meiob	10090.ENSMUSP00000157466	10090.ENSMUSP00000024972	0	0	0	0	0	0	0	0.709	0.709
Hsf2bp	Syce1	10090.ENSMUSP00000157466	10090.ENSMUSP00000026553	0	0	0	0	0.082	0	0	0.403	0.428
Hsf2bp	Sycp1	10090.ENSMUSP00000157466	10090.ENSMUSP00000029448	0	0	0	0	0.061	0	0	0.418	0.430
Hsf2bp	Hormad1	10090.ENSMUSP00000157466	10090.ENSMUSP00000029754	0	0	0	0	0.115	0	0	0.450	0.492
Hsf2bp	4930447C04Rik	10090.ENSMUSP00000157466	10090.ENSMUSP00000035376	0	0	0	0	0.054	0	0	0.544	0.550
Hsf2bp	Spo11	10090.ENSMUSP00000157466	10090.ENSMUSP00000059056	0	0	0	0	0	0	0	0.463	0.463
Hsf2bp	Spata22	10090.ENSMUSP00000157466	10090.ENSMUSP00000090602	0	0	0	0	0	0	0	0.781	0.781
Hsf2bp	Ccnb1ip1	10090.ENSMUSP00000157466	10090.ENSMUSP00000093622	0	0	0	0	0.066	0	0	0.410	0.425
Hsf2bp	Hfm1	10090.ENSMUSP00000157466	10090.ENSMUSP00000108310	0	0	0	0	0	0	0	0.533	0.533
Hsf2bp	4930432K21Rik	10090.ENSMUSP00000157466	10090.ENSMUSP00000113651	0	0	0	0	0.043	0.061	0	0.741	0.746
Hsf2bp	Syce2	10090.ENSMUSP00000157466	10090.ENSMUSP00000131438	0	0	0	0	0.043	0	0	0.666	0.666
Hsf2bp	Syce3	10090.ENSMUSP00000157466	10090.ENSMUSP00000131766	0	0	0	0	0.066	0	0	0.490	0.503
Hsf2bp	Gm960	10090.ENSMUSP00000157466	10090.ENSMUSP00000136515	0	0	0	0	0	0	0	0.433	0.433
Hsf2bp	Mei1	10090.ENSMUSP00000157466	10090.ENSMUSP00000140479	0	0	0	0	0	0	0	0.490	0.490
Hsf2bp	Ankrd31	10090.ENSMUSP00000157466	10090.ENSMUSP00000146720	0	0	0	0	0	0	0	0.459	0.459
Hsf2bp	Rnf212	10090.ENSMUSP00000157466	10090.ENSMUSP00000148758	0	0	0	0	0	0	0	0.548	0.548
Majin	Msh4	10090.ENSMUSP00000109156	10090.ENSMUSP00000005630	0	0	0	0	0.158	0	0	0.410	0.482
Majin	Sycp3	10090.ENSMUSP00000109156	10090.ENSMUSP00000020252	0	0	0	0	0	0	0	0.515	0.515
Majin	Meiob	10090.ENSMUSP00000109156	10090.ENSMUSP00000024972	0	0	0	0	0.079	0	0	0.393	0.417
Majin	Syce1	10090.ENSMUSP00000109156	10090.ENSMUSP00000026553	0	0	0	0	0.065	0	0	0.515	0.527
Majin	Terb2	10090.ENSMUSP00000109156	10090.ENSMUSP00000028661	0	0	0	0	0.111	0.788	0	0.993	0.998
Majin	Sycp1	10090.ENSMUSP00000109156	10090.ENSMUSP00000029448	0	0	0	0	0.042	0	0	0.518	0.519
Majin	Hormad1	10090.ENSMUSP00000109156	10090.ENSMUSP00000029754	0	0	0	0	0.081	0	0	0.603	0.619
Majin	4930447C04Rik	10090.ENSMUSP00000109156	10090.ENSMUSP00000035376	0	0	0	0	0	0	0	0.590	0.590
Majin	Spo11	10090.ENSMUSP00000109156	10090.ENSMUSP00000059056	0	0	0	0	0.051	0	0	0.478	0.484
Majin	Terb1	10090.ENSMUSP00000109156	10090.ENSMUSP00000067324	0	0	0	0	0.079	0	0	0.992	0.992
Majin	Hormad2	10090.ENSMUSP00000109156	10090.ENSMUSP00000105574	0	0	0	0	0	0	0	0.684	0.684
Majin	Rnf212	10090.ENSMUSP00000109156	10090.ENSMUSP00000148758	0	0	0	0	0	0	0	0.426	0.426
Majin	Mei1	10090.ENSMUSP00000109156	10090.ENSMUSP00000140479	0	0	0	0	0.054	0	0	0.424	0.432
Majin	Syce2	10090.ENSMUSP00000109156	10090.ENSMUSP00000131438	0	0	0	0	0	0	0	0.452	0.452
Majin	Tex12	10090.ENSMUSP00000109156	10090.ENSMUSP00000149921	0	0	0	0	0.046	0	0	0.500	0.503
Majin	Spdya	10090.ENSMUSP00000109156	10090.ENSMUSP00000125912	0	0	0	0	0.067	0	0	0.522	0.534
Majin	Syce3	10090.ENSMUSP00000109156	10090.ENSMUSP00000131766	0	0	0	0	0.061	0	0	0.594	0.602
Mei1	Msh4	10090.ENSMUSP00000140479	10090.ENSMUSP00000005630	0	0	0	0	0	0	0	0.575	0.575
Mei1	Tex15	10090.ENSMUSP00000140479	10090.ENSMUSP00000009772	0	0	0	0	0	0	0	0.600	0.600
Mei1	Tex11	10090.ENSMUSP00000140479	10090.ENSMUSP00000009814	0	0	0	0	0	0	0	0.537	0.537
Mei1	Sycp3	10090.ENSMUSP00000140479	10090.ENSMUSP00000020252	0	0	0	0	0	0	0	0.618	0.618
Mei1	Meiob	10090.ENSMUSP00000140479	10090.ENSMUSP00000024972	0	0	0	0	0.047	0	0	0.606	0.609
Mei1	Syce1	10090.ENSMUSP00000140479	10090.ENSMUSP00000026553	0	0	0	0	0.122	0	0	0.795	0.813
Mei1	Sycp1	10090.ENSMUSP00000140479	10090.ENSMUSP00000029448	0	0	0	0	0	0	0	0.702	0.702
Mei1	Hormad1	10090.ENSMUSP00000140479	10090.ENSMUSP00000029754	0	0	0	0	0.041	0	0	0.767	0.767
Mei1	4930447C04Rik	10090.ENSMUSP00000140479	10090.ENSMUSP00000035376	0	0	0	0	0.060	0	0	0.431	0.442
Mei1	Spo11	10090.ENSMUSP00000140479	10090.ENSMUSP00000059056	0	0	0	0	0	0	0	0.773	0.773
Mei1	Terb1	10090.ENSMUSP00000140479	10090.ENSMUSP00000067324	0	0	0	0	0.086	0	0	0.531	0.553
Mei1	Ccdc36	10090.ENSMUSP00000140479	10090.ENSMUSP00000075898	0	0	0	0	0	0	0	0.842	0.842
Mei1	Sycp2	10090.ENSMUSP00000140479	10090.ENSMUSP00000079909	0	0	0	0	0.048	0	0	0.606	0.608
Mei1	Spata22	10090.ENSMUSP00000140479	10090.ENSMUSP00000090602	0	0	0	0	0	0	0	0.491	0.491
Mei1	Rec114	10090.ENSMUSP00000140479	10090.ENSMUSP00000096271	0	0	0	0	0.058	0	0	0.926	0.927
Mei1	Shoc1	10090.ENSMUSP00000140479	10090.ENSMUSP00000103171	0	0	0	0	0	0	0	0.483	0.483
Mei1	Hormad2	10090.ENSMUSP00000140479	10090.ENSMUSP00000105574	0	0	0	0	0.042	0	0	0.633	0.633
Mei1	Hfm1	10090.ENSMUSP00000140479	10090.ENSMUSP00000108310	0	0	0	0	0.042	0	0	0.406	0.407
Mei1	Majin	10090.ENSMUSP00000140479	10090.ENSMUSP00000109156	0	0	0	0	0.054	0	0	0.424	0.432
Mei1	Syce2	10090.ENSMUSP00000140479	10090.ENSMUSP00000131438	0	0	0	0	0.064	0	0	0.628	0.637
Mei1	Syce3	10090.ENSMUSP00000140479	10090.ENSMUSP00000131766	0	0	0	0	0.067	0	0	0.426	0.442
Mei1	Gm960	10090.ENSMUSP00000140479	10090.ENSMUSP00000136515	0	0	0	0	0	0	0	0.717	0.717
Mei1	Tex12	10090.ENSMUSP00000140479	10090.ENSMUSP00000149921	0	0	0	0	0	0	0	0.488	0.488
Mei1	Hsf2bp	10090.ENSMUSP00000140479	10090.ENSMUSP00000157466	0	0	0	0	0	0	0	0.490	0.490
Mei1	Prdm9	10090.ENSMUSP00000140479	10090.ENSMUSP00000156841	0	0	0	0	0	0	0	0.621	0.621
Mei1	Ankrd31	10090.ENSMUSP00000140479	10090.ENSMUSP00000146720	0	0	0	0	0	0.041	0	0.809	0.809
Meiob	Msh4	10090.ENSMUSP00000024972	10090.ENSMUSP00000005630	0	0	0	0	0.126	0.272	0	0.690	0.785
Meiob	Msh5	10090.ENSMUSP00000024972	10090.ENSMUSP00000007250	0	0	0	0	0.104	0.272	0	0.224	0.450
Meiob	Tex15	10090.ENSMUSP00000024972	10090.ENSMUSP00000009772	0	0	0	0	0	0.066	0	0.665	0.674
Meiob	Tex11	10090.ENSMUSP00000024972	10090.ENSMUSP00000009814	0	0	0	0	0	0	0	0.696	0.696
Meiob	Sycp3	10090.ENSMUSP00000024972	10090.ENSMUSP00000020252	0	0	0	0	0.047	0.063	0	0.703	0.712
Meiob	Ccdc36	10090.ENSMUSP00000024972	10090.ENSMUSP00000075898	0	0	0	0	0	0	0	0.415	0.415
Meiob	Majin	10090.ENSMUSP00000024972	10090.ENSMUSP00000109156	0	0	0	0	0.079	0	0	0.393	0.417
Meiob	Terb2	10090.ENSMUSP00000024972	10090.ENSMUSP00000028661	0	0	0	0	0.052	0	0	0.480	0.486
Meiob	Gm960	10090.ENSMUSP00000024972	10090.ENSMUSP00000136515	0	0	0	0	0.043	0	0	0.491	0.492
Meiob	4930447C04Rik	10090.ENSMUSP00000024972	10090.ENSMUSP00000035376	0	0	0	0	0	0	0	0.497	0.497
Meiob	Tex12	10090.ENSMUSP00000024972	10090.ENSMUSP00000149921	0	0	0	0	0.079	0	0	0.482	0.503
Meiob	Tex14	10090.ENSMUSP00000024972	10090.ENSMUSP00000054444	0	0	0	0	0.043	0.052	0	0.512	0.518
Meiob	Shoc1	10090.ENSMUSP00000024972	10090.ENSMUSP00000103171	0	0	0	0	0	0	0	0.537	0.537
Meiob	Terb1	10090.ENSMUSP00000024972	10090.ENSMUSP00000067324	0	0	0	0	0.057	0	0	0.541	0.549
Meiob	Syce2	10090.ENSMUSP00000024972	10090.ENSMUSP00000131438	0	0	0	0	0.043	0	0	0.561	0.562
Meiob	Rnf212	10090.ENSMUSP00000024972	10090.ENSMUSP00000148758	0	0	0	0	0	0	0	0.579	0.579
Meiob	Prdm9	10090.ENSMUSP00000024972	10090.ENSMUSP00000156841	0	0	0	0	0.050	0.063	0	0.574	0.588
Meiob	Sycp2	10090.ENSMUSP00000024972	10090.ENSMUSP00000079909	0	0	0	0	0	0	0	0.606	0.606
Meiob	Mei1	10090.ENSMUSP00000024972	10090.ENSMUSP00000140479	0	0	0	0	0.047	0	0	0.606	0.609
Meiob	Sycp1	10090.ENSMUSP00000024972	10090.ENSMUSP00000029448	0	0	0	0	0	0.067	0	0.617	0.628
Meiob	4930432K21Rik	10090.ENSMUSP00000024972	10090.ENSMUSP00000113651	0	0	0	0	0.057	0	0	0.646	0.651
Meiob	Hfm1	10090.ENSMUSP00000024972	10090.ENSMUSP00000108310	0	0	0	0	0	0	0	0.661	0.661
Meiob	Hormad2	10090.ENSMUSP00000024972	10090.ENSMUSP00000105574	0	0	0	0	0.057	0	0	0.658	0.664
Meiob	Hormad1	10090.ENSMUSP00000024972	10090.ENSMUSP00000029754	0	0	0	0	0.054	0	0	0.677	0.681
Meiob	Syce1	10090.ENSMUSP00000024972	10090.ENSMUSP00000026553	0	0	0	0	0.066	0	0	0.695	0.703
Meiob	Syce3	10090.ENSMUSP00000024972	10090.ENSMUSP00000131766	0	0	0	0	0.050	0	0	0.702	0.705
Meiob	Hsf2bp	10090.ENSMUSP00000024972	10090.ENSMUSP00000157466	0	0	0	0	0	0	0	0.709	0.709
Meiob	Spo11	10090.ENSMUSP00000024972	10090.ENSMUSP00000059056	0	0	0	0	0.044	0	0	0.754	0.755
Meiob	Spata22	10090.ENSMUSP00000024972	10090.ENSMUSP00000090602	0	0	0	0	0	0	0	0.957	0.957
Msh4	Terb2	10090.ENSMUSP00000005630	10090.ENSMUSP00000028661	0	0	0	0	0.051	0	0	0.403	0.409
Msh4	Hsf2bp	10090.ENSMUSP00000005630	10090.ENSMUSP00000157466	0	0	0	0	0.046	0	0	0.423	0.426
Msh4	Ankrd31	10090.ENSMUSP00000005630	10090.ENSMUSP00000146720	0	0	0	0	0	0.060	0	0.416	0.428
Msh4	Terb1	10090.ENSMUSP00000005630	10090.ENSMUSP00000067324	0	0	0	0	0	0	0	0.457	0.457
Msh4	Majin	10090.ENSMUSP00000005630	10090.ENSMUSP00000109156	0	0	0	0	0.158	0	0	0.410	0.482
Msh4	4930447C04Rik	10090.ENSMUSP00000005630	10090.ENSMUSP00000035376	0	0	0	0	0	0	0	0.495	0.495
Msh4	Tex12	10090.ENSMUSP00000005630	10090.ENSMUSP00000149921	0	0	0	0	0.047	0	0	0.503	0.506
Msh4	Mei1	10090.ENSMUSP00000005630	10090.ENSMUSP00000140479	0	0	0	0	0	0	0	0.575	0.575
Msh4	Spata22	10090.ENSMUSP00000005630	10090.ENSMUSP00000090602	0	0	0	0	0	0	0	0.608	0.608
Msh4	Syce2	10090.ENSMUSP00000005630	10090.ENSMUSP00000131438	0	0	0	0	0	0	0	0.613	0.613
Msh4	Sycp2	10090.ENSMUSP00000005630	10090.ENSMUSP00000079909	0	0	0	0	0.049	0	0	0.648	0.650
Msh4	Prdm9	10090.ENSMUSP00000005630	10090.ENSMUSP00000156841	0	0	0	0	0.058	0.050	0	0.641	0.650
Msh4	Rec114	10090.ENSMUSP00000005630	10090.ENSMUSP00000096271	0	0	0	0	0.066	0.075	0	0.652	0.673
Msh4	Syce1	10090.ENSMUSP00000005630	10090.ENSMUSP00000026553	0	0	0	0	0	0	0	0.693	0.693
Msh4	Rnf212b	10090.ENSMUSP00000005630	10090.ENSMUSP00000151344	0	0	0	0	0.054	0.066	0	0.705	0.716
Msh4	Sycp1	10090.ENSMUSP00000005630	10090.ENSMUSP00000029448	0	0	0	0	0.070	0	0	0.720	0.728
Msh4	Hormad2	10090.ENSMUSP00000005630	10090.ENSMUSP00000105574	0	0	0	0	0.106	0	0	0.710	0.730
Msh4	Shoc1	10090.ENSMUSP00000005630	10090.ENSMUSP00000103171	0	0	0	0	0	0	0	0.755	0.755
Msh4	Meiob	10090.ENSMUSP00000005630	10090.ENSMUSP00000024972	0	0	0	0	0.126	0.272	0	0.690	0.785
Msh4	Hormad1	10090.ENSMUSP00000005630	10090.ENSMUSP00000029754	0	0	0	0	0.124	0	0	0.767	0.787
Msh4	Sycp3	10090.ENSMUSP00000005630	10090.ENSMUSP00000020252	0	0	0	0	0	0.050	0	0.838	0.840
Msh4	Ccnb1ip1	10090.ENSMUSP00000005630	10090.ENSMUSP00000093622	0	0	0	0	0	0	0	0.841	0.841
Msh4	Tex11	10090.ENSMUSP00000005630	10090.ENSMUSP00000009814	0	0	0	0	0.092	0	0	0.847	0.855
Msh4	Rnf212	10090.ENSMUSP00000005630	10090.ENSMUSP00000148758	0	0	0	0	0.092	0.066	0	0.861	0.872
Msh4	Spo11	10090.ENSMUSP00000005630	10090.ENSMUSP00000059056	0	0	0	0	0.103	0.073	0	0.922	0.929
Msh4	Hfm1	10090.ENSMUSP00000005630	10090.ENSMUSP00000108310	0	0	0	0	0	0.073	0	0.985	0.985
Msh4	Msh5	10090.ENSMUSP00000005630	10090.ENSMUSP00000007250	0	0	0.164	0.589	0.199	0.978	0.800	0.824	0.999
Msh5	Msh4	10090.ENSMUSP00000007250	10090.ENSMUSP00000005630	0	0	0.164	0.589	0.199	0.978	0.800	0.824	0.999
Msh5	Hormad1	10090.ENSMUSP00000007250	10090.ENSMUSP00000029754	0	0	0	0	0.051	0	0	0.408	0.414
Msh5	Hormad2	10090.ENSMUSP00000007250	10090.ENSMUSP00000105574	0	0	0	0	0.056	0	0	0.420	0.429
Msh5	Meiob	10090.ENSMUSP00000007250	10090.ENSMUSP00000024972	0	0	0	0	0.104	0.272	0	0.224	0.450
Msh5	Tex11	10090.ENSMUSP00000007250	10090.ENSMUSP00000009814	0	0	0	0	0.064	0	0	0.526	0.537
Msh5	Syce2	10090.ENSMUSP00000007250	10090.ENSMUSP00000131438	0	0	0	0	0.044	0	0	0.550	0.552
Msh5	Rnf212	10090.ENSMUSP00000007250	10090.ENSMUSP00000148758	0	0	0	0	0.055	0.066	0	0.538	0.557
Msh5	Hfm1	10090.ENSMUSP00000007250	10090.ENSMUSP00000108310	0	0	0	0	0.087	0.050	0	0.617	0.639
Msh5	Spo11	10090.ENSMUSP00000007250	10090.ENSMUSP00000059056	0	0	0	0	0.171	0.056	0	0.599	0.659
Prdm9	Msh4	10090.ENSMUSP00000156841	10090.ENSMUSP00000005630	0	0	0	0	0.058	0.050	0	0.641	0.650
Prdm9	Tex11	10090.ENSMUSP00000156841	10090.ENSMUSP00000009814	0	0	0	0	0.042	0.044	0	0.463	0.466
Prdm9	Sycp3	10090.ENSMUSP00000156841	10090.ENSMUSP00000020252	0	0	0	0	0	0.048	0	0.692	0.694
Prdm9	Meiob	10090.ENSMUSP00000156841	10090.ENSMUSP00000024972	0	0	0	0	0.050	0.063	0	0.574	0.588
Prdm9	Syce1	10090.ENSMUSP00000156841	10090.ENSMUSP00000026553	0	0	0	0	0	0	0	0.545	0.545
Prdm9	Sycp1	10090.ENSMUSP00000156841	10090.ENSMUSP00000029448	0	0	0	0	0	0.100	0	0.693	0.712
Prdm9	Hormad1	10090.ENSMUSP00000156841	10090.ENSMUSP00000029754	0	0	0	0	0	0.042	0	0.684	0.684
Prdm9	Spo11	10090.ENSMUSP00000156841	10090.ENSMUSP00000059056	0	0	0	0	0.053	0	0	0.897	0.898
Prdm9	Ccdc36	10090.ENSMUSP00000156841	10090.ENSMUSP00000075898	0	0	0	0	0	0	0	0.814	0.814
Prdm9	Sycp2	10090.ENSMUSP00000156841	10090.ENSMUSP00000079909	0	0	0	0	0	0	0	0.510	0.510
Prdm9	Spata22	10090.ENSMUSP00000156841	10090.ENSMUSP00000090602	0	0	0	0	0	0	0	0.522	0.522
Prdm9	Rec114	10090.ENSMUSP00000156841	10090.ENSMUSP00000096271	0	0	0	0	0	0	0	0.707	0.707
Prdm9	Hormad2	10090.ENSMUSP00000156841	10090.ENSMUSP00000105574	0	0	0	0	0.051	0.042	0	0.670	0.674
Prdm9	Hfm1	10090.ENSMUSP00000156841	10090.ENSMUSP00000108310	0	0	0	0	0	0	0	0.446	0.446
Prdm9	Syce2	10090.ENSMUSP00000156841	10090.ENSMUSP00000131438	0	0	0	0	0.090	0	0	0.589	0.610
Prdm9	Syce3	10090.ENSMUSP00000156841	10090.ENSMUSP00000131766	0	0	0	0	0	0.104	0	0.414	0.452
Prdm9	Gm960	10090.ENSMUSP00000156841	10090.ENSMUSP00000136515	0	0	0	0	0	0	0	0.692	0.692
Prdm9	Mei1	10090.ENSMUSP00000156841	10090.ENSMUSP00000140479	0	0	0	0	0	0	0	0.621	0.621
Prdm9	Ankrd31	10090.ENSMUSP00000156841	10090.ENSMUSP00000146720	0	0	0	0	0.066	0.095	0	0.577	0.612
Prdm9	Rnf212	10090.ENSMUSP00000156841	10090.ENSMUSP00000148758	0	0	0	0	0	0	0	0.769	0.769
Prdm9	Rnf212b	10090.ENSMUSP00000156841	10090.ENSMUSP00000151344	0	0	0	0	0	0	0	0.514	0.514
Rec114	Msh4	10090.ENSMUSP00000096271	10090.ENSMUSP00000005630	0	0	0	0	0.066	0.075	0	0.652	0.673
Rec114	Sycp3	10090.ENSMUSP00000096271	10090.ENSMUSP00000020252	0	0	0	0	0	0	0	0.536	0.536
Rec114	Syce1	10090.ENSMUSP00000096271	10090.ENSMUSP00000026553	0	0	0	0	0.097	0	0	0.537	0.564
Rec114	Sycp1	10090.ENSMUSP00000096271	10090.ENSMUSP00000029448	0	0	0	0	0.051	0.041	0	0.641	0.645
Rec114	Hormad1	10090.ENSMUSP00000096271	10090.ENSMUSP00000029754	0	0	0	0	0.074	0	0	0.742	0.751
Rec114	Spo11	10090.ENSMUSP00000096271	10090.ENSMUSP00000059056	0	0	0	0	0.078	0	0	0.881	0.886
Rec114	Ccdc36	10090.ENSMUSP00000096271	10090.ENSMUSP00000075898	0	0	0	0	0	0	0	0.944	0.944
Rec114	Sycp2	10090.ENSMUSP00000096271	10090.ENSMUSP00000079909	0	0	0	0	0.047	0	0	0.432	0.435
Rec114	Syce2	10090.ENSMUSP00000096271	10090.ENSMUSP00000131438	0	0	0	0	0.059	0	0	0.403	0.415
Rec114	Tex12	10090.ENSMUSP00000096271	10090.ENSMUSP00000149921	0	0	0	0	0.063	0	0	0.433	0.446
Rec114	Hfm1	10090.ENSMUSP00000096271	10090.ENSMUSP00000108310	0	0	0	0	0	0	0	0.586	0.586
Rec114	Rnf212	10090.ENSMUSP00000096271	10090.ENSMUSP00000148758	0	0	0	0	0.049	0.051	0	0.580	0.588
Rec114	Rnf212b	10090.ENSMUSP00000096271	10090.ENSMUSP00000151344	0	0	0	0	0	0.051	0	0.595	0.600
Rec114	Hormad2	10090.ENSMUSP00000096271	10090.ENSMUSP00000105574	0	0	0	0	0.089	0	0	0.682	0.698
Rec114	Prdm9	10090.ENSMUSP00000096271	10090.ENSMUSP00000156841	0	0	0	0	0	0	0	0.707	0.707
Rec114	Gm960	10090.ENSMUSP00000096271	10090.ENSMUSP00000136515	0	0	0	0	0	0	0	0.842	0.842
Rec114	Mei1	10090.ENSMUSP00000096271	10090.ENSMUSP00000140479	0	0	0	0	0.058	0	0	0.926	0.927
Rec114	Ankrd31	10090.ENSMUSP00000096271	10090.ENSMUSP00000146720	0	0	0	0	0.055	0.900	0	0.968	0.996
Rnf212	Msh4	10090.ENSMUSP00000148758	10090.ENSMUSP00000005630	0	0	0	0	0.092	0.066	0	0.861	0.872
Rnf212	Msh5	10090.ENSMUSP00000148758	10090.ENSMUSP00000007250	0	0	0	0	0.055	0.066	0	0.538	0.557
Rnf212	Tex15	10090.ENSMUSP00000148758	10090.ENSMUSP00000009772	0	0	0	0	0	0	0	0.431	0.431
Rnf212	Tex11	10090.ENSMUSP00000148758	10090.ENSMUSP00000009814	0	0	0	0	0	0.070	0	0.810	0.815
Rnf212	Sycp3	10090.ENSMUSP00000148758	10090.ENSMUSP00000020252	0	0	0	0	0	0	0	0.685	0.685
Rnf212	Meiob	10090.ENSMUSP00000148758	10090.ENSMUSP00000024972	0	0	0	0	0	0	0	0.579	0.579
Rnf212	Syce1	10090.ENSMUSP00000148758	10090.ENSMUSP00000026553	0	0	0	0	0	0	0	0.557	0.557
Rnf212	Terb2	10090.ENSMUSP00000148758	10090.ENSMUSP00000028661	0	0	0	0	0	0	0	0.468	0.468
Rnf212	Sycp1	10090.ENSMUSP00000148758	10090.ENSMUSP00000029448	0	0	0	0	0.061	0	0	0.839	0.842
Rnf212	Hormad1	10090.ENSMUSP00000148758	10090.ENSMUSP00000029754	0	0	0	0	0.056	0	0	0.666	0.671
Rnf212	4930447C04Rik	10090.ENSMUSP00000148758	10090.ENSMUSP00000035376	0	0	0	0	0.042	0	0	0.634	0.635
Rnf212	Spo11	10090.ENSMUSP00000148758	10090.ENSMUSP00000059056	0	0	0	0	0.080	0.069	0	0.814	0.827
Rnf212	Ccdc36	10090.ENSMUSP00000148758	10090.ENSMUSP00000075898	0	0	0	0	0	0	0	0.490	0.489
Rnf212	Sycp2	10090.ENSMUSP00000148758	10090.ENSMUSP00000079909	0	0	0	0	0	0	0	0.576	0.576
Rnf212	Spata22	10090.ENSMUSP00000148758	10090.ENSMUSP00000090602	0	0	0	0	0	0	0	0.488	0.487
Rnf212	Ccnb1ip1	10090.ENSMUSP00000148758	10090.ENSMUSP00000093622	0	0	0	0	0.083	0	0	0.843	0.849
Rnf212	Rec114	10090.ENSMUSP00000148758	10090.ENSMUSP00000096271	0	0	0	0	0.049	0.051	0	0.580	0.588
Rnf212	Shoc1	10090.ENSMUSP00000148758	10090.ENSMUSP00000103171	0	0	0	0	0	0	0	0.676	0.676
Rnf212	Hormad2	10090.ENSMUSP00000148758	10090.ENSMUSP00000105574	0	0	0	0	0.056	0	0	0.597	0.604
Rnf212	Hfm1	10090.ENSMUSP00000148758	10090.ENSMUSP00000108310	0	0	0	0	0.044	0	0	0.738	0.738
Rnf212	Majin	10090.ENSMUSP00000148758	10090.ENSMUSP00000109156	0	0	0	0	0	0	0	0.426	0.426
Rnf212	4930432K21Rik	10090.ENSMUSP00000148758	10090.ENSMUSP00000113651	0	0	0	0	0	0	0	0.411	0.410
Rnf212	Syce2	10090.ENSMUSP00000148758	10090.ENSMUSP00000131438	0	0	0	0	0	0	0	0.685	0.685
Rnf212	Tex12	10090.ENSMUSP00000148758	10090.ENSMUSP00000149921	0	0	0	0	0	0	0	0.442	0.442
Rnf212	Hsf2bp	10090.ENSMUSP00000148758	10090.ENSMUSP00000157466	0	0	0	0	0	0	0	0.548	0.548
Rnf212	Prdm9	10090.ENSMUSP00000148758	10090.ENSMUSP00000156841	0	0	0	0	0	0	0	0.769	0.769
Rnf212b	Msh4	10090.ENSMUSP00000151344	10090.ENSMUSP00000005630	0	0	0	0	0.054	0.066	0	0.705	0.716
Rnf212b	Tex11	10090.ENSMUSP00000151344	10090.ENSMUSP00000009814	0	0	0	0	0	0.070	0	0.608	0.620
Rnf212b	Spo11	10090.ENSMUSP00000151344	10090.ENSMUSP00000059056	0	0	0	0	0.080	0.069	0	0.571	0.600
Rnf212b	Ccnb1ip1	10090.ENSMUSP00000151344	10090.ENSMUSP00000093622	0	0	0	0	0.079	0	0	0.747	0.757
Rnf212b	Rec114	10090.ENSMUSP00000151344	10090.ENSMUSP00000096271	0	0	0	0	0	0.051	0	0.595	0.600
Rnf212b	Shoc1	10090.ENSMUSP00000151344	10090.ENSMUSP00000103171	0	0	0	0	0	0	0	0.465	0.465
Rnf212b	Hfm1	10090.ENSMUSP00000151344	10090.ENSMUSP00000108310	0	0	0	0	0	0	0	0.667	0.667
Rnf212b	Prdm9	10090.ENSMUSP00000151344	10090.ENSMUSP00000156841	0	0	0	0	0	0	0	0.514	0.514
Shoc1	Msh4	10090.ENSMUSP00000103171	10090.ENSMUSP00000005630	0	0	0	0	0	0	0	0.755	0.755
Shoc1	Tex11	10090.ENSMUSP00000103171	10090.ENSMUSP00000009814	0	0	0	0	0.083	0.292	0	0.792	0.853
Shoc1	Sycp3	10090.ENSMUSP00000103171	10090.ENSMUSP00000020252	0	0	0	0	0.079	0	0	0.432	0.454
Shoc1	Meiob	10090.ENSMUSP00000103171	10090.ENSMUSP00000024972	0	0	0	0	0	0	0	0.537	0.537
Shoc1	Syce1	10090.ENSMUSP00000103171	10090.ENSMUSP00000026553	0	0	0	0	0.066	0	0	0.552	0.564
Shoc1	Terb2	10090.ENSMUSP00000103171	10090.ENSMUSP00000028661	0	0	0	0	0.099	0	0	0.479	0.510
Shoc1	Sycp1	10090.ENSMUSP00000103171	10090.ENSMUSP00000029448	0	0	0	0	0	0	0	0.477	0.477
Shoc1	Hormad1	10090.ENSMUSP00000103171	10090.ENSMUSP00000029754	0	0	0	0	0.096	0	0	0.368	0.404
Shoc1	4930447C04Rik	10090.ENSMUSP00000103171	10090.ENSMUSP00000035376	0	0	0	0	0	0	0	0.602	0.602
Shoc1	Tex14	10090.ENSMUSP00000103171	10090.ENSMUSP00000054444	0	0	0	0	0.071	0	0	0.490	0.505
Shoc1	Spo11	10090.ENSMUSP00000103171	10090.ENSMUSP00000059056	0	0	0	0	0	0	0	0.504	0.504
Shoc1	Terb1	10090.ENSMUSP00000103171	10090.ENSMUSP00000067324	0	0	0	0	0	0	0	0.601	0.601
Shoc1	Ccdc36	10090.ENSMUSP00000103171	10090.ENSMUSP00000075898	0	0	0	0	0	0	0	0.467	0.467
Shoc1	Sycp2	10090.ENSMUSP00000103171	10090.ENSMUSP00000079909	0	0	0	0	0.065	0	0	0.605	0.614
Shoc1	Spata22	10090.ENSMUSP00000103171	10090.ENSMUSP00000090602	0	0	0	0	0	0	0	0.564	0.564
Shoc1	Ccnb1ip1	10090.ENSMUSP00000103171	10090.ENSMUSP00000093622	0	0	0	0	0.081	0	0	0.517	0.537
Shoc1	Rnf212b	10090.ENSMUSP00000103171	10090.ENSMUSP00000151344	0	0	0	0	0	0	0	0.465	0.465
Shoc1	Mei1	10090.ENSMUSP00000103171	10090.ENSMUSP00000140479	0	0	0	0	0	0	0	0.483	0.483
Shoc1	Rnf212	10090.ENSMUSP00000103171	10090.ENSMUSP00000148758	0	0	0	0	0	0	0	0.676	0.676
Shoc1	Hfm1	10090.ENSMUSP00000103171	10090.ENSMUSP00000108310	0	0	0	0	0	0	0	0.685	0.685
Spata22	Msh4	10090.ENSMUSP00000090602	10090.ENSMUSP00000005630	0	0	0	0	0	0	0	0.608	0.608
Spata22	Tex15	10090.ENSMUSP00000090602	10090.ENSMUSP00000009772	0	0	0	0	0	0	0	0.431	0.431
Spata22	Tex11	10090.ENSMUSP00000090602	10090.ENSMUSP00000009814	0	0	0	0	0	0	0	0.497	0.497
Spata22	Sycp3	10090.ENSMUSP00000090602	10090.ENSMUSP00000020252	0	0	0	0	0	0	0	0.622	0.622
Spata22	Meiob	10090.ENSMUSP00000090602	10090.ENSMUSP00000024972	0	0	0	0	0	0	0	0.957	0.957
Spata22	Syce1	10090.ENSMUSP00000090602	10090.ENSMUSP00000026553	0	0	0	0	0	0	0	0.582	0.582
Spata22	Terb2	10090.ENSMUSP00000090602	10090.ENSMUSP00000028661	0	0	0	0	0	0	0	0.426	0.426
Spata22	Sycp1	10090.ENSMUSP00000090602	10090.ENSMUSP00000029448	0	0	0	0	0	0	0	0.608	0.608
Spata22	Hormad1	10090.ENSMUSP00000090602	10090.ENSMUSP00000029754	0	0	0	0	0	0	0	0.645	0.645
Spata22	4930447C04Rik	10090.ENSMUSP00000090602	10090.ENSMUSP00000035376	0	0	0	0	0	0	0	0.464	0.464
Spata22	Spo11	10090.ENSMUSP00000090602	10090.ENSMUSP00000059056	0	0	0	0	0	0	0	0.640	0.640
Spata22	Terb1	10090.ENSMUSP00000090602	10090.ENSMUSP00000067324	0	0	0	0	0	0	0	0.457	0.457
Spata22	Ccdc36	10090.ENSMUSP00000090602	10090.ENSMUSP00000075898	0	0	0	0	0	0	0	0.428	0.428
Spata22	Sycp2	10090.ENSMUSP00000090602	10090.ENSMUSP00000079909	0	0	0	0	0	0	0	0.489	0.489
Spata22	Tex12	10090.ENSMUSP00000090602	10090.ENSMUSP00000149921	0	0	0	0	0	0	0	0.442	0.442
Spata22	Rnf212	10090.ENSMUSP00000090602	10090.ENSMUSP00000148758	0	0	0	0	0	0	0	0.488	0.487
Spata22	Mei1	10090.ENSMUSP00000090602	10090.ENSMUSP00000140479	0	0	0	0	0	0	0	0.491	0.491
Spata22	Prdm9	10090.ENSMUSP00000090602	10090.ENSMUSP00000156841	0	0	0	0	0	0	0	0.522	0.522
Spata22	Hfm1	10090.ENSMUSP00000090602	10090.ENSMUSP00000108310	0	0	0	0	0	0	0	0.534	0.534
Spata22	Shoc1	10090.ENSMUSP00000090602	10090.ENSMUSP00000103171	0	0	0	0	0	0	0	0.564	0.564
Spata22	Hormad2	10090.ENSMUSP00000090602	10090.ENSMUSP00000105574	0	0	0	0	0	0	0	0.607	0.607
Spata22	Syce2	10090.ENSMUSP00000090602	10090.ENSMUSP00000131438	0	0	0	0	0	0	0	0.632	0.632
Spata22	Syce3	10090.ENSMUSP00000090602	10090.ENSMUSP00000131766	0	0	0	0	0	0	0	0.644	0.644
Spata22	4930432K21Rik	10090.ENSMUSP00000090602	10090.ENSMUSP00000113651	0	0	0	0	0	0	0	0.652	0.652
Spata22	Hsf2bp	10090.ENSMUSP00000090602	10090.ENSMUSP00000157466	0	0	0	0	0	0	0	0.781	0.781
Spdya	Terb2	10090.ENSMUSP00000125912	10090.ENSMUSP00000028661	0	0	0	0	0.054	0	0	0.772	0.775
Spdya	Terb1	10090.ENSMUSP00000125912	10090.ENSMUSP00000067324	0	0	0	0	0.134	0	0	0.738	0.763
Spdya	Majin	10090.ENSMUSP00000125912	10090.ENSMUSP00000109156	0	0	0	0	0.067	0	0	0.522	0.534
Spo11	Msh4	10090.ENSMUSP00000059056	10090.ENSMUSP00000005630	0	0	0	0	0.103	0.073	0	0.922	0.929
Spo11	Msh5	10090.ENSMUSP00000059056	10090.ENSMUSP00000007250	0	0	0	0	0.171	0.056	0	0.599	0.659
Spo11	Tex15	10090.ENSMUSP00000059056	10090.ENSMUSP00000009772	0	0	0	0	0	0	0	0.591	0.591
Spo11	Tex11	10090.ENSMUSP00000059056	10090.ENSMUSP00000009814	0	0	0	0	0	0	0	0.758	0.758
Spo11	Sycp3	10090.ENSMUSP00000059056	10090.ENSMUSP00000020252	0	0	0	0	0	0	0	0.855	0.855
Spo11	Meiob	10090.ENSMUSP00000059056	10090.ENSMUSP00000024972	0	0	0	0	0.044	0	0	0.754	0.755
Spo11	Syce1	10090.ENSMUSP00000059056	10090.ENSMUSP00000026553	0	0	0	0	0.042	0	0	0.799	0.799
Spo11	Terb2	10090.ENSMUSP00000059056	10090.ENSMUSP00000028661	0	0	0	0	0.044	0	0	0.431	0.433
Spo11	Sycp1	10090.ENSMUSP00000059056	10090.ENSMUSP00000029448	0	0	0	0	0.042	0	0	0.850	0.850
Spo11	Hormad1	10090.ENSMUSP00000059056	10090.ENSMUSP00000029754	0	0	0	0	0.074	0	0	0.934	0.937
Spo11	4930447C04Rik	10090.ENSMUSP00000059056	10090.ENSMUSP00000035376	0	0	0	0	0	0	0	0.580	0.580
Spo11	4930432K21Rik	10090.ENSMUSP00000059056	10090.ENSMUSP00000113651	0	0	0	0	0.042	0	0	0.410	0.410
Spo11	Hsf2bp	10090.ENSMUSP00000059056	10090.ENSMUSP00000157466	0	0	0	0	0	0	0	0.463	0.463
Spo11	Majin	10090.ENSMUSP00000059056	10090.ENSMUSP00000109156	0	0	0	0	0.051	0	0	0.478	0.484
Spo11	Shoc1	10090.ENSMUSP00000059056	10090.ENSMUSP00000103171	0	0	0	0	0	0	0	0.504	0.504
Spo11	Terb1	10090.ENSMUSP00000059056	10090.ENSMUSP00000067324	0	0	0	0	0.071	0	0	0.552	0.566
Spo11	Rnf212b	10090.ENSMUSP00000059056	10090.ENSMUSP00000151344	0	0	0	0	0.080	0.069	0	0.571	0.600
Spo11	Syce3	10090.ENSMUSP00000059056	10090.ENSMUSP00000131766	0	0	0	0	0	0	0	0.603	0.603
Spo11	Spata22	10090.ENSMUSP00000059056	10090.ENSMUSP00000090602	0	0	0	0	0	0	0	0.640	0.640
Spo11	Ankrd31	10090.ENSMUSP00000059056	10090.ENSMUSP00000146720	0	0	0	0	0	0	0	0.641	0.641
Spo11	Tex12	10090.ENSMUSP00000059056	10090.ENSMUSP00000149921	0	0	0	0	0	0	0	0.652	0.652
Spo11	Ccnb1ip1	10090.ENSMUSP00000059056	10090.ENSMUSP00000093622	0	0	0	0	0	0	0	0.687	0.687
Spo11	Sycp2	10090.ENSMUSP00000059056	10090.ENSMUSP00000079909	0	0	0	0	0	0	0	0.707	0.707
Spo11	Mei1	10090.ENSMUSP00000059056	10090.ENSMUSP00000140479	0	0	0	0	0	0	0	0.773	0.773
Spo11	Syce2	10090.ENSMUSP00000059056	10090.ENSMUSP00000131438	0	0	0	0	0	0	0	0.796	0.796
Spo11	Rnf212	10090.ENSMUSP00000059056	10090.ENSMUSP00000148758	0	0	0	0	0.080	0.069	0	0.814	0.827
Spo11	Ccdc36	10090.ENSMUSP00000059056	10090.ENSMUSP00000075898	0	0	0	0	0	0	0	0.830	0.830
Spo11	Hfm1	10090.ENSMUSP00000059056	10090.ENSMUSP00000108310	0	0	0	0	0.050	0	0	0.855	0.857
Spo11	Hormad2	10090.ENSMUSP00000059056	10090.ENSMUSP00000105574	0	0	0	0	0.071	0	0	0.881	0.885
Spo11	Rec114	10090.ENSMUSP00000059056	10090.ENSMUSP00000096271	0	0	0	0	0.078	0	0	0.881	0.886
Spo11	Prdm9	10090.ENSMUSP00000059056	10090.ENSMUSP00000156841	0	0	0	0	0.053	0	0	0.897	0.898
Spo11	Gm960	10090.ENSMUSP00000059056	10090.ENSMUSP00000136515	0	0	0	0	0	0.345	0	0.991	0.993
Syce1	Msh4	10090.ENSMUSP00000026553	10090.ENSMUSP00000005630	0	0	0	0	0	0	0	0.693	0.693
Syce1	Tex15	10090.ENSMUSP00000026553	10090.ENSMUSP00000009772	0	0	0	0	0.073	0	0	0.566	0.580
Syce1	Tex11	10090.ENSMUSP00000026553	10090.ENSMUSP00000009814	0	0	0	0	0.150	0	0	0.666	0.704
Syce1	Sycp3	10090.ENSMUSP00000026553	10090.ENSMUSP00000020252	0	0	0	0	0.081	0	0.500	0.871	0.935
Syce1	Meiob	10090.ENSMUSP00000026553	10090.ENSMUSP00000024972	0	0	0	0	0.066	0	0	0.695	0.703
Syce1	Gm960	10090.ENSMUSP00000026553	10090.ENSMUSP00000136515	0	0	0	0	0	0	0	0.412	0.412
Syce1	Hsf2bp	10090.ENSMUSP00000026553	10090.ENSMUSP00000157466	0	0	0	0	0.082	0	0	0.403	0.428
Syce1	Tex14	10090.ENSMUSP00000026553	10090.ENSMUSP00000054444	0	0	0	0	0.153	0	0	0.411	0.479
Syce1	Terb1	10090.ENSMUSP00000026553	10090.ENSMUSP00000067324	0	0	0	0	0.066	0	0	0.468	0.482
Syce1	Ccdc36	10090.ENSMUSP00000026553	10090.ENSMUSP00000075898	0	0	0	0	0	0	0	0.491	0.491
Syce1	Terb2	10090.ENSMUSP00000026553	10090.ENSMUSP00000028661	0	0	0	0	0.175	0	0	0.428	0.509
Syce1	Majin	10090.ENSMUSP00000026553	10090.ENSMUSP00000109156	0	0	0	0	0.065	0	0	0.515	0.527
Syce1	Prdm9	10090.ENSMUSP00000026553	10090.ENSMUSP00000156841	0	0	0	0	0	0	0	0.545	0.545
Syce1	Rnf212	10090.ENSMUSP00000026553	10090.ENSMUSP00000148758	0	0	0	0	0	0	0	0.557	0.557
Syce1	Shoc1	10090.ENSMUSP00000026553	10090.ENSMUSP00000103171	0	0	0	0	0.066	0	0	0.552	0.564
Syce1	Rec114	10090.ENSMUSP00000026553	10090.ENSMUSP00000096271	0	0	0	0	0.097	0	0	0.537	0.564
Syce1	Ankrd31	10090.ENSMUSP00000026553	10090.ENSMUSP00000146720	0	0	0	0	0	0	0	0.578	0.578
Syce1	Spata22	10090.ENSMUSP00000026553	10090.ENSMUSP00000090602	0	0	0	0	0	0	0	0.582	0.582
Syce1	Hfm1	10090.ENSMUSP00000026553	10090.ENSMUSP00000108310	0	0	0	0	0.050	0	0	0.695	0.698
Syce1	Hormad2	10090.ENSMUSP00000026553	10090.ENSMUSP00000105574	0	0	0	0	0.087	0	0	0.779	0.789
Syce1	Spo11	10090.ENSMUSP00000026553	10090.ENSMUSP00000059056	0	0	0	0	0.042	0	0	0.799	0.799
Syce1	Mei1	10090.ENSMUSP00000026553	10090.ENSMUSP00000140479	0	0	0	0	0.122	0	0	0.795	0.813
Syce1	Sycp2	10090.ENSMUSP00000026553	10090.ENSMUSP00000079909	0	0	0	0	0.060	0	0.500	0.707	0.850
Syce1	4930447C04Rik	10090.ENSMUSP00000026553	10090.ENSMUSP00000035376	0	0	0	0	0.154	0	0	0.871	0.886
Syce1	Hormad1	10090.ENSMUSP00000026553	10090.ENSMUSP00000029754	0	0	0	0	0.148	0	0	0.885	0.898
Syce1	Sycp1	10090.ENSMUSP00000026553	10090.ENSMUSP00000029448	0	0	0	0	0.100	0.460	0.500	0.987	0.996
Syce1	Syce3	10090.ENSMUSP00000026553	10090.ENSMUSP00000131766	0	0	0	0	0.117	0.292	0.800	0.978	0.996
Syce1	Tex12	10090.ENSMUSP00000026553	10090.ENSMUSP00000149921	0	0	0	0	0.079	0	0.800	0.987	0.997
Syce1	Syce2	10090.ENSMUSP00000026553	10090.ENSMUSP00000131438	0	0	0	0	0.153	0	0.800	0.994	0.999
Syce2	Msh4	10090.ENSMUSP00000131438	10090.ENSMUSP00000005630	0	0	0	0	0	0	0	0.613	0.613
Syce2	Msh5	10090.ENSMUSP00000131438	10090.ENSMUSP00000007250	0	0	0	0	0.044	0	0	0.550	0.552
Syce2	Tex11	10090.ENSMUSP00000131438	10090.ENSMUSP00000009814	0	0	0	0	0	0	0	0.475	0.475
Syce2	Sycp3	10090.ENSMUSP00000131438	10090.ENSMUSP00000020252	0	0	0	0	0.046	0	0.500	0.915	0.956
Syce2	Meiob	10090.ENSMUSP00000131438	10090.ENSMUSP00000024972	0	0	0	0	0.043	0	0	0.561	0.562
Syce2	Syce1	10090.ENSMUSP00000131438	10090.ENSMUSP00000026553	0	0	0	0	0.153	0	0.800	0.994	0.999
Syce2	Terb2	10090.ENSMUSP00000131438	10090.ENSMUSP00000028661	0	0	0	0	0	0	0	0.441	0.441
Syce2	Sycp1	10090.ENSMUSP00000131438	10090.ENSMUSP00000029448	0	0	0	0	0	0.292	0.500	0.984	0.994
Syce2	Hormad1	10090.ENSMUSP00000131438	10090.ENSMUSP00000029754	0	0	0	0	0.066	0	0	0.821	0.825
Syce2	4930447C04Rik	10090.ENSMUSP00000131438	10090.ENSMUSP00000035376	0	0	0	0	0	0	0	0.930	0.930
Syce2	Spo11	10090.ENSMUSP00000131438	10090.ENSMUSP00000059056	0	0	0	0	0	0	0	0.796	0.796
Syce2	Terb1	10090.ENSMUSP00000131438	10090.ENSMUSP00000067324	0	0	0	0	0	0	0	0.480	0.480
Syce2	Ccdc36	10090.ENSMUSP00000131438	10090.ENSMUSP00000075898	0	0	0	0	0	0	0	0.455	0.455
Syce2	Sycp2	10090.ENSMUSP00000131438	10090.ENSMUSP00000079909	0	0	0	0	0	0	0.500	0.850	0.921
Syce2	Spata22	10090.ENSMUSP00000131438	10090.ENSMUSP00000090602	0	0	0	0	0	0	0	0.632	0.632
Syce2	Rec114	10090.ENSMUSP00000131438	10090.ENSMUSP00000096271	0	0	0	0	0.059	0	0	0.403	0.415
Syce2	Hormad2	10090.ENSMUSP00000131438	10090.ENSMUSP00000105574	0	0	0	0	0.061	0	0	0.741	0.747
Syce2	Majin	10090.ENSMUSP00000131438	10090.ENSMUSP00000109156	0	0	0	0	0	0	0	0.452	0.452
Syce2	Ankrd31	10090.ENSMUSP00000131438	10090.ENSMUSP00000146720	0	0	0	0	0.087	0	0	0.454	0.480
Syce2	Gm960	10090.ENSMUSP00000131438	10090.ENSMUSP00000136515	0	0	0	0	0	0	0	0.517	0.517
Syce2	Prdm9	10090.ENSMUSP00000131438	10090.ENSMUSP00000156841	0	0	0	0	0.090	0	0	0.589	0.610
Syce2	Mei1	10090.ENSMUSP00000131438	10090.ENSMUSP00000140479	0	0	0	0	0.064	0	0	0.628	0.637
Syce2	Hsf2bp	10090.ENSMUSP00000131438	10090.ENSMUSP00000157466	0	0	0	0	0.043	0	0	0.666	0.666
Syce2	Rnf212	10090.ENSMUSP00000131438	10090.ENSMUSP00000148758	0	0	0	0	0	0	0	0.685	0.685
Syce2	Syce3	10090.ENSMUSP00000131438	10090.ENSMUSP00000131766	0	0	0	0	0.047	0.292	0.800	0.985	0.997
Syce2	Tex12	10090.ENSMUSP00000131438	10090.ENSMUSP00000149921	0	0	0	0	0	0.827	0.800	0.995	0.999
Syce3	Tex11	10090.ENSMUSP00000131766	10090.ENSMUSP00000009814	0	0	0	0	0.071	0	0	0.455	0.472
Syce3	Sycp3	10090.ENSMUSP00000131766	10090.ENSMUSP00000020252	0	0	0	0	0.085	0	0.500	0.896	0.948
Syce3	Meiob	10090.ENSMUSP00000131766	10090.ENSMUSP00000024972	0	0	0	0	0.050	0	0	0.702	0.705
Syce3	Syce1	10090.ENSMUSP00000131766	10090.ENSMUSP00000026553	0	0	0	0	0.117	0.292	0.800	0.978	0.996
Syce3	Terb2	10090.ENSMUSP00000131766	10090.ENSMUSP00000028661	0	0	0	0	0.111	0	0	0.573	0.604
Syce3	Sycp1	10090.ENSMUSP00000131766	10090.ENSMUSP00000029448	0	0	0	0	0.070	0.045	0.500	0.948	0.974
Syce3	Hormad1	10090.ENSMUSP00000131766	10090.ENSMUSP00000029754	0	0	0	0	0.115	0	0	0.783	0.800
Syce3	4930447C04Rik	10090.ENSMUSP00000131766	10090.ENSMUSP00000035376	0	0	0	0	0.053	0	0	0.873	0.875
Syce3	Spo11	10090.ENSMUSP00000131766	10090.ENSMUSP00000059056	0	0	0	0	0	0	0	0.603	0.603
Syce3	Terb1	10090.ENSMUSP00000131766	10090.ENSMUSP00000067324	0	0	0	0	0.085	0	0	0.580	0.599
Syce3	Sycp2	10090.ENSMUSP00000131766	10090.ENSMUSP00000079909	0	0	0	0	0.069	0	0.500	0.821	0.909
Syce3	Spata22	10090.ENSMUSP00000131766	10090.ENSMUSP00000090602	0	0	0	0	0	0	0	0.644	0.644
Syce3	Hormad2	10090.ENSMUSP00000131766	10090.ENSMUSP00000105574	0	0	0	0	0.089	0	0	0.618	0.637
Syce3	Majin	10090.ENSMUSP00000131766	10090.ENSMUSP00000109156	0	0	0	0	0.061	0	0	0.594	0.602
Syce3	Syce2	10090.ENSMUSP00000131766	10090.ENSMUSP00000131438	0	0	0	0	0.047	0.292	0.800	0.985	0.997
Syce3	Mei1	10090.ENSMUSP00000131766	10090.ENSMUSP00000140479	0	0	0	0	0.067	0	0	0.426	0.442
Syce3	Prdm9	10090.ENSMUSP00000131766	10090.ENSMUSP00000156841	0	0	0	0	0	0.104	0	0.414	0.452
Syce3	Gm960	10090.ENSMUSP00000131766	10090.ENSMUSP00000136515	0	0	0	0	0	0	0	0.458	0.457
Syce3	Hsf2bp	10090.ENSMUSP00000131766	10090.ENSMUSP00000157466	0	0	0	0	0.066	0	0	0.490	0.503
Syce3	Tex12	10090.ENSMUSP00000131766	10090.ENSMUSP00000149921	0	0	0	0	0.104	0	0.800	0.975	0.995
Sycp1	Msh4	10090.ENSMUSP00000029448	10090.ENSMUSP00000005630	0	0	0	0	0.070	0	0	0.720	0.728
Sycp1	Tex15	10090.ENSMUSP00000029448	10090.ENSMUSP00000009772	0	0	0	0	0.057	0.079	0	0.576	0.599
Sycp1	Tex11	10090.ENSMUSP00000029448	10090.ENSMUSP00000009814	0	0	0	0	0.096	0.054	0	0.643	0.668
Sycp1	Sycp3	10090.ENSMUSP00000029448	10090.ENSMUSP00000020252	0	0	0	0	0.096	0.093	0.500	0.952	0.977
Sycp1	Meiob	10090.ENSMUSP00000029448	10090.ENSMUSP00000024972	0	0	0	0	0	0.067	0	0.617	0.628
Sycp1	Syce1	10090.ENSMUSP00000029448	10090.ENSMUSP00000026553	0	0	0	0	0.100	0.460	0.500	0.987	0.996
Sycp1	Terb2	10090.ENSMUSP00000029448	10090.ENSMUSP00000028661	0	0	0	0	0.079	0	0	0.514	0.534
Sycp1	Hsf2bp	10090.ENSMUSP00000029448	10090.ENSMUSP00000157466	0	0	0	0	0.061	0	0	0.418	0.430
Sycp1	Tex14	10090.ENSMUSP00000029448	10090.ENSMUSP00000054444	0	0	0	0	0.102	0.097	0	0.389	0.461
Sycp1	Shoc1	10090.ENSMUSP00000029448	10090.ENSMUSP00000103171	0	0	0	0	0	0	0	0.477	0.477
Sycp1	Gm960	10090.ENSMUSP00000029448	10090.ENSMUSP00000136515	0	0	0	0	0	0	0	0.517	0.517
Sycp1	Ccnb1ip1	10090.ENSMUSP00000029448	10090.ENSMUSP00000093622	0	0	0	0	0.104	0	0	0.486	0.519
Sycp1	Majin	10090.ENSMUSP00000029448	10090.ENSMUSP00000109156	0	0	0	0	0.042	0	0	0.518	0.519
Sycp1	Terb1	10090.ENSMUSP00000029448	10090.ENSMUSP00000067324	0	0	0	0	0.053	0	0	0.526	0.531
Sycp1	Hfm1	10090.ENSMUSP00000029448	10090.ENSMUSP00000108310	0	0	0	0	0	0.069	0	0.556	0.569
Sycp1	Spata22	10090.ENSMUSP00000029448	10090.ENSMUSP00000090602	0	0	0	0	0	0	0	0.608	0.608
Sycp1	Ankrd31	10090.ENSMUSP00000029448	10090.ENSMUSP00000146720	0	0	0	0	0.065	0.097	0	0.573	0.608
Sycp1	Ccdc36	10090.ENSMUSP00000029448	10090.ENSMUSP00000075898	0	0	0	0	0.061	0	0	0.607	0.615
Sycp1	Rec114	10090.ENSMUSP00000029448	10090.ENSMUSP00000096271	0	0	0	0	0.051	0.041	0	0.641	0.645
Sycp1	Mei1	10090.ENSMUSP00000029448	10090.ENSMUSP00000140479	0	0	0	0	0	0	0	0.702	0.702
Sycp1	Prdm9	10090.ENSMUSP00000029448	10090.ENSMUSP00000156841	0	0	0	0	0	0.100	0	0.693	0.712
Sycp1	Hormad2	10090.ENSMUSP00000029448	10090.ENSMUSP00000105574	0	0	0	0	0.044	0.051	0	0.800	0.802
Sycp1	Rnf212	10090.ENSMUSP00000029448	10090.ENSMUSP00000148758	0	0	0	0	0.061	0	0	0.839	0.842
Sycp1	Spo11	10090.ENSMUSP00000029448	10090.ENSMUSP00000059056	0	0	0	0	0.042	0	0	0.850	0.850
Sycp1	4930447C04Rik	10090.ENSMUSP00000029448	10090.ENSMUSP00000035376	0	0	0	0	0.068	0	0	0.851	0.855
Sycp1	Hormad1	10090.ENSMUSP00000029448	10090.ENSMUSP00000029754	0	0	0	0	0.280	0.051	0	0.899	0.925
Sycp1	Sycp2	10090.ENSMUSP00000029448	10090.ENSMUSP00000079909	0	0	0	0	0.089	0	0.500	0.886	0.943
Sycp1	Syce3	10090.ENSMUSP00000029448	10090.ENSMUSP00000131766	0	0	0	0	0.070	0.045	0.500	0.948	0.974
Sycp1	Tex12	10090.ENSMUSP00000029448	10090.ENSMUSP00000149921	0	0	0	0	0.134	0	0.500	0.961	0.981
Sycp1	Syce2	10090.ENSMUSP00000029448	10090.ENSMUSP00000131438	0	0	0	0	0	0.292	0.500	0.984	0.994
Sycp2	Msh4	10090.ENSMUSP00000079909	10090.ENSMUSP00000005630	0	0	0	0	0.049	0	0	0.648	0.650
Sycp2	Tex15	10090.ENSMUSP00000079909	10090.ENSMUSP00000009772	0	0	0	0	0.079	0	0	0.552	0.569
Sycp2	Tex11	10090.ENSMUSP00000079909	10090.ENSMUSP00000009814	0	0	0	0	0.079	0.292	0	0.824	0.875
Sycp2	Sycp3	10090.ENSMUSP00000079909	10090.ENSMUSP00000020252	0	0	0	0	0.071	0.510	0.800	0.990	0.998
Sycp2	Meiob	10090.ENSMUSP00000079909	10090.ENSMUSP00000024972	0	0	0	0	0	0	0	0.606	0.606
Sycp2	Syce1	10090.ENSMUSP00000079909	10090.ENSMUSP00000026553	0	0	0	0	0.060	0	0.500	0.707	0.850
Sycp2	Sycp1	10090.ENSMUSP00000079909	10090.ENSMUSP00000029448	0	0	0	0	0.089	0	0.500	0.886	0.943
Sycp2	Hormad1	10090.ENSMUSP00000079909	10090.ENSMUSP00000029754	0	0	0	0	0.096	0	0	0.809	0.819
Sycp2	4930447C04Rik	10090.ENSMUSP00000079909	10090.ENSMUSP00000035376	0	0	0	0	0.064	0	0	0.778	0.783
Sycp2	Spo11	10090.ENSMUSP00000079909	10090.ENSMUSP00000059056	0	0	0	0	0	0	0	0.707	0.707
Sycp2	Terb1	10090.ENSMUSP00000079909	10090.ENSMUSP00000067324	0	0	0	0	0.084	0	0	0.442	0.467
Sycp2	Ccdc36	10090.ENSMUSP00000079909	10090.ENSMUSP00000075898	0	0	0	0	0	0	0	0.551	0.551
Sycp2	Ankrd31	10090.ENSMUSP00000079909	10090.ENSMUSP00000146720	0	0	0	0	0	0	0	0.410	0.410
Sycp2	Rec114	10090.ENSMUSP00000079909	10090.ENSMUSP00000096271	0	0	0	0	0.047	0	0	0.432	0.435
Sycp2	Ccnb1ip1	10090.ENSMUSP00000079909	10090.ENSMUSP00000093622	0	0	0	0	0	0	0	0.439	0.439
Sycp2	Spata22	10090.ENSMUSP00000079909	10090.ENSMUSP00000090602	0	0	0	0	0	0	0	0.489	0.489
Sycp2	Prdm9	10090.ENSMUSP00000079909	10090.ENSMUSP00000156841	0	0	0	0	0	0	0	0.510	0.510
Sycp2	Gm960	10090.ENSMUSP00000079909	10090.ENSMUSP00000136515	0	0	0	0	0	0	0	0.553	0.553
Sycp2	Rnf212	10090.ENSMUSP00000079909	10090.ENSMUSP00000148758	0	0	0	0	0	0	0	0.576	0.576
Sycp2	Mei1	10090.ENSMUSP00000079909	10090.ENSMUSP00000140479	0	0	0	0	0.048	0	0	0.606	0.608
Sycp2	Shoc1	10090.ENSMUSP00000079909	10090.ENSMUSP00000103171	0	0	0	0	0.065	0	0	0.605	0.614
Sycp2	Hormad2	10090.ENSMUSP00000079909	10090.ENSMUSP00000105574	0	0	0	0	0.061	0	0	0.799	0.803
Sycp2	Syce3	10090.ENSMUSP00000079909	10090.ENSMUSP00000131766	0	0	0	0	0.069	0	0.500	0.821	0.909
Sycp2	Syce2	10090.ENSMUSP00000079909	10090.ENSMUSP00000131438	0	0	0	0	0	0	0.500	0.850	0.921
Sycp2	Tex12	10090.ENSMUSP00000079909	10090.ENSMUSP00000149921	0	0	0	0	0.104	0	0.500	0.842	0.923
Sycp3	Msh4	10090.ENSMUSP00000020252	10090.ENSMUSP00000005630	0	0	0	0	0	0.050	0	0.838	0.840
Sycp3	Tex15	10090.ENSMUSP00000020252	10090.ENSMUSP00000009772	0	0	0	0	0.057	0.054	0	0.519	0.533
Sycp3	Tex11	10090.ENSMUSP00000020252	10090.ENSMUSP00000009814	0	0	0	0	0.073	0.044	0	0.649	0.661
Sycp3	Tex14	10090.ENSMUSP00000020252	10090.ENSMUSP00000054444	0	0	0	0	0.057	0.085	0	0.391	0.428
Sycp3	Ccnb1ip1	10090.ENSMUSP00000020252	10090.ENSMUSP00000093622	0	0	0	0	0.073	0	0	0.431	0.449
Sycp3	Hsf2bp	10090.ENSMUSP00000020252	10090.ENSMUSP00000157466	0	0	0	0	0.061	0	0	0.440	0.451
Sycp3	Shoc1	10090.ENSMUSP00000020252	10090.ENSMUSP00000103171	0	0	0	0	0.079	0	0	0.432	0.454
Sycp3	4930432K21Rik	10090.ENSMUSP00000020252	10090.ENSMUSP00000113651	0	0	0	0	0	0	0	0.459	0.459
Sycp3	Ankrd31	10090.ENSMUSP00000020252	10090.ENSMUSP00000146720	0	0	0	0	0	0.085	0	0.448	0.474
Sycp3	Hfm1	10090.ENSMUSP00000020252	10090.ENSMUSP00000108310	0	0	0	0	0	0	0	0.494	0.494
Sycp3	Majin	10090.ENSMUSP00000020252	10090.ENSMUSP00000109156	0	0	0	0	0	0	0	0.515	0.515
Sycp3	Terb2	10090.ENSMUSP00000020252	10090.ENSMUSP00000028661	0	0	0	0	0.096	0	0	0.486	0.515
Sycp3	Gm960	10090.ENSMUSP00000020252	10090.ENSMUSP00000136515	0	0	0	0	0	0	0	0.519	0.519
Sycp3	Rec114	10090.ENSMUSP00000020252	10090.ENSMUSP00000096271	0	0	0	0	0	0	0	0.536	0.536
Sycp3	Terb1	10090.ENSMUSP00000020252	10090.ENSMUSP00000067324	0	0	0	0	0.071	0	0	0.536	0.550
Sycp3	Ccdc36	10090.ENSMUSP00000020252	10090.ENSMUSP00000075898	0	0	0	0	0	0	0	0.606	0.606
Sycp3	Mei1	10090.ENSMUSP00000020252	10090.ENSMUSP00000140479	0	0	0	0	0	0	0	0.618	0.618
Sycp3	Spata22	10090.ENSMUSP00000020252	10090.ENSMUSP00000090602	0	0	0	0	0	0	0	0.622	0.622
Sycp3	Rnf212	10090.ENSMUSP00000020252	10090.ENSMUSP00000148758	0	0	0	0	0	0	0	0.685	0.685
Sycp3	Prdm9	10090.ENSMUSP00000020252	10090.ENSMUSP00000156841	0	0	0	0	0	0.048	0	0.692	0.694
Sycp3	Meiob	10090.ENSMUSP00000020252	10090.ENSMUSP00000024972	0	0	0	0	0.047	0.063	0	0.703	0.712
Sycp3	4930447C04Rik	10090.ENSMUSP00000020252	10090.ENSMUSP00000035376	0	0	0	0	0.060	0	0	0.789	0.793
Sycp3	Spo11	10090.ENSMUSP00000020252	10090.ENSMUSP00000059056	0	0	0	0	0	0	0	0.855	0.855
Sycp3	Hormad1	10090.ENSMUSP00000020252	10090.ENSMUSP00000029754	0	0	0	0	0.132	0.042	0	0.879	0.890
Sycp3	Hormad2	10090.ENSMUSP00000020252	10090.ENSMUSP00000105574	0	0	0	0	0.070	0.042	0	0.912	0.915
Sycp3	Syce1	10090.ENSMUSP00000020252	10090.ENSMUSP00000026553	0	0	0	0	0.081	0	0.500	0.871	0.935
Sycp3	Syce3	10090.ENSMUSP00000020252	10090.ENSMUSP00000131766	0	0	0	0	0.085	0	0.500	0.896	0.948
Sycp3	Tex12	10090.ENSMUSP00000020252	10090.ENSMUSP00000149921	0	0	0	0	0.115	0	0.500	0.902	0.953
Sycp3	Syce2	10090.ENSMUSP00000020252	10090.ENSMUSP00000131438	0	0	0	0	0.046	0	0.500	0.915	0.956
Sycp3	Sycp1	10090.ENSMUSP00000020252	10090.ENSMUSP00000029448	0	0	0	0	0.096	0.093	0.500	0.952	0.977
Sycp3	Sycp2	10090.ENSMUSP00000020252	10090.ENSMUSP00000079909	0	0	0	0	0.071	0.510	0.800	0.990	0.998
Terb1	Msh4	10090.ENSMUSP00000067324	10090.ENSMUSP00000005630	0	0	0	0	0	0	0	0.457	0.457
Terb1	Tex11	10090.ENSMUSP00000067324	10090.ENSMUSP00000009814	0	0	0	0	0.057	0	0	0.526	0.534
Terb1	Sycp3	10090.ENSMUSP00000067324	10090.ENSMUSP00000020252	0	0	0	0	0.071	0	0	0.536	0.550
Terb1	Meiob	10090.ENSMUSP00000067324	10090.ENSMUSP00000024972	0	0	0	0	0.057	0	0	0.541	0.549
Terb1	Syce1	10090.ENSMUSP00000067324	10090.ENSMUSP00000026553	0	0	0	0	0.066	0	0	0.468	0.482
Terb1	Terb2	10090.ENSMUSP00000067324	10090.ENSMUSP00000028661	0	0	0	0	0.050	0.747	0	0.995	0.998
Terb1	Sycp1	10090.ENSMUSP00000067324	10090.ENSMUSP00000029448	0	0	0	0	0.053	0	0	0.526	0.531
Terb1	Hormad1	10090.ENSMUSP00000067324	10090.ENSMUSP00000029754	0	0	0	0	0.077	0	0	0.575	0.591
Terb1	4930447C04Rik	10090.ENSMUSP00000067324	10090.ENSMUSP00000035376	0	0	0	0	0.089	0	0	0.519	0.543
Terb1	Spo11	10090.ENSMUSP00000067324	10090.ENSMUSP00000059056	0	0	0	0	0.071	0	0	0.552	0.566
Terb1	Gm960	10090.ENSMUSP00000067324	10090.ENSMUSP00000136515	0	0	0	0	0	0	0	0.450	0.450
Terb1	Spata22	10090.ENSMUSP00000067324	10090.ENSMUSP00000090602	0	0	0	0	0	0	0	0.457	0.457
Terb1	Sycp2	10090.ENSMUSP00000067324	10090.ENSMUSP00000079909	0	0	0	0	0.084	0	0	0.442	0.467
Terb1	Syce2	10090.ENSMUSP00000067324	10090.ENSMUSP00000131438	0	0	0	0	0	0	0	0.480	0.480
Terb1	Mei1	10090.ENSMUSP00000067324	10090.ENSMUSP00000140479	0	0	0	0	0.086	0	0	0.531	0.553
Terb1	Syce3	10090.ENSMUSP00000067324	10090.ENSMUSP00000131766	0	0	0	0	0.085	0	0	0.580	0.599
Terb1	Shoc1	10090.ENSMUSP00000067324	10090.ENSMUSP00000103171	0	0	0	0	0	0	0	0.601	0.601
Terb1	Spdya	10090.ENSMUSP00000067324	10090.ENSMUSP00000125912	0	0	0	0	0.134	0	0	0.738	0.763
Terb1	Hormad2	10090.ENSMUSP00000067324	10090.ENSMUSP00000105574	0	0	0	0	0.042	0	0	0.786	0.786
Terb1	Majin	10090.ENSMUSP00000067324	10090.ENSMUSP00000109156	0	0	0	0	0.079	0	0	0.992	0.992
Terb2	Msh4	10090.ENSMUSP00000028661	10090.ENSMUSP00000005630	0	0	0	0	0.051	0	0	0.403	0.409
Terb2	Sycp3	10090.ENSMUSP00000028661	10090.ENSMUSP00000020252	0	0	0	0	0.096	0	0	0.486	0.515
Terb2	Meiob	10090.ENSMUSP00000028661	10090.ENSMUSP00000024972	0	0	0	0	0.052	0	0	0.480	0.486
Terb2	Syce1	10090.ENSMUSP00000028661	10090.ENSMUSP00000026553	0	0	0	0	0.175	0	0	0.428	0.509
Terb2	Ccdc36	10090.ENSMUSP00000028661	10090.ENSMUSP00000075898	0	0	0	0	0	0	0	0.406	0.406
Terb2	Spata22	10090.ENSMUSP00000028661	10090.ENSMUSP00000090602	0	0	0	0	0	0	0	0.426	0.426
Terb2	Spo11	10090.ENSMUSP00000028661	10090.ENSMUSP00000059056	0	0	0	0	0.044	0	0	0.431	0.433
Terb2	Tex12	10090.ENSMUSP00000028661	10090.ENSMUSP00000149921	0	0	0	0	0.149	0	0	0.365	0.437
Terb2	Syce2	10090.ENSMUSP00000028661	10090.ENSMUSP00000131438	0	0	0	0	0	0	0	0.441	0.441
Terb2	Rnf212	10090.ENSMUSP00000028661	10090.ENSMUSP00000148758	0	0	0	0	0	0	0	0.468	0.468
Terb2	Shoc1	10090.ENSMUSP00000028661	10090.ENSMUSP00000103171	0	0	0	0	0.099	0	0	0.479	0.510
Terb2	Sycp1	10090.ENSMUSP00000028661	10090.ENSMUSP00000029448	0	0	0	0	0.079	0	0	0.514	0.534
Terb2	Syce3	10090.ENSMUSP00000028661	10090.ENSMUSP00000131766	0	0	0	0	0.111	0	0	0.573	0.604
Terb2	Hormad2	10090.ENSMUSP00000028661	10090.ENSMUSP00000105574	0	0	0	0	0.134	0	0	0.598	0.637
Terb2	4930447C04Rik	10090.ENSMUSP00000028661	10090.ENSMUSP00000035376	0	0	0	0	0.096	0	0	0.619	0.641
Terb2	Hormad1	10090.ENSMUSP00000028661	10090.ENSMUSP00000029754	0	0	0	0	0.168	0	0	0.644	0.691
Terb2	Spdya	10090.ENSMUSP00000028661	10090.ENSMUSP00000125912	0	0	0	0	0.054	0	0	0.772	0.775
Terb2	Majin	10090.ENSMUSP00000028661	10090.ENSMUSP00000109156	0	0	0	0	0.111	0.788	0	0.993	0.998
Terb2	Terb1	10090.ENSMUSP00000028661	10090.ENSMUSP00000067324	0	0	0	0	0.050	0.747	0	0.995	0.998
Tex11	Msh4	10090.ENSMUSP00000009814	10090.ENSMUSP00000005630	0	0	0	0	0.092	0	0	0.847	0.855
Tex11	Msh5	10090.ENSMUSP00000009814	10090.ENSMUSP00000007250	0	0	0	0	0.064	0	0	0.526	0.537
Tex11	Tex15	10090.ENSMUSP00000009814	10090.ENSMUSP00000009772	0	0	0	0	0.099	0	0	0.762	0.776
Tex11	Prdm9	10090.ENSMUSP00000009814	10090.ENSMUSP00000156841	0	0	0	0	0.042	0.044	0	0.463	0.466
Tex11	Syce3	10090.ENSMUSP00000009814	10090.ENSMUSP00000131766	0	0	0	0	0.071	0	0	0.455	0.472
Tex11	Syce2	10090.ENSMUSP00000009814	10090.ENSMUSP00000131438	0	0	0	0	0	0	0	0.475	0.475
Tex11	Gm960	10090.ENSMUSP00000009814	10090.ENSMUSP00000136515	0	0	0	0	0	0	0	0.481	0.481
Tex11	Spata22	10090.ENSMUSP00000009814	10090.ENSMUSP00000090602	0	0	0	0	0	0	0	0.497	0.497
Tex11	4930447C04Rik	10090.ENSMUSP00000009814	10090.ENSMUSP00000035376	0	0	0	0	0.115	0	0	0.464	0.506
Tex11	Tex12	10090.ENSMUSP00000009814	10090.ENSMUSP00000149921	0	0	0	0	0.061	0	0	0.519	0.529
Tex11	Terb1	10090.ENSMUSP00000009814	10090.ENSMUSP00000067324	0	0	0	0	0.057	0	0	0.526	0.534
Tex11	Mei1	10090.ENSMUSP00000009814	10090.ENSMUSP00000140479	0	0	0	0	0	0	0	0.537	0.537
Tex11	Rnf212b	10090.ENSMUSP00000009814	10090.ENSMUSP00000151344	0	0	0	0	0	0.070	0	0.608	0.620
Tex11	Ccnb1ip1	10090.ENSMUSP00000009814	10090.ENSMUSP00000093622	0	0	0	0	0.061	0	0	0.622	0.630
Tex11	Sycp3	10090.ENSMUSP00000009814	10090.ENSMUSP00000020252	0	0	0	0	0.073	0.044	0	0.649	0.661
Tex11	Sycp1	10090.ENSMUSP00000009814	10090.ENSMUSP00000029448	0	0	0	0	0.096	0.054	0	0.643	0.668
Tex11	Tex14	10090.ENSMUSP00000009814	10090.ENSMUSP00000054444	0	0	0	0	0.127	0.054	0	0.645	0.681
Tex11	Meiob	10090.ENSMUSP00000009814	10090.ENSMUSP00000024972	0	0	0	0	0	0	0	0.696	0.696
Tex11	Syce1	10090.ENSMUSP00000009814	10090.ENSMUSP00000026553	0	0	0	0	0.150	0	0	0.666	0.704
Tex11	Hormad2	10090.ENSMUSP00000009814	10090.ENSMUSP00000105574	0	0	0	0	0.116	0.088	0	0.716	0.751
Tex11	Spo11	10090.ENSMUSP00000009814	10090.ENSMUSP00000059056	0	0	0	0	0	0	0	0.758	0.758
Tex11	Hfm1	10090.ENSMUSP00000009814	10090.ENSMUSP00000108310	0	0	0	0	0.084	0.066	0	0.744	0.762
Tex11	Hormad1	10090.ENSMUSP00000009814	10090.ENSMUSP00000029754	0	0	0	0	0.172	0.088	0	0.716	0.767
Tex11	Rnf212	10090.ENSMUSP00000009814	10090.ENSMUSP00000148758	0	0	0	0	0	0.070	0	0.810	0.815
Tex11	Shoc1	10090.ENSMUSP00000009814	10090.ENSMUSP00000103171	0	0	0	0	0.083	0.292	0	0.792	0.853
Tex11	Sycp2	10090.ENSMUSP00000009814	10090.ENSMUSP00000079909	0	0	0	0	0.079	0.292	0	0.824	0.875
Tex12	Msh4	10090.ENSMUSP00000149921	10090.ENSMUSP00000005630	0	0	0	0	0.047	0	0	0.503	0.506
Tex12	Tex15	10090.ENSMUSP00000149921	10090.ENSMUSP00000009772	0	0	0	0	0.042	0	0	0.588	0.589
Tex12	Tex11	10090.ENSMUSP00000149921	10090.ENSMUSP00000009814	0	0	0	0	0.061	0	0	0.519	0.529
Tex12	Sycp3	10090.ENSMUSP00000149921	10090.ENSMUSP00000020252	0	0	0	0	0.115	0	0.500	0.902	0.953
Tex12	Meiob	10090.ENSMUSP00000149921	10090.ENSMUSP00000024972	0	0	0	0	0.079	0	0	0.482	0.503
Tex12	Syce1	10090.ENSMUSP00000149921	10090.ENSMUSP00000026553	0	0	0	0	0.079	0	0.800	0.987	0.997
Tex12	Terb2	10090.ENSMUSP00000149921	10090.ENSMUSP00000028661	0	0	0	0	0.149	0	0	0.365	0.437
Tex12	Sycp1	10090.ENSMUSP00000149921	10090.ENSMUSP00000029448	0	0	0	0	0.134	0	0.500	0.961	0.981
Tex12	Hormad1	10090.ENSMUSP00000149921	10090.ENSMUSP00000029754	0	0	0	0	0.154	0	0	0.787	0.812
Tex12	4930447C04Rik	10090.ENSMUSP00000149921	10090.ENSMUSP00000035376	0	0	0	0	0.049	0	0	0.905	0.905
Tex12	Spo11	10090.ENSMUSP00000149921	10090.ENSMUSP00000059056	0	0	0	0	0	0	0	0.652	0.652
Tex12	Ccdc36	10090.ENSMUSP00000149921	10090.ENSMUSP00000075898	0	0	0	0	0	0	0	0.438	0.438
Tex12	Sycp2	10090.ENSMUSP00000149921	10090.ENSMUSP00000079909	0	0	0	0	0.104	0	0.500	0.842	0.923
Tex12	Spata22	10090.ENSMUSP00000149921	10090.ENSMUSP00000090602	0	0	0	0	0	0	0	0.442	0.442
Tex12	Rec114	10090.ENSMUSP00000149921	10090.ENSMUSP00000096271	0	0	0	0	0.063	0	0	0.433	0.446
Tex12	Hormad2	10090.ENSMUSP00000149921	10090.ENSMUSP00000105574	0	0	0	0	0.079	0	0	0.645	0.659
Tex12	Majin	10090.ENSMUSP00000149921	10090.ENSMUSP00000109156	0	0	0	0	0.046	0	0	0.500	0.503
Tex12	Syce2	10090.ENSMUSP00000149921	10090.ENSMUSP00000131438	0	0	0	0	0	0.827	0.800	0.995	0.999
Tex12	Syce3	10090.ENSMUSP00000149921	10090.ENSMUSP00000131766	0	0	0	0	0.104	0	0.800	0.975	0.995
Tex12	Mei1	10090.ENSMUSP00000149921	10090.ENSMUSP00000140479	0	0	0	0	0	0	0	0.488	0.488
Tex12	Rnf212	10090.ENSMUSP00000149921	10090.ENSMUSP00000148758	0	0	0	0	0	0	0	0.442	0.442
Tex14	Tex15	10090.ENSMUSP00000054444	10090.ENSMUSP00000009772	0	0	0	0	0.066	0.094	0	0.604	0.635
Tex14	Tex11	10090.ENSMUSP00000054444	10090.ENSMUSP00000009814	0	0	0	0	0.127	0.054	0	0.645	0.681
Tex14	Sycp3	10090.ENSMUSP00000054444	10090.ENSMUSP00000020252	0	0	0	0	0.057	0.085	0	0.391	0.428
Tex14	Meiob	10090.ENSMUSP00000054444	10090.ENSMUSP00000024972	0	0	0	0	0.043	0.052	0	0.512	0.518
Tex14	Syce1	10090.ENSMUSP00000054444	10090.ENSMUSP00000026553	0	0	0	0	0.153	0	0	0.411	0.479
Tex14	Sycp1	10090.ENSMUSP00000054444	10090.ENSMUSP00000029448	0	0	0	0	0.102	0.097	0	0.389	0.461
Tex14	Shoc1	10090.ENSMUSP00000054444	10090.ENSMUSP00000103171	0	0	0	0	0.071	0	0	0.490	0.505
Tex15	Spata22	10090.ENSMUSP00000009772	10090.ENSMUSP00000090602	0	0	0	0	0	0	0	0.431	0.431
Tex15	Rnf212	10090.ENSMUSP00000009772	10090.ENSMUSP00000148758	0	0	0	0	0	0	0	0.431	0.431
Tex15	Ankrd31	10090.ENSMUSP00000009772	10090.ENSMUSP00000146720	0	0	0	0	0	0.098	0	0.413	0.448
Tex15	Hormad1	10090.ENSMUSP00000009772	10090.ENSMUSP00000029754	0	0	0	0	0.086	0	0	0.455	0.480
Tex15	Sycp3	10090.ENSMUSP00000009772	10090.ENSMUSP00000020252	0	0	0	0	0.057	0.054	0	0.519	0.533
Tex15	Hormad2	10090.ENSMUSP00000009772	10090.ENSMUSP00000105574	0	0	0	0	0	0	0	0.549	0.549
Tex15	Hsf2bp	10090.ENSMUSP00000009772	10090.ENSMUSP00000157466	0	0	0	0	0.044	0	0	0.554	0.555
Tex15	Sycp2	10090.ENSMUSP00000009772	10090.ENSMUSP00000079909	0	0	0	0	0.079	0	0	0.552	0.569
Tex15	Syce1	10090.ENSMUSP00000009772	10090.ENSMUSP00000026553	0	0	0	0	0.073	0	0	0.566	0.580
Tex15	Tex12	10090.ENSMUSP00000009772	10090.ENSMUSP00000149921	0	0	0	0	0.042	0	0	0.588	0.589
Tex15	Spo11	10090.ENSMUSP00000009772	10090.ENSMUSP00000059056	0	0	0	0	0	0	0	0.591	0.591
Tex15	Sycp1	10090.ENSMUSP00000009772	10090.ENSMUSP00000029448	0	0	0	0	0.057	0.079	0	0.576	0.599
Tex15	Mei1	10090.ENSMUSP00000009772	10090.ENSMUSP00000140479	0	0	0	0	0	0	0	0.600	0.600
Tex15	Tex14	10090.ENSMUSP00000009772	10090.ENSMUSP00000054444	0	0	0	0	0.066	0.094	0	0.604	0.635
Tex15	Meiob	10090.ENSMUSP00000009772	10090.ENSMUSP00000024972	0	0	0	0	0	0.066	0	0.665	0.674
Tex15	Tex11	10090.ENSMUSP00000009772	10090.ENSMUSP00000009814	0	0	0	0	0.099	0	0	0.762	0.776
